_ws.col.Time,frame.len,ip.src,tcp.srcport,ip.dst,tcp.dstport,tcp.len,tcp.seq_raw,tcp.ack_raw,tcp.options.timestamp.tsval,tcp.options.timestamp.tsecr
"20:35:33.340039","52","47.83.255.41","80","100.64.0.5","33196","0","1512569971","846000227","1543091405","3222233968"
"20:35:33.370125","1500","47.83.255.41","80","100.64.0.5","33196","1448","1512569971","846000227","1543091405","3222233968"
"20:35:33.400234","1500","47.83.255.41","80","100.64.0.5","33196","1448","1512571419","846000227","1543091405","3222233968"
"20:35:33.430376","1500","47.83.255.41","80","100.64.0.5","33196","1448","1512572867","846000227","1543091405","3222233968"
"20:35:33.460494","1500","47.83.255.41","80","100.64.0.5","33196","1448","1512574315","846000227","1543091405","3222233968"
"20:35:33.491600","1500","47.83.255.41","80","100.64.0.5","33196","1448","1512575763","846000227","1543091405","3222233968"
"20:35:33.521698","1500","47.83.255.41","80","100.64.0.5","33196","1448","1512577211","846000227","1543091405","3222233968"
"20:35:33.582279","1500","47.83.255.41","80","100.64.0.5","33196","1448","1512584451","846000227","1543091648","3222234211"
"20:35:33.612349","1500","47.83.255.41","80","100.64.0.5","33196","1448","1512585899","846000227","1543091678","3222234241"
"20:35:33.642443","1500","47.83.255.41","80","100.64.0.5","33196","1448","1512587347","846000227","1543091708","3222234271"
"20:35:33.673447","1500","47.83.255.41","80","100.64.0.5","33196","1448","1512588795","846000227","1543091739","3222234301"
"20:35:33.703623","1500","47.83.255.41","80","100.64.0.5","33196","1448","1512590243","846000227","1543091768","3222234332"
"20:35:33.733668","1500","47.83.255.41","80","100.64.0.5","33196","1448","1512591691","846000227","1543091799","3222234362"
"20:35:33.794195","1500","47.83.255.41","80","100.64.0.5","33196","1448","1512593139","846000227","1543091860","3222234423"
"20:35:33.824405","1500","47.83.255.41","80","100.64.0.5","33196","1448","1512594587","846000227","1543091890","3222234453"
"20:35:33.854419","1500","47.83.255.41","80","100.64.0.5","33196","1448","1512578659","846000227","1543091921","3222234483"
"20:35:33.885445","1500","47.83.255.41","80","100.64.0.5","33196","1448","1512596035","846000227","1543091951","3222234514"
"20:35:33.915549","1500","47.83.255.41","80","100.64.0.5","33196","1448","1512597483","846000227","1543091981","3222234544"
"20:35:33.945631","1500","47.83.255.41","80","100.64.0.5","33196","1448","1512598931","846000227","1543092011","3222234574"
"20:35:34.006247","1500","47.83.255.41","80","100.64.0.5","33196","1448","1512600379","846000227","1543092072","3222234635"
"20:35:34.036968","1500","47.83.255.41","80","100.64.0.5","33196","1448","1512601827","846000227","1543092102","3222234665"
"20:35:34.067409","1500","47.83.255.41","80","100.64.0.5","33196","1448","1512580107","846000227","1543092133","3222234695"
"20:35:34.097650","1500","47.83.255.41","80","100.64.0.5","33196","1448","1512603275","846000227","1543092140","3222234695"
"20:35:34.127718","1500","47.83.255.41","80","100.64.0.5","33196","1448","1512604723","846000227","1543092163","3222234726"
"20:35:34.157800","1500","47.83.255.41","80","100.64.0.5","33196","1448","1512606171","846000227","1543092193","3222234756"
"20:35:34.188890","1500","47.83.255.41","80","100.64.0.5","33196","1448","1512607619","846000227","1543092224","3222234786"
"20:35:34.218216","1500","47.83.255.41","80","100.64.0.5","33196","1448","1512609067","846000227","1543092283","3222234847"
"20:35:34.248614","1500","47.83.255.41","80","100.64.0.5","33196","1448","1512610515","846000227","1543092315","3222234878"
"20:35:34.279553","1500","47.83.255.41","80","100.64.0.5","33196","1448","1512581555","846000227","1543092345","3222234908"
"20:35:34.309644","1500","47.83.255.41","80","100.64.0.5","33196","1448","1512611963","846000227","1543092350","3222234908"
"20:35:34.339943","1500","47.83.255.41","80","100.64.0.5","33196","1448","1512613411","846000227","1543092375","3222234938"
"20:35:34.370971","1500","47.83.255.41","80","100.64.0.5","33196","1448","1512614859","846000227","1543092405","3222234968"
"20:35:34.400339","1500","47.83.255.41","80","100.64.0.5","33196","1448","1512616307","846000227","1543092436","3222234999"
"20:35:34.430379","1500","47.83.255.41","80","100.64.0.5","33196","1448","1512617755","846000227","1543092466","3222235030"
"20:35:34.460325","1500","47.83.255.41","80","100.64.0.5","33196","1448","1512619203","846000227","1543092496","3222235059"
"20:35:34.491729","1500","47.83.255.41","80","100.64.0.5","33196","1448","1512620651","846000227","1543092527","3222235089"
"20:35:34.521843","1500","47.83.255.41","80","100.64.0.5","33196","1448","1512583003","846000227","1543092557","3222235120"
"20:35:34.551096","1500","47.83.255.41","80","100.64.0.5","33196","1448","1512622099","846000227","1543092561","3222235120"
"20:35:34.582191","1500","47.83.255.41","80","100.64.0.5","33196","1448","1512623547","846000227","1543092586","3222235150"
"20:35:34.612154","1500","47.83.255.41","80","100.64.0.5","33196","1448","1512624995","846000227","1543092618","3222235181"
"20:35:34.642611","1500","47.83.255.41","80","100.64.0.5","33196","1448","1512626443","846000227","1543092648","3222235212"
"20:35:34.673853","1500","47.83.255.41","80","100.64.0.5","33196","1448","1512627891","846000227","1543092678","3222235241"
"20:35:34.703965","1500","47.83.255.41","80","100.64.0.5","33196","1448","1512629339","846000227","1543092708","3222235271"
"20:35:34.733914","1500","47.83.255.41","80","100.64.0.5","33196","1448","1512630787","846000227","1543092739","3222235301"
"20:35:34.763876","1500","47.83.255.41","80","100.64.0.5","33196","1448","1512632235","846000227","1543092768","3222235332"
"20:35:34.794355","1500","47.83.255.41","80","100.64.0.5","33196","1448","1512633683","846000227","1543092798","3222235363"
"20:35:34.824627","1500","47.83.255.41","80","100.64.0.5","33196","1448","1512635131","846000227","1543092798","3222235363"
"20:35:34.854850","1500","47.83.255.41","80","100.64.0.5","33196","1448","1512636579","846000227","1543092829","3222235392"
"20:35:34.885608","1500","47.83.255.41","80","100.64.0.5","33196","1448","1512638027","846000227","1543092859","3222235423"
"20:35:34.916016","1500","47.83.255.41","80","100.64.0.5","33196","1448","1512639475","846000227","1543092890","3222235453"
"20:35:34.945441","1500","47.83.255.41","80","100.64.0.5","33196","1448","1512640923","846000227","1543092920","3222235483"
"20:35:34.976396","1500","47.83.255.41","80","100.64.0.5","33196","1448","1512642371","846000227","1543092951","3222235515"
"20:35:35.006371","1500","47.83.255.41","80","100.64.0.5","33196","1448","1512643819","846000227","1543092981","3222235545"
"20:35:35.036518","1500","47.83.255.41","80","100.64.0.5","33196","1448","1512645267","846000227","1543093011","3222235575"
"20:35:35.067810","1500","47.83.255.41","80","100.64.0.5","33196","1448","1512646715","846000227","1543093042","3222235605"
"20:35:35.097159","1500","47.83.255.41","80","100.64.0.5","33196","1448","1512648163","846000227","1543093072","3222235635"
"20:35:35.127118","1500","47.83.255.41","80","100.64.0.5","33196","1448","1512649611","846000227","1543093102","3222235665"
"20:35:35.157248","1500","47.83.255.41","80","100.64.0.5","33196","1448","1512651059","846000227","1543093133","3222235696"
"20:35:35.188282","1500","47.83.255.41","80","100.64.0.5","33196","1448","1512652507","846000227","1543093162","3222235726"
"20:35:35.218919","1500","47.83.255.41","80","100.64.0.5","33196","1448","1512653955","846000227","1543093193","3222235757"
"20:35:35.248866","1500","47.83.255.41","80","100.64.0.5","33196","1448","1512655403","846000227","1543093224","3222235786"
"20:35:35.279963","1500","47.83.255.41","80","100.64.0.5","33196","1448","1512656851","846000227","1543093254","3222235817"
"20:35:35.309995","1500","47.83.255.41","80","100.64.0.5","33196","1448","1512658299","846000227","1543093284","3222235847"
"20:35:35.339148","1500","47.83.255.41","80","100.64.0.5","33196","1448","1512659747","846000227","1543093314","3222235877"
"20:35:35.370624","1500","47.83.255.41","80","100.64.0.5","33196","1448","1512661195","846000227","1543093344","3222235909"
"20:35:35.400663","1500","47.83.255.41","80","100.64.0.5","33196","1448","1512662643","846000227","1543093375","3222235938"
"20:35:35.430718","1500","47.83.255.41","80","100.64.0.5","33196","1448","1512664091","846000227","1543093405","3222235968"
"20:35:35.460832","1500","47.83.255.41","80","100.64.0.5","33196","1448","1512665539","846000227","1543093436","3222235998"
"20:35:35.492007","1500","47.83.255.41","80","100.64.0.5","33196","1448","1512666987","846000227","1543093466","3222236029"
"20:35:35.521410","1500","47.83.255.41","80","100.64.0.5","33196","1448","1512668435","846000227","1543093495","3222236060"
"20:35:35.551433","1500","47.83.255.41","80","100.64.0.5","33196","1448","1512669883","846000227","1543093527","3222236090"
"20:35:35.582599","1500","47.83.255.41","80","100.64.0.5","33196","1448","1512671331","846000227","1543093556","3222236121"
"20:35:35.612648","1500","47.83.255.41","80","100.64.0.5","33196","1448","1512672779","846000227","1543093587","3222236151"
"20:35:35.642797","1500","47.83.255.41","80","100.64.0.5","33196","1448","1512674227","846000227","1543093618","3222236180"
"20:35:35.673158","1500","47.83.255.41","80","100.64.0.5","33196","1448","1512675675","846000227","1543093648","3222236211"
"20:35:35.703242","1500","47.83.255.41","80","100.64.0.5","33196","1448","1512677123","846000227","1543093678","3222236241"
"20:35:35.733371","1500","47.83.255.41","80","100.64.0.5","33196","1448","1512678571","846000227","1543093707","3222236271"
"20:35:35.763533","1500","47.83.255.41","80","100.64.0.5","33196","1448","1512680019","846000227","1543093739","3222236302"
"20:35:35.794868","1500","47.83.255.41","80","100.64.0.5","33196","1448","1512681467","846000227","1543093769","3222236333"
"20:35:35.824941","1500","47.83.255.41","80","100.64.0.5","33196","1448","1512682915","846000227","1543093799","3222236362"
"20:35:35.855051","1500","47.83.255.41","80","100.64.0.5","33196","1448","1512684363","846000227","1543093830","3222236392"
"20:35:35.885215","1500","47.83.255.41","80","100.64.0.5","33196","1448","1512685811","846000227","1543093860","3222236423"
"20:35:35.916027","1500","47.83.255.41","80","100.64.0.5","33196","1448","1512687259","846000227","1543093889","3222236453"
"20:35:35.945618","1500","47.83.255.41","80","100.64.0.5","33196","1448","1512688707","846000227","1543093921","3222236484"
"20:35:35.976790","1500","47.83.255.41","80","100.64.0.5","33196","1448","1512690155","846000227","1543093951","3222236514"
"20:35:36.006866","1500","47.83.255.41","80","100.64.0.5","33196","1448","1512691603","846000227","1543093981","3222236544"
"20:35:36.036981","1500","47.83.255.41","80","100.64.0.5","33196","1448","1512693051","846000227","1543094011","3222236574"
"20:35:36.067788","1500","47.83.255.41","80","100.64.0.5","33196","1448","1512694499","846000227","1543094041","3222236604"
"20:35:36.097369","1500","47.83.255.41","80","100.64.0.5","33196","1448","1512695947","846000227","1543094072","3222236636"
"20:35:36.127558","1500","47.83.255.41","80","100.64.0.5","33196","1448","1512697395","846000227","1543094101","3222236666"
"20:35:36.157783","1500","47.83.255.41","80","100.64.0.5","33196","1448","1512698843","846000227","1543094133","3222236696"
"20:35:36.188826","1500","47.83.255.41","80","100.64.0.5","33196","1448","1512700291","846000227","1543094162","3222236726"
"20:35:36.218173","1500","47.83.255.41","80","100.64.0.5","33196","1448","1512701739","846000227","1543094193","3222236757"
"20:35:36.248316","1500","47.83.255.41","80","100.64.0.5","33196","1448","1512703187","846000227","1543094224","3222236786"
"20:35:36.279538","1500","47.83.255.41","80","100.64.0.5","33196","1448","1512704635","846000227","1543094253","3222236818"
"20:35:36.309635","1500","47.83.255.41","80","100.64.0.5","33196","1448","1512706083","846000227","1543094284","3222236848"
"20:35:36.339856","1500","47.83.255.41","80","100.64.0.5","33196","1448","1512707531","846000227","1543094315","3222236878"
"20:35:36.370944","1500","47.83.255.41","80","100.64.0.5","33196","1448","1512708979","846000227","1543094345","3222236909"
"20:35:36.400881","1500","47.83.255.41","80","100.64.0.5","33196","1448","1512710427","846000227","1543094375","3222236938"
"20:35:36.430363","1500","47.83.255.41","80","100.64.0.5","33196","1448","1512711875","846000227","1543094405","3222236968"
"20:35:36.460483","1500","47.83.255.41","80","100.64.0.5","33196","1448","1512713323","846000227","1543094435","3222236999"
"20:35:36.491709","1500","47.83.255.41","80","100.64.0.5","33196","1448","1512714771","846000227","1543094466","3222237030"
"20:35:36.551192","1500","47.83.255.41","80","100.64.0.5","33196","1448","1512716219","846000227","1543094496","3222237059"
"20:35:36.582214","1500","47.83.255.41","80","100.64.0.5","33196","1448","1512717667","846000227","1543094527","3222237089"
"20:35:36.612376","1500","47.83.255.41","80","100.64.0.5","33196","1448","1512719115","846000227","1543094557","3222237120"
"20:35:36.642476","1500","47.83.255.41","80","100.64.0.5","33196","1448","1512720563","846000227","1543094586","3222237150"
"20:35:36.673540","1500","47.83.255.41","80","100.64.0.5","33196","1448","1512722011","846000227","1543094618","3222237181"
"20:35:36.703624","1500","47.83.255.41","80","100.64.0.5","33196","1448","1512723459","846000227","1543094648","3222237212"
"20:35:36.733716","1500","47.83.255.41","80","100.64.0.5","33196","1448","1512724907","846000227","1543094678","3222237242"
"20:35:36.763204","1500","47.83.255.41","80","100.64.0.5","33196","1448","1512726355","846000227","1543094708","3222237271"
"20:35:36.794216","1500","47.83.255.41","80","100.64.0.5","33196","1448","1512727803","846000227","1543094739","3222237301"
"20:35:36.824335","1500","47.83.255.41","80","100.64.0.5","33196","1448","1512729251","846000227","1543094769","3222237332"
"20:35:36.854422","1500","47.83.255.41","80","100.64.0.5","33196","1448","1512730699","846000227","1543094830","3222237392"
"20:35:36.885914","1500","47.83.255.41","80","100.64.0.5","33196","1448","1512732147","846000227","1543094860","3222237423"
"20:35:36.915965","1500","47.83.255.41","80","100.64.0.5","33196","1448","1512733595","846000227","1543094890","3222237453"
"20:35:36.946011","1500","47.83.255.41","80","100.64.0.5","33196","1448","1512735043","846000227","1543094921","3222237483"
"20:35:36.976143","1500","47.83.255.41","80","100.64.0.5","33196","1448","1512736491","846000227","1543094951","3222237514"
"20:35:37.006336","1500","47.83.255.41","80","100.64.0.5","33196","1448","1512737939","846000227","1543094980","3222237544"
"20:35:37.036686","1500","47.83.255.41","80","100.64.0.5","33196","1448","1512739387","846000227","1543095011","3222237574"
"20:35:37.067797","1500","47.83.255.41","80","100.64.0.5","33196","1448","1512740835","846000227","1543095042","3222237604"
"20:35:37.097879","1500","47.83.255.41","80","100.64.0.5","33196","1448","1512742283","846000227","1543095072","3222237635"
"20:35:37.127961","1500","47.83.255.41","80","100.64.0.5","33196","1448","1512743731","846000227","1543095102","3222237665"
"20:35:37.157155","1500","47.83.255.41","80","100.64.0.5","33196","1448","1512745179","846000227","1543095132","3222237695"
"20:35:37.188492","1500","47.83.255.41","80","100.64.0.5","33196","1448","1512746627","846000227","1543095163","3222237727"
"20:35:37.218615","1500","47.83.255.41","80","100.64.0.5","33196","1448","1512748075","846000227","1543095192","3222237757"
"20:35:37.248825","1500","47.83.255.41","80","100.64.0.5","33196","1448","1512749523","846000227","1543095224","3222237787"
"20:35:37.279278","1500","47.83.255.41","80","100.64.0.5","33196","1448","1512750971","846000227","1543095254","3222237817"
"20:35:37.309481","1500","47.83.255.41","80","100.64.0.5","33196","1448","1512752419","846000227","1543095284","3222237847"
"20:35:37.339641","1500","47.83.255.41","80","100.64.0.5","33196","1448","1512753867","846000227","1543095315","3222237877"
"20:35:37.370475","1500","47.83.255.41","80","100.64.0.5","33196","1448","1512755315","846000227","1543095344","3222237909"
"20:35:37.400994","1500","47.83.255.41","80","100.64.0.5","33196","1448","1512756763","846000227","1543095375","3222237939"
"20:35:37.430212","1500","47.83.255.41","80","100.64.0.5","33196","1448","1512758211","846000227","1543095404","3222237969"
"20:35:37.460449","1500","47.83.255.41","80","100.64.0.5","33196","1448","1512759659","846000227","1543095436","3222237998"
"20:35:37.491309","1500","47.83.255.41","80","100.64.0.5","33196","1448","1512761107","846000227","1543095466","3222238029"
"20:35:37.521345","1500","47.83.255.41","80","100.64.0.5","33196","1448","1512762555","846000227","1543095496","3222238059"
"20:35:37.551796","1500","47.83.255.41","80","100.64.0.5","33196","1448","1512764003","846000227","1543095527","3222238090"
"20:35:37.582116","1500","47.83.255.41","80","100.64.0.5","33196","1448","1512765451","846000227","1543095557","3222238120"
"20:35:37.612154","1500","47.83.255.41","80","100.64.0.5","33196","1448","1512766899","846000227","1543095587","3222238150"
"20:35:37.642148","1500","47.83.255.41","80","100.64.0.5","33196","1448","1512768347","846000227","1543095618","3222238180"
"20:35:37.673230","1500","47.83.255.41","80","100.64.0.5","33196","1448","1512769795","846000227","1543095647","3222238211"
"20:35:37.703857","1500","47.83.255.41","80","100.64.0.5","33196","1448","1512771243","846000227","1543095678","3222238242"
"20:35:37.733924","1500","47.83.255.41","80","100.64.0.5","33196","1448","1512772691","846000227","1543095708","3222238271"
"20:35:37.763936","1500","47.83.255.41","80","100.64.0.5","33196","1448","1512774139","846000227","1543095739","3222238301"
"20:35:37.795047","1500","47.83.255.41","80","100.64.0.5","33196","1448","1512775587","846000227","1543095769","3222238332"
"20:35:37.824098","1500","47.83.255.41","80","100.64.0.5","33196","1448","1512777035","846000227","1543095798","3222238362"
"20:35:37.854670","1500","47.83.255.41","80","100.64.0.5","33196","1448","1512778483","846000227","1543095829","3222238393"
"20:35:37.885804","1500","47.83.255.41","80","100.64.0.5","33196","1448","1512779931","846000227","1543095859","3222238423"
"20:35:37.915710","1500","47.83.255.41","80","100.64.0.5","33196","1448","1512781379","846000227","1543095890","3222238453"
"20:35:37.945825","1500","47.83.255.41","80","100.64.0.5","33196","1448","1512782827","846000227","1543095921","3222238483"
"20:35:37.976898","1500","47.83.255.41","80","100.64.0.5","33196","1448","1512784275","846000227","1543095950","3222238514"
"20:35:38.006467","1500","47.83.255.41","80","100.64.0.5","33196","1448","1512785723","846000227","1543095981","3222238545"
"20:35:38.036490","1500","47.83.255.41","80","100.64.0.5","33196","1448","1512787171","846000227","1543096010","3222238575"
"20:35:38.067517","1500","47.83.255.41","80","100.64.0.5","33196","1448","1512788619","846000227","1543096042","3222238605"
"20:35:38.097613","1500","47.83.255.41","80","100.64.0.5","33196","1448","1512790067","846000227","1543096071","3222238636"
"20:35:38.127204","1500","47.83.255.41","80","100.64.0.5","33196","1448","1512791515","846000227","1543096102","3222238665"
"20:35:38.157146","1500","47.83.255.41","80","100.64.0.5","33196","1448","1512792963","846000227","1543096133","3222238695"
"20:35:38.188307","1500","47.83.255.41","80","100.64.0.5","33196","1448","1512794411","846000227","1543096163","3222238727"
"20:35:38.218355","1500","47.83.255.41","80","100.64.0.5","33196","1448","1512795859","846000227","1543096193","3222238756"
"20:35:38.248258","1500","47.83.255.41","80","100.64.0.5","33196","1448","1512797307","846000227","1543096224","3222238787"
"20:35:38.279834","1500","47.83.255.41","80","100.64.0.5","33196","1448","1512798755","846000227","1543096254","3222238818"
"20:35:38.309993","1500","47.83.255.41","80","100.64.0.5","33196","1448","1512800203","846000227","1543096284","3222238847"
"20:35:38.339084","1500","47.83.255.41","80","100.64.0.5","33196","1448","1512801651","846000227","1543096315","3222238877"
"20:35:38.370972","1500","47.83.255.41","80","100.64.0.5","33196","1448","1512803099","846000227","1543096345","3222238908"
"20:35:38.400087","1500","47.83.255.41","80","100.64.0.5","33196","1448","1512804547","846000227","1543096374","3222238938"
"20:35:38.430715","1500","47.83.255.41","80","100.64.0.5","33196","1448","1512805995","846000227","1543096405","3222238968"
"20:35:38.460842","1500","47.83.255.41","80","100.64.0.5","33196","1448","1512807443","846000227","1543096436","3222238998"
"20:35:38.491889","1500","47.83.255.41","80","100.64.0.5","33196","1448","1512808891","846000227","1543096466","3222239029"
"20:35:38.521739","1500","47.83.255.41","80","100.64.0.5","33196","1448","1512810339","846000227","1543096496","3222239059"
"20:35:38.551846","1500","47.83.255.41","80","100.64.0.5","33196","1448","1512811787","846000227","1543096527","3222239089"
"20:35:38.582455","1500","47.83.255.41","80","100.64.0.5","33196","1448","1512813235","846000227","1543096556","3222239121"
"20:35:38.612682","1500","47.83.255.41","80","100.64.0.5","33196","1448","1512814683","846000227","1543096586","3222239151"
"20:35:38.642446","1500","47.83.255.41","80","100.64.0.5","33196","1448","1512816131","846000227","1543096617","3222239180"
"20:35:38.673553","1500","47.83.255.41","80","100.64.0.5","33196","1448","1512817579","846000227","1543096647","3222239212"
"20:35:38.703173","1500","47.83.255.41","80","100.64.0.5","33196","1448","1512819027","846000227","1543096678","3222239241"
"20:35:38.733327","1500","47.83.255.41","80","100.64.0.5","33196","1448","1512820475","846000227","1543096708","3222239271"
"20:35:38.763190","1500","47.83.255.41","80","100.64.0.5","33196","1448","1512821923","846000227","1543096739","3222239302"
"20:35:38.794407","1500","47.83.255.41","80","100.64.0.5","33196","1448","1512823371","846000227","1543096769","3222239333"
"20:35:38.824946","1500","47.83.255.41","80","100.64.0.5","33196","1448","1512824819","846000227","1543096799","3222239362"
"20:35:38.854108","1500","47.83.255.41","80","100.64.0.5","33196","1448","1512826267","846000227","1543096830","3222239393"
"20:35:38.885894","1500","47.83.255.41","80","100.64.0.5","33196","1448","1512827715","846000227","1543096860","3222239423"
"20:35:38.916016","1500","47.83.255.41","80","100.64.0.5","33196","1448","1512829163","846000227","1543096890","3222239453"
"20:35:38.945193","1500","47.83.255.41","80","100.64.0.5","33196","1448","1512830611","846000227","1543096921","3222239483"
"20:35:38.976795","1500","47.83.255.41","80","100.64.0.5","33196","1448","1512832059","846000227","1543096951","3222239514"
"20:35:39.006993","1500","47.83.255.41","80","100.64.0.5","33196","1448","1512833507","846000227","1543096980","3222239544"
"20:35:39.036708","1500","47.83.255.41","80","100.64.0.5","33196","1448","1512834955","846000227","1543097011","3222239574"
"20:35:39.067864","1500","47.83.255.41","80","100.64.0.5","33196","1448","1512836403","846000227","1543097042","3222239604"
"20:35:39.097957","1500","47.83.255.41","80","100.64.0.5","33196","1448","1512837851","846000227","1543097071","3222239635"
"20:35:39.127610","1500","47.83.255.41","80","100.64.0.5","33196","1448","1512839299","846000227","1543097102","3222239666"
"20:35:39.157753","1500","47.83.255.41","80","100.64.0.5","33196","1448","1512840747","846000227","1543097132","3222239695"
"20:35:39.188491","1500","47.83.255.41","80","100.64.0.5","33196","1448","1512842195","846000227","1543097163","3222239727"
"20:35:39.218723","1500","47.83.255.41","80","100.64.0.5","33196","1448","1512843643","846000227","1543097193","3222239757"
"20:35:39.248775","1500","47.83.255.41","80","100.64.0.5","33196","1448","1512845091","846000227","1543097224","3222239786"
"20:35:39.279417","1500","47.83.255.41","80","100.64.0.5","33196","1448","1512846539","846000227","1543097253","3222239818"
"20:35:39.309207","1500","47.83.255.41","80","100.64.0.5","33196","1448","1512847987","846000227","1543097284","3222239848"
"20:35:39.339317","1500","47.83.255.41","80","100.64.0.5","33196","1448","1512849435","846000227","1543097314","3222239877"
"20:35:39.370529","1500","47.83.255.41","80","100.64.0.5","33196","1448","1512850883","846000227","1543097345","3222239909"
"20:35:39.400119","1500","47.83.255.41","80","100.64.0.5","33196","1448","1512852331","846000227","1543097375","3222239939"
"20:35:39.430961","1500","47.83.255.41","80","100.64.0.5","33196","1448","1512853779","846000227","1543097405","3222239968"
"20:35:39.460073","1500","47.83.255.41","80","100.64.0.5","33196","1448","1512855227","846000227","1543097436","3222239999"
"20:35:39.491131","1500","47.83.255.41","80","100.64.0.5","33196","1448","1512856675","846000227","1543097466","3222240029"
"20:35:39.521814","1500","47.83.255.41","80","100.64.0.5","33196","1448","1512858123","846000227","1543097496","3222240059"
"20:35:39.551988","1500","47.83.255.41","80","100.64.0.5","33196","1448","1512859571","846000227","1543097526","3222240090"
"20:35:39.582797","1500","47.83.255.41","80","100.64.0.5","33196","1448","1512861019","846000227","1543097557","3222240120"
"20:35:39.612915","1500","47.83.255.41","80","100.64.0.5","33196","1448","1512862467","846000227","1543097587","3222240150"
"20:35:39.642947","1500","47.83.255.41","80","100.64.0.5","33196","1448","1512863915","846000227","1543097617","3222240180"
"20:35:39.673639","1500","47.83.255.41","80","100.64.0.5","33196","1448","1512865363","846000227","1543097648","3222240211"
"20:35:39.703826","1500","47.83.255.41","80","100.64.0.5","33196","1448","1512866811","846000227","1543097677","3222240241"
"20:35:39.733609","1500","47.83.255.41","80","100.64.0.5","33196","1448","1512868259","846000227","1543097707","3222240272"
"20:35:39.763715","1500","47.83.255.41","80","100.64.0.5","33196","1448","1512869707","846000227","1543097739","3222240301"
"20:35:39.794787","1500","47.83.255.41","80","100.64.0.5","33196","1448","1512871155","846000227","1543097769","3222240332"
"20:35:39.824487","1500","47.83.255.41","80","100.64.0.5","33196","1448","1512872603","846000227","1543097798","3222240363"
"20:35:39.854364","1500","47.83.255.41","80","100.64.0.5","33196","1448","1512874051","846000227","1543097830","3222240393"
"20:35:39.885567","1500","47.83.255.41","80","100.64.0.5","33196","1448","1512875499","846000227","1543097859","3222240424"
"20:35:39.915478","1500","47.83.255.41","80","100.64.0.5","33196","1448","1512876947","846000227","1543097890","3222240454"
"20:35:39.945183","1500","47.83.255.41","80","100.64.0.5","33196","1448","1512878395","846000227","1543097921","3222240484"
"20:35:39.976091","1500","47.83.255.41","80","100.64.0.5","33196","1448","1512879843","846000227","1543097951","3222240514"
"20:35:40.006216","1500","47.83.255.41","80","100.64.0.5","33196","1448","1512881291","846000227","1543097981","3222240545"
"20:35:40.036219","1500","47.83.255.41","80","100.64.0.5","33196","1448","1512882739","846000227","1543098011","3222240574"
"20:35:40.067895","1500","47.83.255.41","80","100.64.0.5","33196","1448","1512884187","846000227","1543098042","3222240604"
"20:35:40.097806","1500","47.83.255.41","80","100.64.0.5","33196","1448","1512885635","846000227","1543098072","3222240636"
"20:35:40.128028","1500","47.83.255.41","80","100.64.0.5","33196","1448","1512887083","846000227","1543098102","3222240665"
"20:35:40.158038","1500","47.83.255.41","80","100.64.0.5","33196","1448","1512888531","846000227","1543098133","3222240695"
"20:35:40.189021","1500","47.83.255.41","80","100.64.0.5","33196","1448","1512889979","846000227","1543098162","3222240726"
"20:35:40.218527","1500","47.83.255.41","80","100.64.0.5","33196","1448","1512891427","846000227","1543098192","3222240756"
"20:35:40.248688","1500","47.83.255.41","80","100.64.0.5","33196","1448","1512892875","846000227","1543098224","3222240786"
"20:35:40.279880","1500","47.83.255.41","80","100.64.0.5","33196","1448","1512894323","846000227","1543098254","3222240817"
"20:35:40.309884","1500","47.83.255.41","80","100.64.0.5","33196","1448","1512895771","846000227","1543098284","3222240847"
"20:35:40.339780","1500","47.83.255.41","80","100.64.0.5","33196","1448","1512897219","846000227","1543098315","3222240877"
"20:35:40.370309","1500","47.83.255.41","80","100.64.0.5","33196","1448","1512898667","846000227","1543098345","3222240909"
"20:35:40.400427","1500","47.83.255.41","80","100.64.0.5","33196","1448","1512900115","846000227","1543098374","3222240939"
"20:35:40.430638","1500","47.83.255.41","80","100.64.0.5","33196","1448","1512901563","846000227","1543098404","3222240969"
"20:35:40.460492","1500","47.83.255.41","80","100.64.0.5","33196","1448","1512903011","846000227","1543098435","3222240999"
"20:35:40.491966","1500","47.83.255.41","80","100.64.0.5","33196","1448","1512904459","846000227","1543098466","3222241030"
"20:35:40.521129","1500","47.83.255.41","80","100.64.0.5","33196","1448","1512905907","846000227","1543098496","3222241059"
"20:35:40.551213","1500","47.83.255.41","80","100.64.0.5","33196","1448","1512907355","846000227","1543098527","3222241089"
"20:35:40.582288","1500","47.83.255.41","80","100.64.0.5","33196","1448","1512908803","846000227","1543098557","3222241121"
"20:35:40.612305","1500","47.83.255.41","80","100.64.0.5","33196","1448","1512910251","846000227","1543098587","3222241151"
"20:35:40.642705","1500","47.83.255.41","80","100.64.0.5","33196","1448","1512911699","846000227","1543098618","3222241181"
"20:35:40.673953","1500","47.83.255.41","80","100.64.0.5","33196","1448","1512913147","846000227","1543098648","3222241211"
"20:35:40.704070","1500","47.83.255.41","80","100.64.0.5","33196","1448","1512914595","846000227","1543098678","3222241241"
"20:35:40.733975","1500","47.83.255.41","80","100.64.0.5","33196","1448","1512916043","846000227","1543098708","3222241271"
"20:35:40.763098","1500","47.83.255.41","80","100.64.0.5","33196","1448","1512917491","846000227","1543098738","3222241301"
"20:35:40.794514","1500","47.83.255.41","80","100.64.0.5","33196","1448","1512918939","846000227","1543098769","3222241333"
"20:35:40.824705","1500","47.83.255.41","80","100.64.0.5","33196","1448","1512920387","846000227","1543098799","3222241362"
"20:35:40.855047","1500","47.83.255.41","80","100.64.0.5","33196","1448","1512921835","846000227","1543098830","3222241392"
"20:35:40.885779","1500","47.83.255.41","80","100.64.0.5","33196","1448","1512923283","846000227","1543098860","3222241423"
"20:35:40.915902","1500","47.83.255.41","80","100.64.0.5","33196","1448","1512924731","846000227","1543098890","3222241453"
"20:35:40.945197","1500","47.83.255.41","80","100.64.0.5","33196","1448","1512926179","846000227","1543098920","3222241483"
"20:35:40.976446","1500","47.83.255.41","80","100.64.0.5","33196","1448","1512927627","846000227","1543098952","3222241515"
"20:35:41.006882","1500","47.83.255.41","80","100.64.0.5","33196","1448","1512929075","846000227","1543098980","3222241545"
"20:35:41.036629","1500","47.83.255.41","80","100.64.0.5","33196","1448","1512930523","846000227","1543099010","3222241575"
"20:35:41.067971","1500","47.83.255.41","80","100.64.0.5","33196","1448","1512931971","846000227","1543099042","3222241604"
"20:35:41.097952","1500","47.83.255.41","80","100.64.0.5","33196","1448","1512933419","846000227","1543099072","3222241635"
"20:35:41.127282","1500","47.83.255.41","80","100.64.0.5","33196","1448","1512934867","846000227","1543099101","3222241665"
"20:35:41.157342","1500","47.83.255.41","80","100.64.0.5","33196","1448","1512936315","846000227","1543099133","3222241696"
"20:35:41.188419","1500","47.83.255.41","80","100.64.0.5","33196","1448","1512937763","846000227","1543099163","3222241727"
"20:35:41.218849","1500","47.83.255.41","80","100.64.0.5","33196","1448","1512939211","846000227","1543099193","3222241757"
"20:35:41.248755","1500","47.83.255.41","80","100.64.0.5","33196","1448","1512940659","846000227","1543099224","3222241786"
"20:35:41.279209","1500","47.83.255.41","80","100.64.0.5","33196","1448","1512942107","846000227","1543099254","3222241817"
"20:35:41.309150","1500","47.83.255.41","80","100.64.0.5","33196","1448","1512943555","846000227","1543099284","3222241848"
"20:35:41.339469","1500","47.83.255.41","80","100.64.0.5","33196","1448","1512945003","846000227","1543099314","3222241877"
"20:35:41.370706","1500","47.83.255.41","80","100.64.0.5","33196","1448","1512946451","846000227","1543099344","3222241909"
"20:35:41.400959","1500","47.83.255.41","80","100.64.0.5","33196","1448","1512947899","846000227","1543099375","3222241939"
"20:35:41.430142","1500","47.83.255.41","80","100.64.0.5","33196","1448","1512949347","846000227","1543099405","3222241968"
"20:35:41.460151","1500","47.83.255.41","80","100.64.0.5","33196","1448","1512950795","846000227","1543099436","3222241998"
"20:35:41.491313","1500","47.83.255.41","80","100.64.0.5","33196","1448","1512952243","846000227","1543099466","3222242029"
"20:35:41.521443","1500","47.83.255.41","80","100.64.0.5","33196","1448","1512953691","846000227","1543099495","3222242060"
"20:35:41.551872","1500","47.83.255.41","80","100.64.0.5","33196","1448","1512955139","846000227","1543099527","3222242090"
"20:35:41.582992","1500","47.83.255.41","80","100.64.0.5","33196","1448","1512956587","846000227","1543099557","3222242120"
"20:35:41.612143","1500","47.83.255.41","80","100.64.0.5","33196","1448","1512958035","846000227","1543099587","3222242150"
"20:35:41.642199","1500","47.83.255.41","80","100.64.0.5","33196","1448","1512959483","846000227","1543099618","3222242180"
"20:35:41.673327","1500","47.83.255.41","80","100.64.0.5","33196","1448","1512960931","846000227","1543099647","3222242211"
"20:35:41.703668","1500","47.83.255.41","80","100.64.0.5","33196","1448","1512962379","846000227","1543099678","3222242242"
"20:35:41.733860","1500","47.83.255.41","80","100.64.0.5","33196","1448","1512963827","846000227","1543099708","3222242271"
"20:35:41.764000","1500","47.83.255.41","80","100.64.0.5","33196","1448","1512965275","846000227","1543099739","3222242301"
"20:35:41.794103","1500","47.83.255.41","80","100.64.0.5","33196","1448","1512966723","846000227","1543099769","3222242332"
"20:35:41.824172","1500","47.83.255.41","80","100.64.0.5","33196","1448","1512968171","846000227","1543099798","3222242362"
"20:35:41.854267","1500","47.83.255.41","80","100.64.0.5","33196","1448","1512969619","846000227","1543099830","3222242393"
"20:35:41.885276","1500","47.83.255.41","80","100.64.0.5","33196","1448","1512971067","846000227","1543099860","3222242424"
"20:35:41.915370","1500","47.83.255.41","80","100.64.0.5","33196","1448","1512972515","846000227","1543099890","3222242453"
"20:35:41.945788","1500","47.83.255.41","80","100.64.0.5","33196","1448","1512973963","846000227","1543099951","3222242514"
"20:35:41.976874","1500","47.83.255.41","80","100.64.0.5","33196","1448","1512975411","846000227","1543099951","3222242514"
"20:35:42.006483","1500","47.83.255.41","80","100.64.0.5","33196","1448","1512976859","846000227","1543100011","3222242575"
"20:35:42.036579","1500","47.83.255.41","80","100.64.0.5","33196","1448","1512978307","846000227","1543100011","3222242575"
"20:35:42.067365","1500","47.83.255.41","80","100.64.0.5","33196","1448","1512979755","846000227","1543100072","3222242635"
"20:35:42.097454","1500","47.83.255.41","80","100.64.0.5","33196","1448","1512981203","846000227","1543100072","3222242635"
"20:35:42.127406","1500","47.83.255.41","80","100.64.0.5","33196","1448","1512982651","846000227","1543100133","3222242695"
"20:35:42.157491","1500","47.83.255.41","80","100.64.0.5","33196","1448","1512984099","846000227","1543100133","3222242695"
"20:35:42.188833","1500","47.83.255.41","80","100.64.0.5","33196","1448","1512985547","846000227","1543100193","3222242756"
"20:35:42.218920","1500","47.83.255.41","80","100.64.0.5","33196","1448","1512986995","846000227","1543100193","3222242756"
"20:35:42.248511","1500","47.83.255.41","80","100.64.0.5","33196","1448","1512989891","846000227","1543100254","3222242818"
"20:35:42.279611","1500","47.83.255.41","80","100.64.0.5","33196","1448","1512988443","846000227","1543100254","3222242818"
"20:35:42.309453","1500","47.83.255.41","80","100.64.0.5","33196","1448","1512991339","846000227","1543100315","3222242877"
"20:35:42.339537","1500","47.83.255.41","80","100.64.0.5","33196","1448","1512992787","846000227","1543100315","3222242877"
"20:35:42.370391","1500","47.83.255.41","80","100.64.0.5","33196","1448","1512995683","846000227","1543100375","3222242938"
"20:35:42.400484","1500","47.83.255.41","80","100.64.0.5","33196","1448","1512994235","846000227","1543100375","3222242938"
"20:35:42.430513","1500","47.83.255.41","80","100.64.0.5","33196","1448","1512997131","846000227","1543100436","3222242998"
"20:35:42.460532","1500","47.83.255.41","80","100.64.0.5","33196","1448","1512998579","846000227","1543100436","3222242998"
"20:35:42.491617","1500","47.83.255.41","80","100.64.0.5","33196","1448","1513001475","846000227","1543100496","3222243060"
"20:35:42.521713","1500","47.83.255.41","80","100.64.0.5","33196","1448","1513000027","846000227","1543100496","3222243060"
"20:35:42.551361","1500","47.83.255.41","80","100.64.0.5","33196","1448","1513002923","846000227","1543100527","3222243089"
"20:35:42.582448","1500","47.83.255.41","80","100.64.0.5","33196","1448","1513004371","846000227","1543100557","3222243120"
"20:35:42.612531","1500","47.83.255.41","80","100.64.0.5","33196","1448","1513005819","846000227","1543100618","3222243180"
"20:35:42.642619","1500","47.83.255.41","80","100.64.0.5","33196","1448","1513007267","846000227","1543100618","3222243180"
"20:35:42.673605","1500","47.83.255.41","80","100.64.0.5","33196","1448","1513008715","846000227","1543100648","3222243211"
"20:35:42.703686","1500","47.83.255.41","80","100.64.0.5","33196","1448","1513010163","846000227","1543100678","3222243241"
"20:35:42.733774","1500","47.83.255.41","80","100.64.0.5","33196","1448","1513011611","846000227","1543100739","3222243301"
"20:35:42.763878","1500","47.83.255.41","80","100.64.0.5","33196","1448","1513013059","846000227","1543100739","3222243301"
"20:35:42.794331","1500","47.83.255.41","80","100.64.0.5","33196","1448","1513014507","846000227","1543100769","3222243332"
"20:35:42.824418","1500","47.83.255.41","80","100.64.0.5","33196","1448","1513015955","846000227","1543100798","3222243362"
"20:35:42.854519","1500","47.83.255.41","80","100.64.0.5","33196","1448","1513018851","846000227","1543100860","3222243423"
"20:35:42.885645","1500","47.83.255.41","80","100.64.0.5","33196","1448","1513017403","846000227","1543100860","3222243423"
"20:35:42.915607","1500","47.83.255.41","80","100.64.0.5","33196","1448","1513020299","846000227","1543100921","3222243483"
"20:35:42.945697","1500","47.83.255.41","80","100.64.0.5","33196","1448","1513021747","846000227","1543100921","3222243483"
"20:35:42.976837","1500","47.83.255.41","80","100.64.0.5","33196","1448","1513023195","846000227","1543100981","3222243544"
"20:35:43.006941","1500","47.83.255.41","80","100.64.0.5","33196","1448","1513024643","846000227","1543100981","3222243544"
"20:35:43.036425","1500","47.83.255.41","80","100.64.0.5","33196","1448","1513026091","846000227","1543101042","3222243605"
"20:35:43.067503","1500","47.83.255.41","80","100.64.0.5","33196","1448","1513027539","846000227","1543101042","3222243605"
"20:35:43.097605","1500","47.83.255.41","80","100.64.0.5","33196","1448","1513028987","846000227","1543101102","3222243665"
"20:35:43.127699","1500","47.83.255.41","80","100.64.0.5","33196","1448","1513030435","846000227","1543101102","3222243665"
"20:35:43.127725","702","47.83.255.41","80","100.64.0.5","33196","650","1513031883","846000227","1543101133","3222243695"
"20:35:43.339120","52","47.83.255.41","80","100.64.0.5","33196","0","1513032533","846000374","1543101405","3222243970"
"20:35:43.370216","1500","47.83.255.41","80","100.64.0.5","33196","1448","1513032533","846000374","1543101405","3222243970"
"20:35:43.400398","1500","47.83.255.41","80","100.64.0.5","33196","1448","1513033981","846000374","1543101405","3222243970"
"20:35:43.430995","1500","47.83.255.41","80","100.64.0.5","33196","1448","1513035429","846000374","1543101455","3222243970"
"20:35:43.460084","1500","47.83.255.41","80","100.64.0.5","33196","1448","1513036877","846000374","1543101455","3222243970"
"20:35:43.491604","1500","47.83.255.41","80","100.64.0.5","33196","1448","1513038325","846000374","1543101506","3222243970"
"20:35:43.521695","1500","47.83.255.41","80","100.64.0.5","33196","1448","1513039773","846000374","1543101506","3222243970"
"20:35:43.551716","1500","47.83.255.41","80","100.64.0.5","33196","1448","1513041221","846000374","1543101556","3222243970"
"20:35:43.582801","1500","47.83.255.41","80","100.64.0.5","33196","1448","1513042669","846000374","1543101556","3222243970"
"20:35:43.612988","1500","47.83.255.41","80","100.64.0.5","33196","1448","1513044117","846000374","1543101607","3222243970"
"20:35:43.642076","1500","47.83.255.41","80","100.64.0.5","33196","1448","1513045565","846000374","1543101607","3222243970"
"20:35:43.674018","1500","47.83.255.41","80","100.64.0.5","33196","1448","1513047013","846000374","1543101678","3222244241"
"20:35:43.703107","1500","47.83.255.41","80","100.64.0.5","33196","1448","1513048461","846000374","1543101678","3222244241"
"20:35:43.733563","1500","47.83.255.41","80","100.64.0.5","33196","1448","1513049909","846000374","1543101738","3222244301"
"20:35:43.763649","1500","47.83.255.41","80","100.64.0.5","33196","1448","1513051357","846000374","1543101738","3222244301"
"20:35:43.794753","1500","47.83.255.41","80","100.64.0.5","33196","1448","1513052805","846000374","1543101799","3222244362"
"20:35:43.824851","1500","47.83.255.41","80","100.64.0.5","33196","1448","1513054253","846000374","1543101799","3222244362"
"20:35:43.854988","1500","47.83.255.41","80","100.64.0.5","33196","1448","1513055701","846000374","1543101860","3222244424"
"20:35:43.885080","1500","47.83.255.41","80","100.64.0.5","33196","1448","1513057149","846000374","1543101860","3222244424"
"20:35:43.915964","1500","47.83.255.41","80","100.64.0.5","33196","1448","1513058597","846000374","1543101920","3222244483"
"20:35:43.946047","1500","47.83.255.41","80","100.64.0.5","33196","1448","1513060045","846000374","1543101920","3222244483"
"20:35:43.976624","1500","47.83.255.41","80","100.64.0.5","33196","1448","1513061493","846000374","1543101980","3222244544"
"20:35:44.006704","1500","47.83.255.41","80","100.64.0.5","33196","1448","1513062941","846000374","1543101980","3222244544"
"20:35:44.036734","1500","47.83.255.41","80","100.64.0.5","33196","1448","1513064389","846000374","1543102042","3222244604"
"20:35:44.067821","1500","47.83.255.41","80","100.64.0.5","33196","1448","1513065837","846000374","1543102042","3222244604"
"20:35:44.097953","1500","47.83.255.41","80","100.64.0.5","33196","1448","1513067285","846000374","1543102102","3222244666"
"20:35:44.128048","1500","47.83.255.41","80","100.64.0.5","33196","1448","1513068733","846000374","1543102102","3222244666"
"20:35:44.157875","1500","47.83.255.41","80","100.64.0.5","33196","1448","1513070181","846000374","1543102162","3222244726"
"20:35:44.188959","1500","47.83.255.41","80","100.64.0.5","33196","1448","1513071629","846000374","1543102162","3222244726"
"20:35:44.218619","1500","47.83.255.41","80","100.64.0.5","33196","1448","1513073077","846000374","1543102223","3222244787"
"20:35:44.248706","1500","47.83.255.41","80","100.64.0.5","33196","1448","1513074525","846000374","1543102223","3222244787"
"20:35:44.279798","1500","47.83.255.41","80","100.64.0.5","33196","1448","1513075973","846000374","1543102284","3222244847"
"20:35:44.309904","1500","47.83.255.41","80","100.64.0.5","33196","1448","1513077421","846000374","1543102284","3222244847"
"20:35:44.340000","1500","47.83.255.41","80","100.64.0.5","33196","1448","1513080317","846000374","1543102345","3222244909"
"20:35:44.370114","1500","47.83.255.41","80","100.64.0.5","33196","1448","1513078869","846000374","1543102345","3222244909"
"20:35:44.400837","1500","47.83.255.41","80","100.64.0.5","33196","1448","1513081765","846000374","1543102404","3222244969"
"20:35:44.430924","1500","47.83.255.41","80","100.64.0.5","33196","1448","1513083213","846000374","1543102404","3222244969"
"20:35:44.460571","1500","47.83.255.41","80","100.64.0.5","33196","1448","1513084661","846000374","1543102465","3222245030"
"20:35:44.491674","1500","47.83.255.41","80","100.64.0.5","33196","1448","1513086109","846000374","1543102465","3222245030"
"20:35:44.522005","1500","47.83.255.41","80","100.64.0.5","33196","1448","1513087557","846000374","1543102527","3222245089"
"20:35:44.552052","1500","47.83.255.41","80","100.64.0.5","33196","1448","1513089005","846000374","1543102527","3222245089"
"20:35:44.582173","1500","47.83.255.41","80","100.64.0.5","33196","1448","1513090453","846000374","1543102587","3222245151"
"20:35:44.612269","1500","47.83.255.41","80","100.64.0.5","33196","1448","1513091901","846000374","1543102587","3222245151"
"20:35:44.642811","1500","47.83.255.41","80","100.64.0.5","33196","1448","1513093349","846000374","1543102618","3222245181"
"20:35:44.673892","1500","47.83.255.41","80","100.64.0.5","33196","1448","1513094797","846000374","1543102648","3222245211"
"20:35:44.703443","1500","47.83.255.41","80","100.64.0.5","33196","1448","1513097693","846000374","1543102708","3222245272"
"20:35:44.733534","1500","47.83.255.41","80","100.64.0.5","33196","1448","1513096245","846000374","1543102708","3222245272"
"20:35:44.763903","1500","47.83.255.41","80","100.64.0.5","33196","1448","1513099141","846000374","1543102769","3222245332"
"20:35:44.794983","1500","47.83.255.41","80","100.64.0.5","33196","1448","1513102037","846000374","1543102829","3222245393"
"20:35:44.825050","1500","47.83.255.41","80","100.64.0.5","33196","1448","1513100589","846000374","1543102829","3222245393"
"20:35:44.854171","1500","47.83.255.41","80","100.64.0.5","33196","1448","1513103485","846000374","1543102890","3222245453"
"20:35:44.885461","1500","47.83.255.41","80","100.64.0.5","33196","1448","1513104933","846000374","1543102890","3222245453"
"20:35:44.915559","1500","47.83.255.41","80","100.64.0.5","33196","1448","1513106381","846000374","1543102951","3222245515"
"20:35:44.945670","1500","47.83.255.41","80","100.64.0.5","33196","1448","1513107829","846000374","1543102951","3222245515"
"20:35:44.976770","1500","47.83.255.41","80","100.64.0.5","33196","1448","1513109277","846000374","1543102981","3222245544"
"20:35:45.006974","1500","47.83.255.41","80","100.64.0.5","33196","1448","1513110725","846000374","1543102981","3222245544"
"20:35:45.037065","1500","47.83.255.41","80","100.64.0.5","33196","1448","1513112173","846000374","1543103071","3222245636"
"20:35:45.067167","1500","47.83.255.41","80","100.64.0.5","33196","1448","1513113621","846000374","1543103071","3222245636"
"20:35:45.097354","1500","47.83.255.41","80","100.64.0.5","33196","1448","1513116517","846000374","1543103102","3222245666"
"20:35:45.127855","1500","47.83.255.41","80","100.64.0.5","33196","1448","1513115069","846000374","1543103102","3222245666"
"20:35:45.157595","1500","47.83.255.41","80","100.64.0.5","33196","1448","1513117965","846000374","1543103163","3222245726"
"20:35:45.188681","1500","47.83.255.41","80","100.64.0.5","33196","1448","1513119413","846000374","1543103163","3222245726"
"20:35:45.218889","1500","47.83.255.41","80","100.64.0.5","33196","1448","1513120861","846000374","1543103224","3222245786"
"20:35:45.248944","1500","47.83.255.41","80","100.64.0.5","33196","1448","1513122309","846000374","1543103224","3222245786"
"20:35:45.279711","1500","47.83.255.41","80","100.64.0.5","33196","1448","1513123757","846000374","1543103283","3222245848"
"20:35:45.309707","1500","47.83.255.41","80","100.64.0.5","33196","1448","1513125205","846000374","1543103283","3222245848"
"20:35:45.339807","1500","47.83.255.41","80","100.64.0.5","33196","1448","1513126653","846000374","1543103345","3222245908"
"20:35:45.370913","1500","47.83.255.41","80","100.64.0.5","33196","1448","1513128101","846000374","1543103345","3222245908"
"20:35:45.400561","1500","47.83.255.41","80","100.64.0.5","33196","1448","1513129549","846000374","1543103374","3222245938"
"20:35:45.430650","1500","47.83.255.41","80","100.64.0.5","33196","1448","1513130997","846000374","1543103405","3222245969"
"20:35:45.460752","1500","47.83.255.41","80","100.64.0.5","33196","1448","1513133893","846000374","1543103466","3222246029"
"20:35:45.491874","1500","47.83.255.41","80","100.64.0.5","33196","1448","1513132445","846000374","1543103466","3222246029"
"20:35:45.521453","1500","47.83.255.41","80","100.64.0.5","33196","1448","1513135341","846000374","1543103527","3222246090"
"20:35:45.551540","1500","47.83.255.41","80","100.64.0.5","33196","1448","1513136789","846000374","1543103527","3222246090"
"20:35:45.582908","1500","47.83.255.41","80","100.64.0.5","33196","1448","1513138237","846000374","1543103587","3222246150"
"20:35:45.612996","1500","47.83.255.41","80","100.64.0.5","33196","1448","1513139685","846000374","1543103587","3222246150"
"20:35:45.642766","1500","47.83.255.41","80","100.64.0.5","33196","1448","1513141133","846000374","1543103648","3222246212"
"20:35:45.673816","1500","47.83.255.41","80","100.64.0.5","33196","1448","1513142581","846000374","1543103648","3222246212"
"20:35:45.703918","1500","47.83.255.41","80","100.64.0.5","33196","1448","1513144029","846000374","1543103707","3222246271"
"20:35:45.734000","1500","47.83.255.41","80","100.64.0.5","33196","1448","1513145477","846000374","1543103707","3222246271"
"20:35:45.763374","1500","47.83.255.41","80","100.64.0.5","33196","1448","1513146925","846000374","1543103739","3222246302"
"20:35:45.794452","1500","47.83.255.41","80","100.64.0.5","33196","1448","1513148373","846000374","1543103769","3222246333"
"20:35:45.824829","1500","47.83.255.41","80","100.64.0.5","33196","1448","1513149821","846000374","1543103830","3222246392"
"20:35:45.854921","1500","47.83.255.41","80","100.64.0.5","33196","1448","1513151269","846000374","1543103830","3222246392"
"20:35:45.885758","1500","47.83.255.41","80","100.64.0.5","33196","1448","1513152717","846000374","1543103889","3222246454"
"20:35:45.915846","1500","47.83.255.41","80","100.64.0.5","33196","1448","1513154165","846000374","1543103889","3222246454"
"20:35:45.945968","1500","47.83.255.41","80","100.64.0.5","33196","1448","1513155613","846000374","1543103951","3222246515"
"20:35:45.977054","1500","47.83.255.41","80","100.64.0.5","33196","1448","1513157061","846000374","1543103951","3222246515"
"20:35:46.006287","1500","47.83.255.41","80","100.64.0.5","33196","1448","1513158509","846000374","1543104010","3222246575"
"20:35:46.036366","1500","47.83.255.41","80","100.64.0.5","33196","1448","1513159957","846000374","1543104010","3222246575"
"20:35:46.067812","1500","47.83.255.41","80","100.64.0.5","33196","1448","1513161405","846000374","1543104072","3222246635"
"20:35:46.097905","1500","47.83.255.41","80","100.64.0.5","33196","1448","1513162853","846000374","1543104072","3222246635"
"20:35:46.127701","1500","47.83.255.41","80","100.64.0.5","33196","1448","1513164301","846000374","1543104133","3222246696"
"20:35:46.157782","1500","47.83.255.41","80","100.64.0.5","33196","1448","1513165749","846000374","1543104133","3222246696"
"20:35:46.188948","1500","47.83.255.41","80","100.64.0.5","33196","1448","1513167197","846000374","1543104193","3222246757"
"20:35:46.218996","1500","47.83.255.41","80","100.64.0.5","33196","1448","1513168645","846000374","1543104193","3222246757"
"20:35:46.248195","1500","47.83.255.41","80","100.64.0.5","33196","1448","1513170093","846000374","1543104253","3222246818"
"20:35:46.279280","1500","47.83.255.41","80","100.64.0.5","33196","1448","1513171541","846000374","1543104253","3222246818"
"20:35:46.309747","1500","47.83.255.41","80","100.64.0.5","33196","1448","1513172989","846000374","1543104315","3222246877"
"20:35:46.339828","1500","47.83.255.41","80","100.64.0.5","33196","1448","1513174437","846000374","1543104315","3222246877"
"20:35:46.370625","1500","47.83.255.41","80","100.64.0.5","33196","1448","1513175885","846000374","1543104375","3222246939"
"20:35:46.400711","1500","47.83.255.41","80","100.64.0.5","33196","1448","1513177333","846000374","1543104375","3222246939"
"20:35:46.431059","1500","47.83.255.41","80","100.64.0.5","33196","1448","1513178781","846000374","1543104436","3222246999"
"20:35:46.460142","1500","47.83.255.41","80","100.64.0.5","33196","1448","1513180229","846000374","1543104436","3222246999"
"20:35:46.491158","1500","47.83.255.41","80","100.64.0.5","33196","1448","1513181677","846000374","1543104495","3222247060"
"20:35:46.521246","1500","47.83.255.41","80","100.64.0.5","33196","1448","1513183125","846000374","1543104495","3222247060"
"20:35:46.551647","1500","47.83.255.41","80","100.64.0.5","33196","1448","1513184573","846000374","1543104557","3222247120"
"20:35:46.582736","1500","47.83.255.41","80","100.64.0.5","33196","1448","1513186021","846000374","1543104557","3222247120"
"20:35:46.612616","1500","47.83.255.41","80","100.64.0.5","33196","1448","1513188917","846000374","1543104618","3222247181"
"20:35:46.642704","1500","47.83.255.41","80","100.64.0.5","33196","1448","1513187469","846000374","1543104618","3222247181"
"20:35:46.674009","1500","47.83.255.41","80","100.64.0.5","33196","1448","1513190365","846000374","1543104678","3222247241"
"20:35:46.703095","1500","47.83.255.41","80","100.64.0.5","33196","1448","1513191813","846000374","1543104678","3222247241"
"20:35:46.733231","1500","47.83.255.41","80","100.64.0.5","33196","1448","1513193261","846000374","1543104739","3222247301"
"20:35:46.763329","1500","47.83.255.41","80","100.64.0.5","33196","1448","1513194709","846000374","1543104739","3222247301"
"20:35:46.794681","1500","47.83.255.41","80","100.64.0.5","33196","1448","1513196157","846000374","1543104799","3222247362"
"20:35:46.824628","1500","47.83.255.41","80","100.64.0.5","33196","1448","1513197605","846000374","1543104799","3222247362"
"20:35:46.854757","1500","47.83.255.41","80","100.64.0.5","33196","1448","1513199053","846000374","1543104860","3222247423"
"20:35:46.885865","1500","47.83.255.41","80","100.64.0.5","33196","1448","1513200501","846000374","1543104860","3222247423"
"20:35:46.915992","1500","47.83.255.41","80","100.64.0.5","33196","1448","1513201949","846000374","1543104890","3222247453"
"20:35:46.945086","1500","47.83.255.41","80","100.64.0.5","33196","1448","1513203397","846000374","1543104921","3222247483"
"20:35:46.976188","1500","47.83.255.41","80","100.64.0.5","33196","1448","1513204845","846000374","1543104980","3222247544"
"20:35:47.006288","1500","47.83.255.41","80","100.64.0.5","33196","1448","1513206293","846000374","1543104980","3222247544"
"20:35:47.036455","1500","47.83.255.41","80","100.64.0.5","33196","1448","1513207741","846000374","1543105042","3222247604"
"20:35:47.067512","1500","47.83.255.41","80","100.64.0.5","33196","1448","1513209189","846000374","1543105042","3222247604"
"20:35:47.097732","1500","47.83.255.41","80","100.64.0.5","33196","1448","1513210637","846000374","1543105102","3222247665"
"20:35:47.127813","1500","47.83.255.41","80","100.64.0.5","33196","1448","1513212085","846000374","1543105102","3222247665"
"20:35:47.158020","1500","47.83.255.41","80","100.64.0.5","33196","1448","1513213533","846000374","1543105163","3222247727"
"20:35:47.188109","1500","47.83.255.41","80","100.64.0.5","33196","1448","1513214981","846000374","1543105163","3222247727"
"20:35:47.218147","1500","47.83.255.41","80","100.64.0.5","33196","1448","1513216429","846000374","1543105224","3222247786"
"20:35:47.248227","1500","47.83.255.41","80","100.64.0.5","33196","1448","1513217877","846000374","1543105224","3222247786"
"20:35:47.279426","1500","47.83.255.41","80","100.64.0.5","33196","1448","1513219325","846000374","1543105284","3222247847"
"20:35:47.309509","1500","47.83.255.41","80","100.64.0.5","33196","1448","1513220773","846000374","1543105284","3222247847"
"20:35:47.339700","1500","47.83.255.41","80","100.64.0.5","33196","1448","1513222221","846000374","1543105345","3222247908"
"20:35:47.370742","1500","47.83.255.41","80","100.64.0.5","33196","1448","1513223669","846000374","1543105345","3222247908"
"20:35:47.400979","1500","47.83.255.41","80","100.64.0.5","33196","1448","1513225117","846000374","1543105405","3222247969"
"20:35:47.431063","1500","47.83.255.41","80","100.64.0.5","33196","1448","1513226565","846000374","1543105405","3222247969"
"20:35:47.461041","1500","47.83.255.41","80","100.64.0.5","33196","1448","1513228013","846000374","1543105465","3222248029"
"20:35:47.491130","1500","47.83.255.41","80","100.64.0.5","33196","1448","1513229461","846000374","1543105465","3222248029"
"20:35:47.521413","1500","47.83.255.41","80","100.64.0.5","33196","1448","1513230909","846000374","1543105527","3222248089"
"20:35:47.551500","1500","47.83.255.41","80","100.64.0.5","33196","1448","1513232357","846000374","1543105527","3222248089"
"20:35:47.582614","1500","47.83.255.41","80","100.64.0.5","33196","1448","1513233805","846000374","1543105587","3222248150"
"20:35:47.612706","1500","47.83.255.41","80","100.64.0.5","33196","1448","1513235253","846000374","1543105587","3222248150"
"20:35:47.642119","1500","47.83.255.41","80","100.64.0.5","33196","1448","1513236701","846000374","1543105648","3222248211"
"20:35:47.673207","1500","47.83.255.41","80","100.64.0.5","33196","1448","1513238149","846000374","1543105648","3222248211"
"20:35:47.704040","1500","47.83.255.41","80","100.64.0.5","33196","1448","1513241045","846000374","1543105707","3222248272"
"20:35:47.733128","1500","47.83.255.41","80","100.64.0.5","33196","1448","1513239597","846000374","1543105707","3222248272"
"20:35:47.763357","1500","47.83.255.41","80","100.64.0.5","33196","1448","1513242493","846000374","1543105769","3222248332"
"20:35:47.794436","1500","47.83.255.41","80","100.64.0.5","33196","1448","1513243941","846000374","1543105769","3222248332"
"20:35:47.824495","1500","47.83.255.41","80","100.64.0.5","33196","1448","1513245389","846000374","1543105830","3222248392"
"20:35:47.854751","1500","47.83.255.41","80","100.64.0.5","33196","1448","1513246837","846000374","1543105830","3222248392"
"20:35:47.886031","1500","47.83.255.41","80","100.64.0.5","33196","1448","1513249733","846000374","1543105890","3222248453"
"20:35:47.915505","1500","47.83.255.41","80","100.64.0.5","33196","1448","1513248285","846000374","1543105890","3222248453"
"20:35:47.945574","1500","47.83.255.41","80","100.64.0.5","33196","1448","1513251181","846000374","1543105950","3222248514"
"20:35:47.976370","1500","47.83.255.41","80","100.64.0.5","33196","1448","1513252629","846000374","1543105950","3222248514"
"20:35:48.006749","1500","47.83.255.41","80","100.64.0.5","33196","1448","1513254077","846000374","1543105981","3222248545"
"20:35:48.036834","1500","47.83.255.41","80","100.64.0.5","33196","1448","1513255525","846000374","1543106011","3222248574"
"20:35:48.067944","1500","47.83.255.41","80","100.64.0.5","33196","1448","1513256973","846000374","1543106071","3222248635"
"20:35:48.097206","1500","47.83.255.41","80","100.64.0.5","33196","1448","1513258421","846000374","1543106071","3222248635"
