_ws.col.Time,frame.len,ip.src,tcp.srcport,ip.dst,tcp.dstport,tcp.len,tcp.seq_raw,tcp.ack_raw,tcp.options.timestamp.tsval,tcp.options.timestamp.tsecr
"21:10:20.183051","52","47.74.8.123","80","100.64.0.5","45946","0","1476795114","481213113","2333883901","3276863936"
"21:10:20.197132","1500","47.74.8.123","80","100.64.0.5","45946","1448","1476795114","481213113","2333883901","3276863936"
"21:10:20.212224","1500","47.74.8.123","80","100.64.0.5","45946","1448","1476796562","481213113","2333883901","3276863936"
"21:10:20.227320","1500","47.74.8.123","80","100.64.0.5","45946","1448","1476798010","481213113","2333883901","3276863936"
"21:10:20.243404","1500","47.74.8.123","80","100.64.0.5","45946","1448","1476799458","481213113","2333883901","3276863936"
"21:10:20.258488","1500","47.74.8.123","80","100.64.0.5","45946","1448","1476800906","481213113","2333883901","3276863936"
"21:10:20.273582","1500","47.74.8.123","80","100.64.0.5","45946","1448","1476802354","481213113","2333883901","3276863936"
"21:10:20.288666","1500","47.74.8.123","80","100.64.0.5","45946","1448","1476803802","481213113","2333883901","3276863936"
"21:10:20.303747","1500","47.74.8.123","80","100.64.0.5","45946","1448","1476805250","481213113","2333883901","3276863936"
"21:10:20.318828","1500","47.74.8.123","80","100.64.0.5","45946","1448","1476806698","481213113","2333883901","3276863936"
"21:10:20.333909","1500","47.74.8.123","80","100.64.0.5","45946","1448","1476808146","481213113","2333883901","3276863936"
"21:10:20.439271","1500","47.74.8.123","80","100.64.0.5","45946","1448","1476809594","481213113","2333884158","3276864193"
"21:10:20.455268","1500","47.74.8.123","80","100.64.0.5","45946","1448","1476811042","481213113","2333884158","3276864193"
"21:10:20.470305","1500","47.74.8.123","80","100.64.0.5","45946","1448","1476812490","481213113","2333884173","3276864208"
"21:10:20.485264","1500","47.74.8.123","80","100.64.0.5","45946","1448","1476813938","481213113","2333884173","3276864208"
"21:10:20.500253","1500","47.74.8.123","80","100.64.0.5","45946","1448","1476815386","481213113","2333884189","3276864223"
"21:10:20.515338","1500","47.74.8.123","80","100.64.0.5","45946","1448","1476816834","481213113","2333884189","3276864223"
"21:10:20.530356","1500","47.74.8.123","80","100.64.0.5","45946","1448","1476818282","481213113","2333884204","3276864239"
"21:10:20.546428","1500","47.74.8.123","80","100.64.0.5","45946","1448","1476819730","481213113","2333884204","3276864239"
"21:10:20.561594","1500","47.74.8.123","80","100.64.0.5","45946","1448","1476821178","481213113","2333884218","3276864254"
"21:10:20.576669","1500","47.74.8.123","80","100.64.0.5","45946","1448","1476822626","481213113","2333884218","3276864254"
"21:10:20.591749","1500","47.74.8.123","80","100.64.0.5","45946","1448","1476824074","481213113","2333884235","3276864269"
"21:10:20.606841","1500","47.74.8.123","80","100.64.0.5","45946","1448","1476825522","481213113","2333884235","3276864269"
"21:10:20.621925","1500","47.74.8.123","80","100.64.0.5","45946","1448","1476826970","481213113","2333884252","3276864284"
"21:10:20.637009","1500","47.74.8.123","80","100.64.0.5","45946","1448","1476828418","481213113","2333884252","3276864284"
"21:10:20.652098","1500","47.74.8.123","80","100.64.0.5","45946","1448","1476829866","481213113","2333884268","3276864299"
"21:10:20.667192","1500","47.74.8.123","80","100.64.0.5","45946","1448","1476831314","481213113","2333884268","3276864299"
"21:10:20.682948","1500","47.74.8.123","80","100.64.0.5","45946","1448","1476832762","481213113","2333884285","3276864315"
"21:10:20.698057","1500","47.74.8.123","80","100.64.0.5","45946","1448","1476834210","481213113","2333884285","3276864315"
"21:10:20.712231","1500","47.74.8.123","80","100.64.0.5","45946","1448","1476835658","481213113","2333884302","3276864330"
"21:10:20.727310","1500","47.74.8.123","80","100.64.0.5","45946","1448","1476837106","481213113","2333884302","3276864330"
"21:10:20.743363","1500","47.74.8.123","80","100.64.0.5","45946","1448","1476838554","481213113","2333884401","3276864435"
"21:10:20.758427","1500","47.74.8.123","80","100.64.0.5","45946","1448","1476840002","481213113","2333884401","3276864435"
"21:10:20.773174","1500","47.74.8.123","80","100.64.0.5","45946","1448","1476841450","481213113","2333884416","3276864451"
"21:10:20.788297","1500","47.74.8.123","80","100.64.0.5","45946","1448","1476842898","481213113","2333884416","3276864451"
"21:10:20.803514","1500","47.74.8.123","80","100.64.0.5","45946","1448","1476844346","481213113","2333884431","3276864466"
"21:10:20.818532","1500","47.74.8.123","80","100.64.0.5","45946","1448","1476845794","481213113","2333884431","3276864466"
"21:10:20.833557","1500","47.74.8.123","80","100.64.0.5","45946","1448","1476847242","481213113","2333884446","3276864481"
"21:10:20.849418","1500","47.74.8.123","80","100.64.0.5","45946","1448","1476848690","481213113","2333884446","3276864481"
"21:10:20.864454","1500","47.74.8.123","80","100.64.0.5","45946","1448","1476850138","481213113","2333884461","3276864496"
"21:10:20.879598","1500","47.74.8.123","80","100.64.0.5","45946","1448","1476851586","481213113","2333884461","3276864496"
"21:10:20.894693","1500","47.74.8.123","80","100.64.0.5","45946","1448","1476853034","481213113","2333884476","3276864511"
"21:10:20.909696","1500","47.74.8.123","80","100.64.0.5","45946","1448","1476854482","481213113","2333884476","3276864511"
"21:10:20.924633","1500","47.74.8.123","80","100.64.0.5","45946","1448","1476855930","481213113","2333884492","3276864526"
"21:10:20.939620","1500","47.74.8.123","80","100.64.0.5","45946","1448","1476857378","481213113","2333884492","3276864526"
"21:10:20.955708","1500","47.74.8.123","80","100.64.0.5","45946","1448","1476858826","481213113","2333884506","3276864542"
"21:10:20.970894","1500","47.74.8.123","80","100.64.0.5","45946","1448","1476860274","481213113","2333884506","3276864542"
"21:10:20.985794","1500","47.74.8.123","80","100.64.0.5","45946","1448","1476861722","481213113","2333884521","3276864557"
"21:10:21.000881","1500","47.74.8.123","80","100.64.0.5","45946","1448","1476863170","481213113","2333884521","3276864557"
"21:10:21.015835","1500","47.74.8.123","80","100.64.0.5","45946","1448","1476864618","481213113","2333884537","3276864572"
"21:10:21.030861","1500","47.74.8.123","80","100.64.0.5","45946","1448","1476866066","481213113","2333884537","3276864572"
"21:10:21.046945","1500","47.74.8.123","80","100.64.0.5","45946","1448","1476867514","481213113","2333884552","3276864588"
"21:10:21.061893","1500","47.74.8.123","80","100.64.0.5","45946","1448","1476870410","481213113","2333884566","3276864603"
"21:10:21.076976","1500","47.74.8.123","80","100.64.0.5","45946","1448","1476873306","481213113","2333884582","3276864618"
"21:10:21.091952","1500","47.74.8.123","80","100.64.0.5","45946","1448","1476876202","481213113","2333884598","3276864633"
"21:10:21.106996","1500","47.74.8.123","80","100.64.0.5","45946","1448","1476879098","481213113","2333884613","3276864648"
"21:10:21.122030","1500","47.74.8.123","80","100.64.0.5","45946","1448","1476881994","481213113","2333884628","3276864663"
"21:10:21.136194","1500","47.74.8.123","80","100.64.0.5","45946","1448","1476884890","481213113","2333884644","3276864679"
"21:10:21.152071","1500","47.74.8.123","80","100.64.0.5","45946","1448","1476887786","481213113","2333884658","3276864694"
"21:10:21.167116","1500","47.74.8.123","80","100.64.0.5","45946","1448","1476890682","481213113","2333884673","3276864708"
"21:10:21.183074","1500","47.74.8.123","80","100.64.0.5","45946","1448","1476893578","481213113","2333884689","3276864723"
"21:10:21.197158","1500","47.74.8.123","80","100.64.0.5","45946","1448","1476896474","481213113","2333884704","3276864739"
"21:10:21.212161","1500","47.74.8.123","80","100.64.0.5","45946","1448","1476899370","481213113","2333884728","3276864754"
"21:10:21.227076","1500","47.74.8.123","80","100.64.0.5","45946","1448","1476900818","481213113","2333884728","3276864754"
"21:10:21.243214","1500","47.74.8.123","80","100.64.0.5","45946","1448","1476905162","481213113","2333884749","3276864784"
"21:10:21.258231","1500","47.74.8.123","80","100.64.0.5","45946","1448","1476908058","481213113","2333884764","3276864799"
"21:10:21.273188","1500","47.74.8.123","80","100.64.0.5","45946","1448","1476910954","481213113","2333884779","3276864814"
"21:10:21.288258","1500","47.74.8.123","80","100.64.0.5","45946","1448","1476913850","481213113","2333884795","3276864829"
"21:10:21.303126","1500","47.74.8.123","80","100.64.0.5","45946","1448","1476916746","481213113","2333884810","3276864845"
"21:10:21.318249","1500","47.74.8.123","80","100.64.0.5","45946","1448","1476919642","481213113","2333884825","3276864860"
"21:10:21.333287","1500","47.74.8.123","80","100.64.0.5","45946","1448","1476922538","481213113","2333884840","3276864875"
"21:10:21.349257","1500","47.74.8.123","80","100.64.0.5","45946","1448","1476925434","481213113","2333884855","3276864890"
"21:10:21.364299","1500","47.74.8.123","80","100.64.0.5","45946","1448","1476928330","481213113","2333884870","3276864905"
"21:10:21.379211","1500","47.74.8.123","80","100.64.0.5","45946","1448","1476931226","481213113","2333884885","3276864920"
"21:10:21.394301","1500","47.74.8.123","80","100.64.0.5","45946","1448","1476934122","481213113","2333884901","3276864935"
"21:10:21.409333","1500","47.74.8.123","80","100.64.0.5","45946","1448","1476937018","481213113","2333884915","3276864951"
"21:10:21.424307","1500","47.74.8.123","80","100.64.0.5","45946","1448","1476938466","481213113","2333884930","3276864967"
"21:10:21.439332","1500","47.74.8.123","80","100.64.0.5","45946","1448","1476939914","481213113","2333884945","3276864982"
"21:10:21.455207","1500","47.74.8.123","80","100.64.0.5","45946","1448","1476941362","481213113","2333884960","3276864997"
"21:10:21.470338","1500","47.74.8.123","80","100.64.0.5","45946","1448","1476942810","481213113","2333884975","3276865012"
"21:10:21.485380","1500","47.74.8.123","80","100.64.0.5","45946","1448","1476944258","481213113","2333884992","3276865027"
"21:10:21.500376","1500","47.74.8.123","80","100.64.0.5","45946","1448","1476945706","481213113","2333885006","3276865043"
"21:10:21.515377","1500","47.74.8.123","80","100.64.0.5","45946","1448","1476947154","481213113","2333885022","3276865058"
"21:10:21.530282","1500","47.74.8.123","80","100.64.0.5","45946","1448","1476948602","481213113","2333885037","3276865073"
"21:10:21.546385","1500","47.74.8.123","80","100.64.0.5","45946","1448","1476868962","481213113","2333885053","3276865088"
"21:10:21.561434","1500","47.74.8.123","80","100.64.0.5","45946","1448","1476950050","481213113","2333885066","3276865103"
"21:10:21.576421","1500","47.74.8.123","80","100.64.0.5","45946","1448","1476951498","481213113","2333885081","3276865118"
"21:10:21.591444","1500","47.74.8.123","80","100.64.0.5","45946","1448","1476952946","481213113","2333885097","3276865132"
"21:10:21.606353","1500","47.74.8.123","80","100.64.0.5","45946","1448","1476954394","481213113","2333885113","3276865148"
"21:10:21.621416","1500","47.74.8.123","80","100.64.0.5","45946","1448","1476955842","481213113","2333885128","3276865163"
"21:10:21.636516","1500","47.74.8.123","80","100.64.0.5","45946","1448","1476957290","481213113","2333885143","3276865179"
"21:10:21.652429","1500","47.74.8.123","80","100.64.0.5","45946","1448","1476958738","481213113","2333885158","3276865193"
"21:10:21.667556","1500","47.74.8.123","80","100.64.0.5","45946","1448","1476960186","481213113","2333885172","3276865208"
"21:10:21.682437","1500","47.74.8.123","80","100.64.0.5","45946","1448","1476961634","481213113","2333885189","3276865223"
"21:10:21.697477","1500","47.74.8.123","80","100.64.0.5","45946","1448","1476963082","481213113","2333885204","3276865239"
"21:10:21.712187","1500","47.74.8.123","80","100.64.0.5","45946","1448","1476964530","481213113","2333885219","3276865254"
"21:10:21.727598","1500","47.74.8.123","80","100.64.0.5","45946","1448","1476965978","481213113","2333885234","3276865269"
"21:10:21.743756","1500","47.74.8.123","80","100.64.0.5","45946","1448","1476967426","481213113","2333885249","3276865284"
"21:10:21.758529","1500","47.74.8.123","80","100.64.0.5","45946","1448","1476968874","481213113","2333885264","3276865299"
"21:10:21.773543","1500","47.74.8.123","80","100.64.0.5","45946","1448","1476970322","481213113","2333885279","3276865314"
"21:10:21.788286","1500","47.74.8.123","80","100.64.0.5","45946","1448","1476971770","481213113","2333885295","3276865329"
"21:10:21.803632","1500","47.74.8.123","80","100.64.0.5","45946","1448","1476973218","481213113","2333885310","3276865345"
"21:10:21.818715","1500","47.74.8.123","80","100.64.0.5","45946","1448","1476974666","481213113","2333885325","3276865360"
"21:10:21.833593","1500","47.74.8.123","80","100.64.0.5","45946","1448","1476976114","481213113","2333885340","3276865375"
"21:10:21.849611","1500","47.74.8.123","80","100.64.0.5","45946","1448","1476977562","481213113","2333885355","3276865390"
"21:10:21.864361","1500","47.74.8.123","80","100.64.0.5","45946","1448","1476979010","481213113","2333885370","3276865405"
"21:10:21.879452","1500","47.74.8.123","80","100.64.0.5","45946","1448","1476980458","481213113","2333885385","3276865420"
"21:10:21.894846","1500","47.74.8.123","80","100.64.0.5","45946","1448","1476981906","481213113","2333885401","3276865435"
"21:10:21.909646","1500","47.74.8.123","80","100.64.0.5","45946","1448","1476983354","481213113","2333885416","3276865451"
"21:10:21.924690","1500","47.74.8.123","80","100.64.0.5","45946","1448","1476984802","481213113","2333885431","3276865466"
"21:10:21.939385","1500","47.74.8.123","80","100.64.0.5","45946","1448","1476986250","481213113","2333885446","3276865481"
"21:10:21.955613","1500","47.74.8.123","80","100.64.0.5","45946","1448","1476987698","481213113","2333885461","3276865496"
"21:10:21.970618","1500","47.74.8.123","80","100.64.0.5","45946","1448","1476989146","481213113","2333885476","3276865511"
"21:10:21.985678","1500","47.74.8.123","80","100.64.0.5","45946","1448","1476990594","481213113","2333885492","3276865526"
"21:10:22.000717","1500","47.74.8.123","80","100.64.0.5","45946","1448","1476871858","481213113","2333885507","3276865542"
"21:10:22.015464","1500","47.74.8.123","80","100.64.0.5","45946","1448","1476992042","481213113","2333885509","3276865542"
"21:10:22.030571","1500","47.74.8.123","80","100.64.0.5","45946","1448","1476996386","481213113","2333885537","3276865572"
"21:10:22.046693","1500","47.74.8.123","80","100.64.0.5","45946","1448","1476997834","481213113","2333885552","3276865587"
"21:10:22.061730","1500","47.74.8.123","80","100.64.0.5","45946","1448","1476999282","481213113","2333885567","3276865602"
"21:10:22.076813","1500","47.74.8.123","80","100.64.0.5","45946","1448","1477000730","481213113","2333885582","3276865617"
"21:10:22.091533","1500","47.74.8.123","80","100.64.0.5","45946","1448","1477002178","481213113","2333885598","3276865632"
"21:10:22.106631","1500","47.74.8.123","80","100.64.0.5","45946","1448","1477003626","481213113","2333885613","3276865648"
"21:10:22.121728","1500","47.74.8.123","80","100.64.0.5","45946","1448","1477005074","481213113","2333885628","3276865663"
"21:10:22.136806","1500","47.74.8.123","80","100.64.0.5","45946","1448","1477006522","481213113","2333885643","3276865678"
"21:10:22.152925","1500","47.74.8.123","80","100.64.0.5","45946","1448","1477007970","481213113","2333885658","3276865693"
"21:10:22.167202","1500","47.74.8.123","80","100.64.0.5","45946","1448","1477009418","481213113","2333885673","3276865708"
"21:10:22.182678","1500","47.74.8.123","80","100.64.0.5","45946","1448","1477010866","481213113","2333885689","3276865723"
"21:10:22.197805","1500","47.74.8.123","80","100.64.0.5","45946","1448","1477012314","481213113","2333885704","3276865740"
"21:10:22.212889","1500","47.74.8.123","80","100.64.0.5","45946","1448","1477013762","481213113","2333885719","3276865754"
"21:10:22.227975","1500","47.74.8.123","80","100.64.0.5","45946","1448","1477015210","481213113","2333885734","3276865769"
"21:10:22.243255","1500","47.74.8.123","80","100.64.0.5","45946","1448","1477016658","481213113","2333885749","3276865784"
"21:10:22.258340","1500","47.74.8.123","80","100.64.0.5","45946","1448","1477018106","481213113","2333885764","3276865799"
"21:10:22.273784","1500","47.74.8.123","80","100.64.0.5","45946","1448","1477019554","481213113","2333885779","3276865814"
"21:10:22.288925","1500","47.74.8.123","80","100.64.0.5","45946","1448","1477021002","481213113","2333885795","3276865829"
"21:10:22.304035","1500","47.74.8.123","80","100.64.0.5","45946","1448","1477022450","481213113","2333885810","3276865845"
"21:10:22.319066","1500","47.74.8.123","80","100.64.0.5","45946","1448","1477023898","481213113","2333885825","3276865860"
"21:10:22.333535","1500","47.74.8.123","80","100.64.0.5","45946","1448","1477025346","481213113","2333885840","3276865875"
"21:10:22.349868","1500","47.74.8.123","80","100.64.0.5","45946","1448","1477026794","481213113","2333885855","3276865891"
"21:10:22.364951","1500","47.74.8.123","80","100.64.0.5","45946","1448","1477028242","481213113","2333885870","3276865905"
"21:10:22.380036","1500","47.74.8.123","80","100.64.0.5","45946","1448","1477029690","481213113","2333885885","3276865920"
"21:10:22.394176","1500","47.74.8.123","80","100.64.0.5","45946","1448","1477031138","481213113","2333885901","3276865935"
"21:10:22.409361","1500","47.74.8.123","80","100.64.0.5","45946","1448","1477032586","481213113","2333885916","3276865951"
"21:10:22.424344","1500","47.74.8.123","80","100.64.0.5","45946","1448","1477034034","481213113","2333885931","3276865966"
"21:10:22.439969","1500","47.74.8.123","80","100.64.0.5","45946","1448","1477035482","481213113","2333885946","3276865981"
"21:10:22.456059","1500","47.74.8.123","80","100.64.0.5","45946","1448","1476874754","481213113","2333885961","3276865996"
"21:10:22.470284","1500","47.74.8.123","80","100.64.0.5","45946","1448","1477038378","481213113","2333885976","3276866011"
"21:10:22.485374","1500","47.74.8.123","80","100.64.0.5","45946","1448","1477039826","481213113","2333885992","3276866026"
"21:10:22.500525","1500","47.74.8.123","80","100.64.0.5","45946","1448","1477041274","481213113","2333886007","3276866042"
"21:10:22.516024","1500","47.74.8.123","80","100.64.0.5","45946","1448","1477042722","481213113","2333886022","3276866057"
"21:10:22.530287","1500","47.74.8.123","80","100.64.0.5","45946","1448","1477044170","481213113","2333886037","3276866073"
"21:10:22.546357","1500","47.74.8.123","80","100.64.0.5","45946","1448","1477045618","481213113","2333886052","3276866087"
"21:10:22.561416","1500","47.74.8.123","80","100.64.0.5","45946","1448","1477047066","481213113","2333886067","3276866102"
"21:10:22.576544","1500","47.74.8.123","80","100.64.0.5","45946","1448","1477048514","481213113","2333886082","3276866117"
"21:10:22.591637","1500","47.74.8.123","80","100.64.0.5","45946","1448","1477049962","481213113","2333886097","3276866133"
"21:10:22.606400","1500","47.74.8.123","80","100.64.0.5","45946","1448","1477051410","481213113","2333886112","3276866149"
"21:10:22.621098","1500","47.74.8.123","80","100.64.0.5","45946","1448","1477052858","481213113","2333886128","3276866163"
"21:10:22.636176","1500","47.74.8.123","80","100.64.0.5","45946","1448","1477054306","481213113","2333886143","3276866178"
"21:10:22.652262","1500","47.74.8.123","80","100.64.0.5","45946","1448","1477055754","481213113","2333886158","3276866194"
"21:10:22.667479","1500","47.74.8.123","80","100.64.0.5","45946","1448","1477057202","481213113","2333886173","3276866209"
"21:10:22.682576","1500","47.74.8.123","80","100.64.0.5","45946","1448","1477058650","481213113","2333886188","3276866224"
"21:10:22.697626","1500","47.74.8.123","80","100.64.0.5","45946","1448","1477060098","481213113","2333886210","3276866239"
"21:10:22.712708","1500","47.74.8.123","80","100.64.0.5","45946","1448","1477061546","481213113","2333886219","3276866254"
"21:10:22.727789","1500","47.74.8.123","80","100.64.0.5","45946","1448","1477062994","481213113","2333886233","3276866270"
"21:10:22.743910","1500","47.74.8.123","80","100.64.0.5","45946","1448","1477064442","481213113","2333886249","3276866285"
"21:10:22.758991","1500","47.74.8.123","80","100.64.0.5","45946","1448","1477065890","481213113","2333886263","3276866300"
"21:10:22.773070","1500","47.74.8.123","80","100.64.0.5","45946","1448","1477067338","481213113","2333886279","3276866315"
"21:10:22.788332","1500","47.74.8.123","80","100.64.0.5","45946","1448","1477068786","481213113","2333886295","3276866329"
"21:10:22.803445","1500","47.74.8.123","80","100.64.0.5","45946","1448","1477070234","481213113","2333886327","3276866346"
"21:10:22.818557","1500","47.74.8.123","80","100.64.0.5","45946","1448","1477071682","481213113","2333886330","3276866361"
"21:10:22.833730","1500","47.74.8.123","80","100.64.0.5","45946","1448","1477073130","481213113","2333886340","3276866376"
"21:10:22.849813","1500","47.74.8.123","80","100.64.0.5","45946","1448","1477074578","481213113","2333886355","3276866390"
"21:10:22.864895","1500","47.74.8.123","80","100.64.0.5","45946","1448","1477076026","481213113","2333886370","3276866405"
"21:10:22.879152","1500","47.74.8.123","80","100.64.0.5","45946","1448","1477077474","481213113","2333886385","3276866420"
"21:10:22.894236","1500","47.74.8.123","80","100.64.0.5","45946","1448","1477078922","481213113","2333886414","3276866436"
"21:10:22.909317","1500","47.74.8.123","80","100.64.0.5","45946","1448","1476877650","481213113","2333886416","3276866452"
"21:10:22.924585","1500","47.74.8.123","80","100.64.0.5","45946","1448","1477080370","481213113","2333886461","3276866481"
"21:10:22.939672","1500","47.74.8.123","80","100.64.0.5","45946","1448","1477081818","481213113","2333886505","3276866526"
"21:10:22.955752","1500","47.74.8.123","80","100.64.0.5","45946","1448","1477083266","481213113","2333886550","3276866572"
"21:10:22.970966","1500","47.74.8.123","80","100.64.0.5","45946","1448","1477084714","481213113","2333886594","3276866617"
"21:10:22.986050","1500","47.74.8.123","80","100.64.0.5","45946","1448","1477086162","481213113","2333886638","3276866663"
"21:10:23.000128","1500","47.74.8.123","80","100.64.0.5","45946","1448","1477087610","481213113","2333886683","3276866708"
"21:10:23.015911","1500","47.74.8.123","80","100.64.0.5","45946","1448","1477089058","481213113","2333886727","3276866755"
"21:10:23.061806","1500","47.74.8.123","80","100.64.0.5","45946","1448","1477090506","481213113","2333886772","3276866799"
"21:10:23.106211","1500","47.74.8.123","80","100.64.0.5","45946","1448","1477091954","481213113","2333886816","3276866846"
"21:10:23.152627","1500","47.74.8.123","80","100.64.0.5","45946","1448","1477093402","481213113","2333886860","3276866890"
"21:10:23.197080","1500","47.74.8.123","80","100.64.0.5","45946","1448","1476880546","481213113","2333886905","3276866935"
"21:10:23.243469","1500","47.74.8.123","80","100.64.0.5","45946","1448","1477094850","481213113","2333886949","3276866982"
"21:10:23.273877","1500","47.74.8.123","80","100.64.0.5","45946","1448","1477096298","481213113","2333886994","3276867012"
"21:10:23.318309","1500","47.74.8.123","80","100.64.0.5","45946","1448","1477097746","481213113","2333887038","3276867058"
"21:10:23.364689","1500","47.74.8.123","80","100.64.0.5","45946","1448","1477099194","481213113","2333887083","3276867102"
"21:10:23.409099","1500","47.74.8.123","80","100.64.0.5","45946","1448","1477100642","481213113","2333887127","3276867148"
"21:10:23.455537","1500","47.74.8.123","80","100.64.0.5","45946","1448","1476883442","481213113","2333887171","3276867193"
"21:10:23.500947","1500","47.74.8.123","80","100.64.0.5","45946","1448","1477102090","481213113","2333887216","3276867239"
"21:10:23.546369","1500","47.74.8.123","80","100.64.0.5","45946","1448","1477103538","481213113","2333887260","3276867270"
"21:10:23.591815","1500","47.74.8.123","80","100.64.0.5","45946","1448","1477104986","481213113","2333887305","3276867314"
"21:10:23.636169","1500","47.74.8.123","80","100.64.0.5","45946","1448","1477106434","481213113","2333887349","3276867360"
"21:10:23.682601","1500","47.74.8.123","80","100.64.0.5","45946","1448","1477107882","481213113","2333887393","3276867405"
"21:10:23.728005","1500","47.74.8.123","80","100.64.0.5","45946","1448","1476886338","481213113","2333887438","3276867451"
"21:10:23.773437","1500","47.74.8.123","80","100.64.0.5","45946","1448","1477109330","481213113","2333887482","3276867497"
"21:10:23.818886","1500","47.74.8.123","80","100.64.0.5","45946","1448","1477110778","481213113","2333887527","3276867542"
"21:10:23.864799","1500","47.74.8.123","80","100.64.0.5","45946","1448","1477112226","481213113","2333887571","3276867588"
"21:10:23.909662","1500","47.74.8.123","80","100.64.0.5","45946","1448","1477113674","481213113","2333887616","3276867632"
"21:10:23.955085","1500","47.74.8.123","80","100.64.0.5","45946","1448","1477115122","481213113","2333887660","3276867678"
"21:10:23.985524","1500","47.74.8.123","80","100.64.0.5","45946","1448","1476889234","481213113","2333887704","3276867724"
"21:10:24.030916","1500","47.74.8.123","80","100.64.0.5","45946","1448","1477116570","481213113","2333887749","3276867769"
"21:10:24.076331","1500","47.74.8.123","80","100.64.0.5","45946","1448","1477118018","481213113","2333887793","3276867815"
"21:10:24.121731","1500","47.74.8.123","80","100.64.0.5","45946","1448","1477119466","481213113","2333887838","3276867861"
"21:10:24.167174","1500","47.74.8.123","80","100.64.0.5","45946","1448","1477120914","481213113","2333887882","3276867905"
"21:10:24.227976","1500","47.74.8.123","80","100.64.0.5","45946","1448","1476892130","481213113","2333887945","3276867981"
"21:10:24.259056","1500","47.74.8.123","80","100.64.0.5","45946","1448","1477122362","481213113","2333887971","3276867981"
"21:10:24.303415","1500","47.74.8.123","80","100.64.0.5","45946","1448","1477123810","481213113","2333888015","3276868027"
"21:10:24.349797","1500","47.74.8.123","80","100.64.0.5","45946","1448","1477125258","481213113","2333888060","3276868072"
"21:10:24.394568","1500","47.74.8.123","80","100.64.0.5","45946","1448","1477126706","481213113","2333888104","3276868117"
"21:10:24.470404","1500","47.74.8.123","80","100.64.0.5","45946","1448","1476895026","481213113","2333888189","3276868224"
"21:10:24.500620","1500","47.74.8.123","80","100.64.0.5","45946","1448","1477128154","481213113","2333888211","3276868224"
"21:10:24.546703","1500","47.74.8.123","80","100.64.0.5","45946","1448","1477129602","481213113","2333888255","3276868255"
"21:10:24.561854","1500","47.74.8.123","80","100.64.0.5","45946","1448","1477131050","481213113","2333888268","3276868299"
"21:10:24.576934","1500","47.74.8.123","80","100.64.0.5","45946","1448","1477132498","481213113","2333888280","3276868299"
"21:10:24.712631","1500","47.74.8.123","80","100.64.0.5","45946","1448","1476897922","481213113","2333888431","3276868466"
"21:10:24.727706","1500","47.74.8.123","80","100.64.0.5","45946","1448","1477133946","481213113","2333888437","3276868466"
"21:10:24.743870","1500","47.74.8.123","80","100.64.0.5","45946","1448","1477135394","481213113","2333888449","3276868466"
"21:10:24.758939","1500","47.74.8.123","80","100.64.0.5","45946","1448","1477136842","481213113","2333888462","3276868496"
"21:10:24.774020","1500","47.74.8.123","80","100.64.0.5","45946","1448","1477138290","481213113","2333888474","3276868496"
"21:10:24.955935","1500","47.74.8.123","80","100.64.0.5","45946","1448","1476902266","481213113","2333888672","3276868708"
"21:10:24.971023","1500","47.74.8.123","80","100.64.0.5","45946","1448","1477139738","481213113","2333888683","3276868708"
"21:10:24.985085","1500","47.74.8.123","80","100.64.0.5","45946","1448","1477141186","481213113","2333888703","3276868723"
"21:10:25.015172","1500","47.74.8.123","80","100.64.0.5","45946","1448","1477142634","481213113","2333888724","3276868755"
"21:10:25.030237","1500","47.74.8.123","80","100.64.0.5","45946","1448","1477144082","481213113","2333888739","3276868770"
"21:10:25.046320","1500","47.74.8.123","80","100.64.0.5","45946","1448","1477145530","481213113","2333888754","3276868770"
"21:10:25.197797","1500","47.74.8.123","80","100.64.0.5","45946","1448","1476903714","481213113","2333888917","3276868952"
"21:10:25.212877","1500","47.74.8.123","80","100.64.0.5","45946","1448","1477146978","481213113","2333888924","3276868952"
"21:10:25.227953","1500","47.74.8.123","80","100.64.0.5","45946","1448","1477148426","481213113","2333888940","3276868967"
"21:10:25.244034","1500","47.74.8.123","80","100.64.0.5","45946","1448","1477149874","481213113","2333888955","3276868981"
"21:10:25.439856","1500","47.74.8.123","80","100.64.0.5","45946","1448","1476906610","481213113","2333889157","3276869194"
"21:10:25.455935","1500","47.74.8.123","80","100.64.0.5","45946","1448","1477151322","481213113","2333889165","3276869194"
"21:10:25.471014","1500","47.74.8.123","80","100.64.0.5","45946","1448","1477152770","481213113","2333889180","3276869209"
"21:10:25.485086","1500","47.74.8.123","80","100.64.0.5","45946","1448","1477154218","481213113","2333889196","3276869224"
"21:10:25.500167","1500","47.74.8.123","80","100.64.0.5","45946","1448","1477155666","481213113","2333889211","3276869240"
"21:10:25.697090","1500","47.74.8.123","80","100.64.0.5","45946","1448","1476909506","481213113","2333889416","3276869452"
"21:10:25.727227","1500","47.74.8.123","80","100.64.0.5","45946","1448","1477157114","481213113","2333889436","3276869467"
"21:10:25.758312","1500","47.74.8.123","80","100.64.0.5","45946","1448","1477158562","481213113","2333889477","3276869496"
"21:10:25.803389","1500","47.74.8.123","80","100.64.0.5","45946","1448","1477160010","481213113","2333889518","3276869496"
"21:10:25.939164","1500","47.74.8.123","80","100.64.0.5","45946","1448","1476912402","481213113","2333889658","3276869693"
"21:10:25.970352","1500","47.74.8.123","80","100.64.0.5","45946","1448","1477161458","481213113","2333889678","3276869693"
"21:10:26.000439","1500","47.74.8.123","80","100.64.0.5","45946","1448","1477162906","481213113","2333889719","3276869754"
"21:10:26.046519","1500","47.74.8.123","80","100.64.0.5","45946","1448","1477164354","481213113","2333889761","3276869754"
"21:10:26.091615","1500","47.74.8.123","80","100.64.0.5","45946","1448","1477165802","481213113","2333889802","3276869799"
"21:10:26.182349","1500","47.74.8.123","80","100.64.0.5","45946","1448","1476915298","481213113","2333889901","3276869935"
"21:10:26.212501","1500","47.74.8.123","80","100.64.0.5","45946","1448","1477167250","481213113","2333889921","3276869935"
"21:10:26.243625","1500","47.74.8.123","80","100.64.0.5","45946","1448","1477168698","481213113","2333889963","3276869996"
"21:10:26.288741","1500","47.74.8.123","80","100.64.0.5","45946","1448","1477170146","481213113","2333890004","3276869996"
"21:10:26.333815","1500","47.74.8.123","80","100.64.0.5","45946","1448","1477171594","481213113","2333890045","3276870042"
"21:10:26.380000","1500","47.74.8.123","80","100.64.0.5","45946","1448","1477173042","481213113","2333890086","3276870087"
"21:10:26.424160","1500","47.74.8.123","80","100.64.0.5","45946","1448","1476918194","481213113","2333890143","3276870178"
"21:10:26.456059","1500","47.74.8.123","80","100.64.0.5","45946","1448","1477174490","481213113","2333890168","3276870178"
"21:10:26.500961","1500","47.74.8.123","80","100.64.0.5","45946","1448","1477175938","481213113","2333890209","3276870239"
"21:10:26.531064","1500","47.74.8.123","80","100.64.0.5","45946","1448","1477177386","481213113","2333890242","3276870239"
"21:10:26.561128","1500","47.74.8.123","80","100.64.0.5","45946","1448","1477178834","481213113","2333890275","3276870284"
"21:10:26.667150","1500","47.74.8.123","80","100.64.0.5","45946","1448","1476921090","481213113","2333890384","3276870420"
"21:10:26.682623","1500","47.74.8.123","80","100.64.0.5","45946","1448","1477180282","481213113","2333890401","3276870420"
"21:10:26.712687","1500","47.74.8.123","80","100.64.0.5","45946","1448","1477181730","481213113","2333890433","3276870452"
"21:10:26.774025","1500","47.74.8.123","80","100.64.0.5","45946","1448","1477183178","481213113","2333890488","3276870497"
"21:10:26.833865","1500","47.74.8.123","80","100.64.0.5","45946","1448","1477184626","481213113","2333890542","3276870557"
"21:10:26.909614","1500","47.74.8.123","80","100.64.0.5","45946","1448","1476923986","481213113","2333890628","3276870663"
"21:10:26.939695","1500","47.74.8.123","80","100.64.0.5","45946","1448","1477186074","481213113","2333890655","3276870678"
"21:10:27.000193","1500","47.74.8.123","80","100.64.0.5","45946","1448","1477187522","481213113","2333890710","3276870708"
"21:10:27.030269","1500","47.74.8.123","80","100.64.0.5","45946","1448","1477188970","481213113","2333890751","3276870770"
"21:10:27.076857","1500","47.74.8.123","80","100.64.0.5","45946","1448","1477190418","481213113","2333890791","3276870770"
"21:10:27.152082","1500","47.74.8.123","80","100.64.0.5","45946","1448","1476926882","481213113","2333890870","3276870905"
"21:10:27.182925","1500","47.74.8.123","80","100.64.0.5","45946","1448","1477191866","481213113","2333890891","3276870905"
"21:10:27.212785","1500","47.74.8.123","80","100.64.0.5","45946","1448","1477193314","481213113","2333890931","3276870935"
"21:10:27.258921","1500","47.74.8.123","80","100.64.0.5","45946","1448","1477194762","481213113","2333890972","3276870996"
"21:10:27.304005","1500","47.74.8.123","80","100.64.0.5","45946","1448","1477196210","481213113","2333891013","3276871026"
"21:10:27.394307","1500","47.74.8.123","80","100.64.0.5","45946","1448","1476929778","481213113","2333891113","3276871148"
"21:10:27.424137","1500","47.74.8.123","80","100.64.0.5","45946","1448","1477197658","481213113","2333891134","3276871148"
"21:10:27.455940","1500","47.74.8.123","80","100.64.0.5","45946","1448","1477199106","481213113","2333891174","3276871209"
"21:10:27.501035","1500","47.74.8.123","80","100.64.0.5","45946","1448","1477200554","481213113","2333891215","3276871209"
"21:10:27.546121","1500","47.74.8.123","80","100.64.0.5","45946","1448","1477202002","481213113","2333891256","3276871255"
"21:10:27.636418","1500","47.74.8.123","80","100.64.0.5","45946","1448","1476932674","481213113","2333891354","3276871390"
"21:10:27.667242","1500","47.74.8.123","80","100.64.0.5","45946","1448","1477203450","481213113","2333891375","3276871390"
"21:10:27.697088","1500","47.74.8.123","80","100.64.0.5","45946","1448","1477204898","481213113","2333891416","3276871420"
"21:10:27.743166","1500","47.74.8.123","80","100.64.0.5","45946","1448","1477206346","481213113","2333891456","3276871452"
"21:10:27.788243","1500","47.74.8.123","80","100.64.0.5","45946","1448","1477207794","481213113","2333891497","3276871497"
"21:10:27.879546","1500","47.74.8.123","80","100.64.0.5","45946","1448","1476935570","481213113","2333891598","3276871632"
"21:10:27.909399","1500","47.74.8.123","80","100.64.0.5","45946","1448","1477209242","481213113","2333891618","3276871632"
"21:10:27.939218","1500","47.74.8.123","80","100.64.0.5","45946","1448","1477210690","481213113","2333891659","3276871693"
"21:10:27.985293","1500","47.74.8.123","80","100.64.0.5","45946","1448","1477212138","481213113","2333891700","3276871693"
"21:10:28.030374","1500","47.74.8.123","80","100.64.0.5","45946","1448","1477213586","481213113","2333891740","3276871739"
"21:10:28.227631","1500","47.74.8.123","80","100.64.0.5","45946","1448","1476993490","481213113","2333891946","3276871981"
"21:10:28.273721","1500","47.74.8.123","80","100.64.0.5","45946","1448","1477215034","481213113","2333891992","3276872026"
"21:10:29.106412","1500","47.74.8.123","80","100.64.0.5","45946","1448","1476994938","481213113","2333892821","3276872269"
"21:10:29.349317","1500","47.74.8.123","80","100.64.0.5","45946","1448","1477036930","481213113","2333893067","3276873102"
"21:10:29.379388","1500","47.74.8.123","80","100.64.0.5","45946","1448","1477038378","481213113","2333893093","3276873102"
"21:10:29.424958","1500","47.74.8.123","80","100.64.0.5","45946","1448","1477039826","481213113","2333893145","3276873102"
"21:10:29.485614","1500","47.74.8.123","80","100.64.0.5","45946","1448","1477041274","481213113","2333893196","3276873102"
"21:10:29.530304","1500","47.74.8.123","80","100.64.0.5","45946","1448","1477042722","481213113","2333893248","3276873102"
"21:10:29.591969","1500","47.74.8.123","80","100.64.0.5","45946","1448","1477044170","481213113","2333893300","3276873102"
"21:10:29.636632","1500","47.74.8.123","80","100.64.0.5","45946","1448","1477216482","481213113","2333893351","3276873375"
"21:10:29.682283","1500","47.74.8.123","80","100.64.0.5","45946","1448","1477217930","481213113","2333893403","3276873421"
"21:10:29.743957","1500","47.74.8.123","80","100.64.0.5","45946","1448","1477219378","481213113","2333893455","3276873481"
"21:10:29.788625","1500","47.74.8.123","80","100.64.0.5","45946","1448","1477220826","481213113","2333893506","3276873526"
"21:10:29.849275","1500","47.74.8.123","80","100.64.0.5","45946","1448","1477222274","481213113","2333893558","3276873588"
"21:10:29.894990","1500","47.74.8.123","80","100.64.0.5","45946","1448","1477223722","481213113","2333893610","3276873632"
"21:10:29.955640","1500","47.74.8.123","80","100.64.0.5","45946","1448","1477225170","481213113","2333893661","3276873678"
"21:10:30.000263","1500","47.74.8.123","80","100.64.0.5","45946","1448","1477226618","481213113","2333893713","3276873740"
"21:10:30.046958","1500","47.74.8.123","80","100.64.0.5","45946","1448","1477228066","481213113","2333893765","3276873784"
"21:10:30.106641","1500","47.74.8.123","80","100.64.0.5","45946","1448","1477229514","481213113","2333893816","3276873845"
"21:10:30.152302","1500","47.74.8.123","80","100.64.0.5","45946","1448","1477230962","481213113","2333893868","3276873891"
"21:10:30.212982","1500","47.74.8.123","80","100.64.0.5","45946","1448","1477232410","481213113","2333893920","3276873951"
"21:10:30.258632","1500","47.74.8.123","80","100.64.0.5","45946","1448","1477233858","481213113","2333893971","3276873996"
"21:10:30.303381","1500","47.74.8.123","80","100.64.0.5","45946","1448","1477235306","481213113","2333894023","3276874043"
"21:10:30.364979","1500","47.74.8.123","80","100.64.0.5","45946","1448","1477236754","481213113","2333894075","3276874102"
"21:10:30.409643","1500","47.74.8.123","80","100.64.0.5","45946","1448","1477238202","481213113","2333894126","3276874148"
"21:10:30.470286","1500","47.74.8.123","80","100.64.0.5","45946","1448","1477239650","481213113","2333894178","3276874209"
"21:10:30.515979","1500","47.74.8.123","80","100.64.0.5","45946","1448","1477241098","481213113","2333894230","3276874254"
"21:10:30.561705","1500","47.74.8.123","80","100.64.0.5","45946","1448","1477242546","481213113","2333894281","3276874299"
"21:10:30.621329","1500","47.74.8.123","80","100.64.0.5","45946","1448","1477243994","481213113","2333894333","3276874361"
"21:10:30.667992","1500","47.74.8.123","80","100.64.0.5","45946","1448","1477245442","481213113","2333894385","3276874405"
"21:10:30.727742","1500","47.74.8.123","80","100.64.0.5","45946","1448","1477246890","481213113","2333894436","3276874466"
"21:10:30.773319","1500","47.74.8.123","80","100.64.0.5","45946","1448","1477248338","481213113","2333894488","3276874512"
"21:10:30.834007","1500","47.74.8.123","80","100.64.0.5","45946","1448","1477249786","481213113","2333894540","3276874557"
"21:10:30.879651","1500","47.74.8.123","80","100.64.0.5","45946","1448","1477251234","481213113","2333894591","3276874617"
"21:10:30.924334","1500","47.74.8.123","80","100.64.0.5","45946","1448","1477252682","481213113","2333894643","3276874664"
"21:10:30.986023","1500","47.74.8.123","80","100.64.0.5","45946","1448","1477254130","481213113","2333894695","3276874723"
"21:10:31.030982","1500","47.74.8.123","80","100.64.0.5","45946","1448","1477255578","481213113","2333894746","3276874769"
"21:10:31.091075","702","47.74.8.123","80","100.64.0.5","45946","650","1477257026","481213113","2333894798","3276874830"
"21:10:31.333447","52","47.74.8.123","80","100.64.0.5","45946","0","1477257676","481213259","2333895052","3276875088"
"21:10:31.349532","1500","47.74.8.123","80","100.64.0.5","45946","1448","1477257676","481213259","2333895052","3276875088"
"21:10:31.394080","1500","47.74.8.123","80","100.64.0.5","45946","1448","1477259124","481213259","2333895104","3276875088"
"21:10:31.439800","1500","47.74.8.123","80","100.64.0.5","45946","1448","1477260572","481213259","2333895155","3276875088"
"21:10:31.500421","1500","47.74.8.123","80","100.64.0.5","45946","1448","1477262020","481213259","2333895207","3276875088"
"21:10:31.546095","1500","47.74.8.123","80","100.64.0.5","45946","1448","1477263468","481213259","2333895259","3276875088"
"21:10:31.591849","1500","47.74.8.123","80","100.64.0.5","45946","1448","1477264916","481213259","2333895310","3276875345"
"21:10:31.652433","1500","47.74.8.123","80","100.64.0.5","45946","1448","1477266364","481213259","2333895362","3276875390"
"21:10:31.697158","1500","47.74.8.123","80","100.64.0.5","45946","1448","1477267812","481213259","2333895414","3276875436"
"21:10:31.758829","1500","47.74.8.123","80","100.64.0.5","45946","1448","1477269260","481213259","2333895465","3276875436"
"21:10:31.803426","1500","47.74.8.123","80","100.64.0.5","45946","1448","1477270708","481213259","2333895517","3276875542"
"21:10:31.849116","1500","47.74.8.123","80","100.64.0.5","45946","1448","1477272156","481213259","2333895569","3276875588"
"21:10:31.909785","1500","47.74.8.123","80","100.64.0.5","45946","1448","1477273604","481213259","2333895620","3276875648"
"21:10:31.955412","1500","47.74.8.123","80","100.64.0.5","45946","1448","1477275052","481213259","2333895672","3276875693"
"21:10:32.015077","1500","47.74.8.123","80","100.64.0.5","45946","1448","1477276500","481213259","2333895724","3276875755"
"21:10:32.061806","1500","47.74.8.123","80","100.64.0.5","45946","1448","1477277948","481213259","2333895775","3276875799"
"21:10:32.106447","1500","47.74.8.123","80","100.64.0.5","45946","1448","1477279396","481213259","2333895827","3276875845"
"21:10:32.167081","1500","47.74.8.123","80","100.64.0.5","45946","1448","1477280844","481213259","2333895879","3276875906"
"21:10:32.212787","1500","47.74.8.123","80","100.64.0.5","45946","1448","1477282292","481213259","2333895930","3276875951"
"21:10:32.273441","1500","47.74.8.123","80","100.64.0.5","45946","1448","1477283740","481213259","2333895982","3276876011"
"21:10:32.318114","1500","47.74.8.123","80","100.64.0.5","45946","1448","1477285188","481213259","2333896034","3276876058"
"21:10:32.364813","1500","47.74.8.123","80","100.64.0.5","45946","1448","1477286636","481213259","2333896085","3276876102"
"21:10:32.424478","1500","47.74.8.123","80","100.64.0.5","45946","1448","1477288084","481213259","2333896137","3276876163"
"21:10:32.470117","1500","47.74.8.123","80","100.64.0.5","45946","1448","1477289532","481213259","2333896189","3276876209"
"21:10:32.530808","1500","47.74.8.123","80","100.64.0.5","45946","1448","1477290980","481213259","2333896240","3276876269"
"21:10:32.576453","1500","47.74.8.123","80","100.64.0.5","45946","1448","1477292428","481213259","2333896292","3276876314"
"21:10:32.636116","1500","47.74.8.123","80","100.64.0.5","45946","1448","1477293876","481213259","2333896344","3276876361"
"21:10:32.682828","1500","47.74.8.123","80","100.64.0.5","45946","1448","1477295324","481213259","2333896395","3276876420"
"21:10:32.727466","1500","47.74.8.123","80","100.64.0.5","45946","1448","1477296772","481213259","2333896447","3276876466"
"21:10:32.788124","1500","47.74.8.123","80","100.64.0.5","45946","1448","1477298220","481213259","2333896499","3276876527"
"21:10:32.833805","1500","47.74.8.123","80","100.64.0.5","45946","1448","1477299668","481213259","2333896550","3276876572"
"21:10:32.894472","1500","47.74.8.123","80","100.64.0.5","45946","1448","1477301116","481213259","2333896602","3276876632"
"21:10:32.939127","1500","47.74.8.123","80","100.64.0.5","45946","1448","1477302564","481213259","2333896654","3276876679"
"21:10:32.985818","1500","47.74.8.123","80","100.64.0.5","45946","1448","1477304012","481213259","2333896705","3276876723"
"21:10:33.046634","1500","47.74.8.123","80","100.64.0.5","45946","1448","1477305460","481213259","2333896757","3276876784"
"21:10:33.091171","1500","47.74.8.123","80","100.64.0.5","45946","1448","1477306908","481213259","2333896809","3276876830"
"21:10:33.152813","1500","47.74.8.123","80","100.64.0.5","45946","1448","1477308356","481213259","2333896860","3276876890"
"21:10:33.197448","1500","47.74.8.123","80","100.64.0.5","45946","1448","1477309804","481213259","2333896912","3276876935"
"21:10:33.243901","1500","47.74.8.123","80","100.64.0.5","45946","1448","1477311252","481213259","2333896964","3276876982"
"21:10:33.303804","1500","47.74.8.123","80","100.64.0.5","45946","1448","1477312700","481213259","2333897015","3276877042"
"21:10:33.349455","1500","47.74.8.123","80","100.64.0.5","45946","1448","1477314148","481213259","2333897067","3276877087"
"21:10:33.409126","1500","47.74.8.123","80","100.64.0.5","45946","1448","1477315596","481213259","2333897119","3276877149"
"21:10:33.455822","1500","47.74.8.123","80","100.64.0.5","45946","1448","1477317044","481213259","2333897170","3276877193"
"21:10:33.515486","1500","47.74.8.123","80","100.64.0.5","45946","1448","1477318492","481213259","2333897222","3276877240"
"21:10:33.561158","1500","47.74.8.123","80","100.64.0.5","45946","1448","1477319940","481213259","2333897274","3276877300"
"21:10:33.606835","1500","47.74.8.123","80","100.64.0.5","45946","1448","1477321388","481213259","2333897325","3276877345"
"21:10:33.667480","1500","47.74.8.123","80","100.64.0.5","45946","1448","1477322836","481213259","2333897377","3276877405"
"21:10:33.712156","1500","47.74.8.123","80","100.64.0.5","45946","1448","1477324284","481213259","2333897429","3276877452"
"21:10:33.773830","1500","47.74.8.123","80","100.64.0.5","45946","1448","1477325732","481213259","2333897480","3276877511"
"21:10:33.818469","1500","47.74.8.123","80","100.64.0.5","45946","1448","1477327180","481213259","2333897532","3276877557"
"21:10:33.864172","1500","47.74.8.123","80","100.64.0.5","45946","1448","1477328628","481213259","2333897584","3276877603"
"21:10:33.924823","1500","47.74.8.123","80","100.64.0.5","45946","1448","1477330076","481213259","2333897635","3276877663"
"21:10:33.970477","1500","47.74.8.123","80","100.64.0.5","45946","1448","1477331524","481213259","2333897687","3276877708"
"21:10:34.030142","1500","47.74.8.123","80","100.64.0.5","45946","1448","1477332972","481213259","2333897739","3276877770"
"21:10:34.076885","1500","47.74.8.123","80","100.64.0.5","45946","1448","1477334420","481213259","2333897790","3276877814"
"21:10:34.121523","1500","47.74.8.123","80","100.64.0.5","45946","1448","1477335868","481213259","2333897842","3276877860"
"21:10:34.182150","1500","47.74.8.123","80","100.64.0.5","45946","1448","1477337316","481213259","2333897894","3276877921"
"21:10:34.227822","1500","47.74.8.123","80","100.64.0.5","45946","1448","1477338764","481213259","2333897945","3276877966"
"21:10:34.288517","1500","47.74.8.123","80","100.64.0.5","45946","1448","1477340212","481213259","2333897997","3276878026"
"21:10:34.333178","1500","47.74.8.123","80","100.64.0.5","45946","1448","1477341660","481213259","2333898049","3276878073"
"21:10:34.394812","1500","47.74.8.123","80","100.64.0.5","45946","1448","1477343108","481213259","2333898100","3276878117"
"21:10:34.439486","1500","47.74.8.123","80","100.64.0.5","45946","1448","1477344556","481213259","2333898152","3276878178"
"21:10:34.485206","1500","47.74.8.123","80","100.64.0.5","45946","1448","1477346004","481213259","2333898204","3276878224"
"21:10:34.546872","1500","47.74.8.123","80","100.64.0.5","45946","1448","1477347452","481213259","2333898255","3276878284"
"21:10:34.591514","1500","47.74.8.123","80","100.64.0.5","45946","1448","1477348900","481213259","2333898307","3276878329"
"21:10:34.652976","1500","47.74.8.123","80","100.64.0.5","45946","1448","1477350348","481213259","2333898359","3276878391"
"21:10:34.697868","1500","47.74.8.123","80","100.64.0.5","45946","1448","1477351796","481213259","2333898410","3276878435"
"21:10:34.743511","1500","47.74.8.123","80","100.64.0.5","45946","1448","1477353244","481213259","2333898462","3276878481"
"21:10:34.818340","1500","47.74.8.123","80","100.64.0.5","45946","1448","1477354692","481213259","2333898514","3276878543"
"21:10:34.849855","1500","47.74.8.123","80","100.64.0.5","45946","1448","1477356140","481213260","2333898565","3276878597"
"21:10:34.909552","1500","47.74.8.123","80","100.64.0.5","45946","1448","1477357588","481213260","2333898617","3276878597"
"21:10:34.955785","1500","47.74.8.123","80","100.64.0.5","45946","1448","1477359036","481213260","2333898669","3276878597"
"21:10:35.000849","1500","47.74.8.123","80","100.64.0.5","45946","1448","1477360484","481213260","2333898720","3276878597"
"21:10:35.062049","1500","47.74.8.123","80","100.64.0.5","45946","1448","1477361932","481213260","2333898772","3276878597"
