_ws.col.Time,frame.len,ip.src,tcp.srcport,ip.dst,tcp.dstport,tcp.len,tcp.seq_raw,tcp.ack_raw,tcp.options.timestamp.tsval,tcp.options.timestamp.tsecr
"13:34:48.070157","60","47.74.8.123","80","100.64.0.2","38792","0","812735837","1444649509","2392951879","3335931966"
"13:34:48.227058","52","47.74.8.123","80","100.64.0.2","38792","0","812735838","1444649655","2392952037","3335932115"
"13:34:48.227077","1500","47.74.8.123","80","100.64.0.2","38792","1448","812735838","1444649655","2392952037","3335932115"
"13:34:48.227083","1500","47.74.8.123","80","100.64.0.2","38792","1448","812737286","1444649655","2392952037","3335932115"
"13:34:48.227088","1500","47.74.8.123","80","100.64.0.2","38792","1448","812738734","1444649655","2392952037","3335932115"
"13:34:48.227093","1500","47.74.8.123","80","100.64.0.2","38792","1448","812740182","1444649655","2392952037","3335932115"
"13:34:48.228211","1500","47.74.8.123","80","100.64.0.2","38792","1448","812741630","1444649655","2392952037","3335932115"
"13:34:48.228221","1500","47.74.8.123","80","100.64.0.2","38792","1448","812743078","1444649655","2392952037","3335932115"
"13:34:48.228225","1500","47.74.8.123","80","100.64.0.2","38792","1448","812744526","1444649655","2392952037","3335932115"
"13:34:48.228234","1500","47.74.8.123","80","100.64.0.2","38792","1448","812745974","1444649655","2392952037","3335932115"
"13:34:48.228240","1500","47.74.8.123","80","100.64.0.2","38792","1448","812747422","1444649655","2392952037","3335932115"
"13:34:48.228245","1500","47.74.8.123","80","100.64.0.2","38792","1448","812748870","1444649655","2392952037","3335932115"
"13:34:48.395055","1500","47.74.8.123","80","100.64.0.2","38792","1448","812750318","1444649655","2392952204","3335932283"
"13:34:48.395067","1500","47.74.8.123","80","100.64.0.2","38792","1448","812751766","1444649655","2392952204","3335932283"
"13:34:48.407006","1500","47.74.8.123","80","100.64.0.2","38792","1448","812753214","1444649655","2392952216","3335932295"
"13:34:48.407016","1500","47.74.8.123","80","100.64.0.2","38792","1448","812754662","1444649655","2392952216","3335932295"
"13:34:48.419096","1500","47.74.8.123","80","100.64.0.2","38792","1448","812756110","1444649655","2392952228","3335932308"
"13:34:48.419106","1500","47.74.8.123","80","100.64.0.2","38792","1448","812757558","1444649655","2392952228","3335932308"
"13:34:48.432149","1500","47.74.8.123","80","100.64.0.2","38792","1448","812759006","1444649655","2392952241","3335932320"
"13:34:48.432159","1500","47.74.8.123","80","100.64.0.2","38792","1448","812760454","1444649655","2392952241","3335932320"
"13:34:48.444239","1500","47.74.8.123","80","100.64.0.2","38792","1448","812761902","1444649655","2392952254","3335932332"
"13:34:48.444249","1500","47.74.8.123","80","100.64.0.2","38792","1448","812763350","1444649655","2392952254","3335932332"
"13:34:48.456349","1500","47.74.8.123","80","100.64.0.2","38792","1448","812764798","1444649655","2392952266","3335932344"
"13:34:48.456362","1500","47.74.8.123","80","100.64.0.2","38792","1448","812766246","1444649655","2392952266","3335932344"
"13:34:48.468417","1500","47.74.8.123","80","100.64.0.2","38792","1448","812767694","1444649655","2392952278","3335932356"
"13:34:48.468430","1500","47.74.8.123","80","100.64.0.2","38792","1448","812769142","1444649655","2392952278","3335932356"
"13:34:48.480483","1500","47.74.8.123","80","100.64.0.2","38792","1448","812770590","1444649655","2392952290","3335932368"
"13:34:48.480493","1500","47.74.8.123","80","100.64.0.2","38792","1448","812772038","1444649655","2392952290","3335932368"
"13:34:48.492563","1500","47.74.8.123","80","100.64.0.2","38792","1448","812773486","1444649655","2392952302","3335932380"
"13:34:48.492574","1500","47.74.8.123","80","100.64.0.2","38792","1448","812774934","1444649655","2392952302","3335932380"
"13:34:48.504646","1500","47.74.8.123","80","100.64.0.2","38792","1448","812776382","1444649655","2392952314","3335932392"
"13:34:48.504656","1500","47.74.8.123","80","100.64.0.2","38792","1448","812777830","1444649655","2392952314","3335932392"
"13:34:48.552681","1500","47.74.8.123","80","100.64.0.2","38792","1448","812779278","1444649655","2392952362","3335932440"
"13:34:48.552693","1500","47.74.8.123","80","100.64.0.2","38792","1448","812780726","1444649655","2392952362","3335932440"
"13:34:48.564699","1500","47.74.8.123","80","100.64.0.2","38792","1448","812782174","1444649655","2392952374","3335932452"
"13:34:48.564713","1500","47.74.8.123","80","100.64.0.2","38792","1448","812783622","1444649655","2392952374","3335932452"
"13:34:48.576740","1500","47.74.8.123","80","100.64.0.2","38792","1448","812785070","1444649655","2392952386","3335932464"
"13:34:48.576752","1500","47.74.8.123","80","100.64.0.2","38792","1448","812786518","1444649655","2392952386","3335932464"
"13:34:48.588846","1500","47.74.8.123","80","100.64.0.2","38792","1448","812787966","1444649655","2392952398","3335932476"
"13:34:48.588858","1500","47.74.8.123","80","100.64.0.2","38792","1448","812789414","1444649655","2392952398","3335932476"
"13:34:48.599940","1500","47.74.8.123","80","100.64.0.2","38792","1448","812790862","1444649655","2392952409","3335932488"
"13:34:48.599949","1500","47.74.8.123","80","100.64.0.2","38792","1448","812792310","1444649655","2392952409","3335932488"
"13:34:48.612057","1500","47.74.8.123","80","100.64.0.2","38792","1448","812793758","1444649655","2392952421","3335932501"
"13:34:48.612066","1500","47.74.8.123","80","100.64.0.2","38792","1448","812795206","1444649655","2392952421","3335932501"
"13:34:48.624115","1500","47.74.8.123","80","100.64.0.2","38792","1448","812796654","1444649655","2392952433","3335932513"
"13:34:48.624127","1500","47.74.8.123","80","100.64.0.2","38792","1448","812798102","1444649655","2392952433","3335932513"
"13:34:48.637209","1500","47.74.8.123","80","100.64.0.2","38792","1448","812799550","1444649655","2392952446","3335932525"
"13:34:48.637220","1500","47.74.8.123","80","100.64.0.2","38792","1448","812800998","1444649655","2392952446","3335932525"
"13:34:48.648309","1500","47.74.8.123","80","100.64.0.2","38792","1448","812802446","1444649655","2392952458","3335932537"
"13:34:48.648319","1500","47.74.8.123","80","100.64.0.2","38792","1448","812803894","1444649655","2392952458","3335932537"
"13:34:48.660366","1500","47.74.8.123","80","100.64.0.2","38792","1448","812805342","1444649655","2392952470","3335932548"
"13:34:48.660376","1500","47.74.8.123","80","100.64.0.2","38792","1448","812806790","1444649655","2392952470","3335932548"
"13:34:48.672111","1500","47.74.8.123","80","100.64.0.2","38792","1448","812808238","1444649655","2392952481","3335932560"
"13:34:48.672126","1500","47.74.8.123","80","100.64.0.2","38792","1448","812809686","1444649655","2392952481","3335932560"
"13:34:48.684183","1500","47.74.8.123","80","100.64.0.2","38792","1448","812811134","1444649655","2392952493","3335932572"
"13:34:48.684193","1500","47.74.8.123","80","100.64.0.2","38792","1448","812812582","1444649655","2392952493","3335932572"
"13:34:48.697335","1500","47.74.8.123","80","100.64.0.2","38792","1448","812814030","1444649655","2392952507","3335932584"
"13:34:48.697349","1500","47.74.8.123","80","100.64.0.2","38792","1448","812815478","1444649655","2392952507","3335932584"
"13:34:48.709360","1500","47.74.8.123","80","100.64.0.2","38792","1448","812816926","1444649655","2392952519","3335932597"
"13:34:48.709378","1500","47.74.8.123","80","100.64.0.2","38792","1448","812818374","1444649655","2392952519","3335932597"
"13:34:48.721428","1500","47.74.8.123","80","100.64.0.2","38792","1448","812819822","1444649655","2392952531","3335932609"
"13:34:48.721441","1500","47.74.8.123","80","100.64.0.2","38792","1448","812821270","1444649655","2392952531","3335932609"
"13:34:48.733554","1500","47.74.8.123","80","100.64.0.2","38792","1448","812822718","1444649655","2392952543","3335932621"
"13:34:48.733565","1500","47.74.8.123","80","100.64.0.2","38792","1448","812824166","1444649655","2392952543","3335932621"
"13:34:48.745614","1500","47.74.8.123","80","100.64.0.2","38792","1448","812825614","1444649655","2392952555","3335932633"
"13:34:48.745624","1500","47.74.8.123","80","100.64.0.2","38792","1448","812827062","1444649655","2392952555","3335932633"
"13:34:48.757497","1500","47.74.8.123","80","100.64.0.2","38792","1448","812828510","1444649655","2392952567","3335932645"
"13:34:48.757509","1500","47.74.8.123","80","100.64.0.2","38792","1448","812829958","1444649655","2392952567","3335932645"
"13:34:48.769731","1500","47.74.8.123","80","100.64.0.2","38792","1448","812831406","1444649655","2392952579","3335932657"
"13:34:48.769743","1500","47.74.8.123","80","100.64.0.2","38792","1448","812832854","1444649655","2392952579","3335932657"
"13:34:48.781630","1500","47.74.8.123","80","100.64.0.2","38792","1448","812834302","1444649655","2392952591","3335932669"
"13:34:48.781641","1500","47.74.8.123","80","100.64.0.2","38792","1448","812835750","1444649655","2392952591","3335932669"
"13:34:48.793611","1500","47.74.8.123","80","100.64.0.2","38792","1448","812837198","1444649655","2392952603","3335932681"
"13:34:48.793623","1500","47.74.8.123","80","100.64.0.2","38792","1448","812838646","1444649655","2392952603","3335932681"
"13:34:48.805676","1500","47.74.8.123","80","100.64.0.2","38792","1448","812840094","1444649655","2392952615","3335932693"
"13:34:48.805688","1500","47.74.8.123","80","100.64.0.2","38792","1448","812841542","1444649655","2392952615","3335932693"
"13:34:48.823266","1500","47.74.8.123","80","100.64.0.2","38792","1448","812842990","1444649655","2392952627","3335932705"
"13:34:48.823278","1500","47.74.8.123","80","100.64.0.2","38792","1448","812844438","1444649655","2392952627","3335932705"
"13:34:48.829831","1500","47.74.8.123","80","100.64.0.2","38792","1448","812845886","1444649655","2392952639","3335932717"
"13:34:48.829841","1500","47.74.8.123","80","100.64.0.2","38792","1448","812847334","1444649655","2392952639","3335932717"
"13:34:48.841822","1500","47.74.8.123","80","100.64.0.2","38792","1448","812848782","1444649655","2392952651","3335932729"
"13:34:48.841833","1500","47.74.8.123","80","100.64.0.2","38792","1448","812850230","1444649655","2392952651","3335932729"
"13:34:48.852988","1500","47.74.8.123","80","100.64.0.2","38792","1448","812851678","1444649655","2392952662","3335932742"
"13:34:48.852997","1500","47.74.8.123","80","100.64.0.2","38792","1448","812853126","1444649655","2392952662","3335932742"
"13:34:48.868707","1500","47.74.8.123","80","100.64.0.2","38792","1448","812854574","1444649655","2392952678","3335932754"
"13:34:48.868743","1500","47.74.8.123","80","100.64.0.2","38792","1448","812856022","1444649655","2392952678","3335932754"
"13:34:48.876005","1500","47.74.8.123","80","100.64.0.2","38792","1448","812857470","1444649655","2392952686","3335932766"
"13:34:48.877113","1500","47.74.8.123","80","100.64.0.2","38792","1448","812858918","1444649655","2392952686","3335932766"
"13:34:48.890158","1500","47.74.8.123","80","100.64.0.2","38792","1448","812860366","1444649655","2392952699","3335932778"
"13:34:48.890169","1500","47.74.8.123","80","100.64.0.2","38792","1448","812861814","1444649655","2392952699","3335932778"
"13:34:48.901427","1500","47.74.8.123","80","100.64.0.2","38792","1448","812863262","1444649655","2392952711","3335932790"
"13:34:48.901437","1500","47.74.8.123","80","100.64.0.2","38792","1448","812864710","1444649655","2392952711","3335932790"
"13:34:48.920053","1500","47.74.8.123","80","100.64.0.2","38792","1448","812866158","1444649655","2392952729","3335932802"
"13:34:48.920065","1500","47.74.8.123","80","100.64.0.2","38792","1448","812867606","1444649655","2392952729","3335932802"
"13:34:48.925073","1500","47.74.8.123","80","100.64.0.2","38792","1448","812869054","1444649655","2392952734","3335932814"
"13:34:48.937109","1500","47.74.8.123","80","100.64.0.2","38792","1448","812870502","1444649655","2392952746","3335932825"
"13:34:48.950181","1500","47.74.8.123","80","100.64.0.2","38792","1448","812795206","1444649655","2392952759","3335932838"
"13:34:48.962258","1500","47.74.8.123","80","100.64.0.2","38792","1448","812871950","1444649655","2392952772","3335932851"
"13:34:48.974326","1500","47.74.8.123","80","100.64.0.2","38792","1448","812873398","1444649655","2392952784","3335932862"
"13:34:48.986412","1500","47.74.8.123","80","100.64.0.2","38792","1448","812874846","1444649655","2392952796","3335932874"
"13:34:48.998287","1500","47.74.8.123","80","100.64.0.2","38792","1448","812876294","1444649655","2392952808","3335932886"
"13:34:49.010239","1500","47.74.8.123","80","100.64.0.2","38792","1448","812877742","1444649655","2392952820","3335932898"
"13:34:49.022330","1500","47.74.8.123","80","100.64.0.2","38792","1448","812879190","1444649655","2392952832","3335932910"
"13:34:49.034414","1500","47.74.8.123","80","100.64.0.2","38792","1448","812880638","1444649655","2392952844","3335932922"
"13:34:49.058516","1500","47.74.8.123","80","100.64.0.2","38792","1448","812882086","1444649655","2392952868","3335932946"
"13:34:49.070579","1500","47.74.8.123","80","100.64.0.2","38792","1448","812883534","1444649655","2392952880","3335932958"
"13:34:49.082455","1500","47.74.8.123","80","100.64.0.2","38792","1448","812884982","1444649655","2392952892","3335932970"
"13:34:49.094416","1500","47.74.8.123","80","100.64.0.2","38792","1448","812886430","1444649655","2392952904","3335932982"
"13:34:49.106479","1500","47.74.8.123","80","100.64.0.2","38792","1448","812887878","1444649655","2392952916","3335932994"
"13:34:49.118541","1500","47.74.8.123","80","100.64.0.2","38792","1448","812889326","1444649655","2392952928","3335933006"
"13:34:49.130658","1500","47.74.8.123","80","100.64.0.2","38792","1448","812890774","1444649655","2392952940","3335933018"
"13:34:49.154768","1500","47.74.8.123","80","100.64.0.2","38792","1448","812892222","1444649655","2392952964","3335933042"
"13:34:49.166843","1500","47.74.8.123","80","100.64.0.2","38792","1448","812893670","1444649655","2392952976","3335933054"
"13:34:49.178599","1500","47.74.8.123","80","100.64.0.2","38792","1448","812895118","1444649655","2392952988","3335933066"
"13:34:49.190613","1500","47.74.8.123","80","100.64.0.2","38792","1448","812896566","1444649655","2392953000","3335933079"
"13:34:49.203715","1500","47.74.8.123","80","100.64.0.2","38792","1448","812898014","1444649655","2392953013","3335933091"
"13:34:49.215866","1500","47.74.8.123","80","100.64.0.2","38792","1448","812899462","1444649655","2392953025","3335933103"
"13:34:49.226898","1500","47.74.8.123","80","100.64.0.2","38792","1448","812900910","1444649655","2392953036","3335933115"
"13:34:49.238918","1500","47.74.8.123","80","100.64.0.2","38792","1448","812902358","1444649655","2392953048","3335933127"
"13:34:49.275805","1500","47.74.8.123","80","100.64.0.2","38792","1448","812798102","1444649655","2392953085","3335933164"
"13:34:49.286874","1500","47.74.8.123","80","100.64.0.2","38792","1448","812903806","1444649655","2392953096","3335933176"
"13:34:49.299088","1500","47.74.8.123","80","100.64.0.2","38792","1448","812905254","1444649655","2392953108","3335933187"
"13:34:49.311055","1500","47.74.8.123","80","100.64.0.2","38792","1448","812906702","1444649655","2392953120","3335933200"
"13:34:49.324014","1500","47.74.8.123","80","100.64.0.2","38792","1448","812908150","1444649655","2392953133","3335933212"
"13:34:49.335177","1500","47.74.8.123","80","100.64.0.2","38792","1448","812909598","1444649655","2392953144","3335933223"
"13:34:49.347221","1500","47.74.8.123","80","100.64.0.2","38792","1448","812911046","1444649655","2392953157","3335933235"
"13:34:49.359005","1500","47.74.8.123","80","100.64.0.2","38792","1448","812912494","1444649655","2392953168","3335933247"
"13:34:49.371059","1500","47.74.8.123","80","100.64.0.2","38792","1448","812913942","1444649655","2392953180","3335933259"
"13:34:49.383215","1500","47.74.8.123","80","100.64.0.2","38792","1448","812915390","1444649655","2392953192","3335933271"
"13:34:49.395198","1500","47.74.8.123","80","100.64.0.2","38792","1448","812916838","1444649655","2392953204","3335933284"
"13:34:49.407209","1500","47.74.8.123","80","100.64.0.2","38792","1448","812918286","1444649655","2392953216","3335933295"
"13:34:49.419358","1500","47.74.8.123","80","100.64.0.2","38792","1448","812919734","1444649655","2392953229","3335933307"
"13:34:49.431397","1500","47.74.8.123","80","100.64.0.2","38792","1448","812921182","1444649655","2392953241","3335933319"
"13:34:49.444181","1500","47.74.8.123","80","100.64.0.2","38792","1448","812922630","1444649655","2392953253","3335933331"
"13:34:49.456258","1500","47.74.8.123","80","100.64.0.2","38792","1448","812924078","1444649655","2392953266","3335933344"
"13:34:49.468349","1500","47.74.8.123","80","100.64.0.2","38792","1448","812925526","1444649655","2392953278","3335933356"
"13:34:49.480366","1500","47.74.8.123","80","100.64.0.2","38792","1448","812926974","1444649655","2392953290","3335933368"
"13:34:49.492411","1500","47.74.8.123","80","100.64.0.2","38792","1448","812928422","1444649655","2392953302","3335933380"
"13:34:49.504513","1500","47.74.8.123","80","100.64.0.2","38792","1448","812929870","1444649655","2392953314","3335933392"
"13:34:49.516594","1500","47.74.8.123","80","100.64.0.2","38792","1448","812931318","1444649655","2392953326","3335933404"
"13:34:49.528350","1500","47.74.8.123","80","100.64.0.2","38792","1448","812800998","1444649655","2392953338","3335933416"
"13:34:49.528360","1500","47.74.8.123","80","100.64.0.2","38792","1448","812932766","1444649655","2392953338","3335933416"
"13:34:49.540393","1500","47.74.8.123","80","100.64.0.2","38792","1448","812934214","1444649655","2392953350","3335933428"
"13:34:49.552529","1500","47.74.8.123","80","100.64.0.2","38792","1448","812935662","1444649655","2392953362","3335933440"
"13:34:49.564566","1500","47.74.8.123","80","100.64.0.2","38792","1448","812937110","1444649655","2392953374","3335933452"
"13:34:49.576573","1500","47.74.8.123","80","100.64.0.2","38792","1448","812938558","1444649655","2392953386","3335933464"
"13:34:49.588677","1500","47.74.8.123","80","100.64.0.2","38792","1448","812940006","1444649655","2392953398","3335933476"
"13:34:49.600728","1500","47.74.8.123","80","100.64.0.2","38792","1448","812941454","1444649655","2392953410","3335933488"
"13:34:49.612508","1500","47.74.8.123","80","100.64.0.2","38792","1448","812942902","1444649655","2392953422","3335933500"
"13:34:49.624593","1500","47.74.8.123","80","100.64.0.2","38792","1448","812944350","1444649655","2392953434","3335933512"
"13:34:49.636669","1500","47.74.8.123","80","100.64.0.2","38792","1448","812945798","1444649655","2392953446","3335933525"
"13:34:49.648748","1500","47.74.8.123","80","100.64.0.2","38792","1448","812947246","1444649655","2392953458","3335933536"
"13:34:49.660731","1500","47.74.8.123","80","100.64.0.2","38792","1448","812948694","1444649655","2392953470","3335933548"
"13:34:49.672832","1500","47.74.8.123","80","100.64.0.2","38792","1448","812950142","1444649655","2392953482","3335933560"
"13:34:49.683890","1500","47.74.8.123","80","100.64.0.2","38792","1448","812951590","1444649655","2392953493","3335933573"
"13:34:49.697675","1500","47.74.8.123","80","100.64.0.2","38792","1448","812953038","1444649655","2392953507","3335933585"
"13:34:49.708686","1500","47.74.8.123","80","100.64.0.2","38792","1448","812954486","1444649655","2392953518","3335933598"
"13:34:49.722839","1500","47.74.8.123","80","100.64.0.2","38792","1448","812955934","1444649655","2392953532","3335933610"
"13:34:49.732950","1500","47.74.8.123","80","100.64.0.2","38792","1448","812957382","1444649655","2392953542","3335933621"
"13:34:49.744922","1500","47.74.8.123","80","100.64.0.2","38792","1448","812958830","1444649655","2392953554","3335933634"
"13:34:49.757008","1500","47.74.8.123","80","100.64.0.2","38792","1448","812960278","1444649655","2392953566","3335933646"
"13:34:49.770087","1500","47.74.8.123","80","100.64.0.2","38792","1448","812961726","1444649655","2392953579","3335933658"
"13:34:49.782810","1500","47.74.8.123","80","100.64.0.2","38792","1448","812803894","1444649655","2392953592","3335933670"
"13:34:49.782822","1500","47.74.8.123","80","100.64.0.2","38792","1448","812963174","1444649655","2392953592","3335933670"
"13:34:49.792865","1500","47.74.8.123","80","100.64.0.2","38792","1448","812964622","1444649655","2392953602","3335933682"
"13:34:49.805045","1500","47.74.8.123","80","100.64.0.2","38792","1448","812966070","1444649655","2392953614","3335933693"
"13:34:49.816994","1500","47.74.8.123","80","100.64.0.2","38792","1448","812967518","1444649655","2392953626","3335933706"
"13:34:49.829123","1500","47.74.8.123","80","100.64.0.2","38792","1448","812968966","1444649655","2392953638","3335933718"
"13:34:49.841150","1500","47.74.8.123","80","100.64.0.2","38792","1448","812970414","1444649655","2392953650","3335933730"
"13:34:49.853270","1500","47.74.8.123","80","100.64.0.2","38792","1448","812971862","1444649655","2392953663","3335933742"
"13:34:49.864997","1500","47.74.8.123","80","100.64.0.2","38792","1448","812973310","1444649655","2392953674","3335933753"
"13:34:49.877022","1500","47.74.8.123","80","100.64.0.2","38792","1448","812974758","1444649655","2392953686","3335933765"
"13:34:49.889015","1500","47.74.8.123","80","100.64.0.2","38792","1448","812976206","1444649655","2392953698","3335933777"
"13:34:49.901149","1500","47.74.8.123","80","100.64.0.2","38792","1448","812977654","1444649655","2392953710","3335933790"
"13:34:49.913253","1500","47.74.8.123","80","100.64.0.2","38792","1448","812979102","1444649655","2392953723","3335933801"
"13:34:49.925315","1500","47.74.8.123","80","100.64.0.2","38792","1448","812980550","1444649655","2392953735","3335933813"
"13:34:49.937443","1500","47.74.8.123","80","100.64.0.2","38792","1448","812981998","1444649655","2392953747","3335933825"
"13:34:49.950170","1500","47.74.8.123","80","100.64.0.2","38792","1448","812983446","1444649655","2392953759","3335933837"
"13:34:49.962230","1500","47.74.8.123","80","100.64.0.2","38792","1448","812984894","1444649655","2392953772","3335933850"
"13:34:49.983162","1500","47.74.8.123","80","100.64.0.2","38792","1448","812986342","1444649655","2392953783","3335933862"
"13:34:49.986321","1500","47.74.8.123","80","100.64.0.2","38792","1448","812987790","1444649655","2392953796","3335933874"
"13:34:49.998410","1500","47.74.8.123","80","100.64.0.2","38792","1448","812989238","1444649655","2392953808","3335933886"
"13:34:50.010480","1500","47.74.8.123","80","100.64.0.2","38792","1448","812990686","1444649655","2392953820","3335933898"
"13:34:50.022581","1500","47.74.8.123","80","100.64.0.2","38792","1448","812992134","1444649655","2392953832","3335933910"
"13:34:50.034672","1500","47.74.8.123","80","100.64.0.2","38792","1448","812993582","1444649655","2392953844","3335933922"
"13:34:50.045019","1500","47.74.8.123","80","100.64.0.2","38792","1448","812806790","1444649655","2392953855","3335933934"
"13:34:50.046137","1500","47.74.8.123","80","100.64.0.2","38792","1448","812995030","1444649655","2392953855","3335933934"
"13:34:50.058336","1500","47.74.8.123","80","100.64.0.2","38792","1448","812996478","1444649655","2392953868","3335933946"
"13:34:50.082682","1500","47.74.8.123","80","100.64.0.2","38792","1448","812997926","1444649655","2392953892","3335933958"
"13:34:50.082720","1500","47.74.8.123","80","100.64.0.2","38792","1448","812999374","1444649655","2392953892","3335933970"
"13:34:50.094643","1500","47.74.8.123","80","100.64.0.2","38792","1448","813000822","1444649655","2392953904","3335933982"
"13:34:50.323844","1500","47.74.8.123","80","100.64.0.2","38792","1448","812809686","1444649655","2392954133","3335934211"
"13:34:50.323858","1500","47.74.8.123","80","100.64.0.2","38792","1448","813002270","1444649655","2392954133","3335934211"
"13:34:50.323891","1500","47.74.8.123","80","100.64.0.2","38792","1448","813003718","1444649655","2392954133","3335934211"
"13:34:50.323900","1500","47.74.8.123","80","100.64.0.2","38792","1448","813005166","1444649655","2392954133","3335934211"
"13:34:50.323905","1500","47.74.8.123","80","100.64.0.2","38792","1448","813006614","1444649655","2392954133","3335934211"
"13:34:50.480499","1500","47.74.8.123","80","100.64.0.2","38792","1448","812812582","1444649655","2392954290","3335934368"
"13:34:50.480512","1500","47.74.8.123","80","100.64.0.2","38792","1448","813008062","1444649655","2392954290","3335934368"
"13:34:50.480516","1500","47.74.8.123","80","100.64.0.2","38792","1448","813009510","1444649655","2392954290","3335934368"
"13:34:50.480521","1500","47.74.8.123","80","100.64.0.2","38792","1448","813010958","1444649655","2392954290","3335934368"
"13:34:50.480526","1500","47.74.8.123","80","100.64.0.2","38792","1448","813012406","1444649655","2392954290","3335934368"
"13:34:50.636202","1500","47.74.8.123","80","100.64.0.2","38792","1448","812815478","1444649655","2392954445","3335934525"
"13:34:50.636217","1500","47.74.8.123","80","100.64.0.2","38792","1448","813013854","1444649655","2392954445","3335934525"
"13:34:50.636230","1500","47.74.8.123","80","100.64.0.2","38792","1448","813015302","1444649655","2392954445","3335934525"
"13:34:50.636236","1500","47.74.8.123","80","100.64.0.2","38792","1448","813016750","1444649655","2392954445","3335934525"
"13:34:50.636244","1500","47.74.8.123","80","100.64.0.2","38792","1448","813018198","1444649655","2392954445","3335934525"
"13:34:50.793942","1500","47.74.8.123","80","100.64.0.2","38792","1448","812818374","1444649655","2392954603","3335934681"
"13:34:50.793956","1500","47.74.8.123","80","100.64.0.2","38792","1448","813019646","1444649655","2392954603","3335934681"
"13:34:50.793961","1500","47.74.8.123","80","100.64.0.2","38792","1448","813021094","1444649655","2392954603","3335934681"
"13:34:50.793965","1500","47.74.8.123","80","100.64.0.2","38792","1448","813022542","1444649655","2392954603","3335934681"
"13:34:50.793971","1500","47.74.8.123","80","100.64.0.2","38792","1448","813023990","1444649655","2392954603","3335934681"
"13:34:50.950629","1500","47.74.8.123","80","100.64.0.2","38792","1448","812821270","1444649655","2392954760","3335934837"
"13:34:50.950642","1500","47.74.8.123","80","100.64.0.2","38792","1448","813025438","1444649655","2392954760","3335934837"
"13:34:50.950647","1500","47.74.8.123","80","100.64.0.2","38792","1448","813026886","1444649655","2392954760","3335934837"
"13:34:50.950681","1500","47.74.8.123","80","100.64.0.2","38792","1448","813028334","1444649655","2392954760","3335934837"
"13:34:50.950688","1500","47.74.8.123","80","100.64.0.2","38792","1448","813029782","1444649655","2392954760","3335934837"
"13:34:51.107291","1500","47.74.8.123","80","100.64.0.2","38792","1448","812824166","1444649655","2392954917","3335934995"
"13:34:51.107305","1500","47.74.8.123","80","100.64.0.2","38792","1448","813031230","1444649655","2392954917","3335934995"
"13:34:51.107309","1500","47.74.8.123","80","100.64.0.2","38792","1448","813032678","1444649655","2392954917","3335934995"
"13:34:51.107314","1500","47.74.8.123","80","100.64.0.2","38792","1448","813034126","1444649655","2392954917","3335934995"
"13:34:51.107319","1500","47.74.8.123","80","100.64.0.2","38792","1448","813035574","1444649655","2392954917","3335934995"
"13:34:51.263922","1500","47.74.8.123","80","100.64.0.2","38792","1448","812827062","1444649655","2392955073","3335935151"
"13:34:51.263936","1500","47.74.8.123","80","100.64.0.2","38792","1448","813037022","1444649655","2392955073","3335935151"
"13:34:51.263941","1500","47.74.8.123","80","100.64.0.2","38792","1448","813038470","1444649655","2392955073","3335935151"
"13:34:51.263945","1500","47.74.8.123","80","100.64.0.2","38792","1448","813039918","1444649655","2392955073","3335935151"
"13:34:51.263952","1500","47.74.8.123","80","100.64.0.2","38792","1448","813041366","1444649655","2392955073","3335935151"
"13:34:51.419567","1500","47.74.8.123","80","100.64.0.2","38792","1448","812829958","1444649655","2392955229","3335935307"
"13:34:51.419580","1500","47.74.8.123","80","100.64.0.2","38792","1448","813042814","1444649655","2392955229","3335935307"
"13:34:51.419585","1500","47.74.8.123","80","100.64.0.2","38792","1448","813044262","1444649655","2392955229","3335935307"
"13:34:51.419589","1500","47.74.8.123","80","100.64.0.2","38792","1448","813045710","1444649655","2392955229","3335935307"
"13:34:51.419594","1500","47.74.8.123","80","100.64.0.2","38792","1448","813047158","1444649655","2392955229","3335935307"
"13:34:51.576396","1500","47.74.8.123","80","100.64.0.2","38792","1448","812834302","1444649655","2392955386","3335935465"
"13:34:51.576409","1500","47.74.8.123","80","100.64.0.2","38792","1448","813048606","1444649655","2392955386","3335935465"
"13:34:51.576414","1500","47.74.8.123","80","100.64.0.2","38792","1448","813050054","1444649655","2392955386","3335935465"
"13:34:51.576420","1500","47.74.8.123","80","100.64.0.2","38792","1448","813051502","1444649655","2392955386","3335935465"
"13:34:51.576455","1500","47.74.8.123","80","100.64.0.2","38792","1448","813052950","1444649655","2392955386","3335935465"
"13:34:51.576462","1500","47.74.8.123","80","100.64.0.2","38792","1448","813054398","1444649655","2392955386","3335935465"
"13:34:51.732048","1500","47.74.8.123","80","100.64.0.2","38792","1448","812835750","1444649655","2392955542","3335935621"
"13:34:51.732060","1500","47.74.8.123","80","100.64.0.2","38792","1448","813055846","1444649655","2392955542","3335935621"
"13:34:51.732066","1500","47.74.8.123","80","100.64.0.2","38792","1448","813057294","1444649655","2392955542","3335935621"
"13:34:51.733136","1500","47.74.8.123","80","100.64.0.2","38792","1448","813058742","1444649655","2392955542","3335935621"
"13:34:51.889784","1500","47.74.8.123","80","100.64.0.2","38792","1448","812838646","1444649655","2392955699","3335935777"
"13:34:51.889796","1500","47.74.8.123","80","100.64.0.2","38792","1448","813060190","1444649655","2392955699","3335935777"
"13:34:51.889801","1500","47.74.8.123","80","100.64.0.2","38792","1448","813061638","1444649655","2392955699","3335935777"
"13:34:51.889806","1500","47.74.8.123","80","100.64.0.2","38792","1448","813063086","1444649655","2392955699","3335935777"
"13:34:51.889811","1500","47.74.8.123","80","100.64.0.2","38792","1448","813064534","1444649655","2392955699","3335935777"
"13:34:52.046381","1500","47.74.8.123","80","100.64.0.2","38792","1448","812841542","1444649655","2392955856","3335935934"
"13:34:52.046394","1500","47.74.8.123","80","100.64.0.2","38792","1448","813065982","1444649655","2392955856","3335935934"
"13:34:52.046399","1500","47.74.8.123","80","100.64.0.2","38792","1448","813067430","1444649655","2392955856","3335935934"
"13:34:52.046404","1500","47.74.8.123","80","100.64.0.2","38792","1448","813068878","1444649655","2392955856","3335935934"
"13:34:52.046411","1500","47.74.8.123","80","100.64.0.2","38792","1448","813070326","1444649655","2392955856","3335935934"
"13:34:52.202006","1500","47.74.8.123","80","100.64.0.2","38792","1448","812845886","1444649655","2392956012","3335936090"
"13:34:52.202019","1500","47.74.8.123","80","100.64.0.2","38792","1448","813071774","1444649655","2392956012","3335936090"
"13:34:52.202024","1500","47.74.8.123","80","100.64.0.2","38792","1448","813073222","1444649655","2392956012","3335936090"
"13:34:52.202043","1500","47.74.8.123","80","100.64.0.2","38792","1448","813074670","1444649655","2392956012","3335936090"
"13:34:52.202079","1500","47.74.8.123","80","100.64.0.2","38792","1448","813076118","1444649655","2392956012","3335936090"
"13:34:52.203152","1500","47.74.8.123","80","100.64.0.2","38792","1448","813077566","1444649655","2392956012","3335936090"
"13:34:52.358779","1500","47.74.8.123","80","100.64.0.2","38792","1448","812847334","1444649655","2392956168","3335936247"
"13:34:52.358791","1500","47.74.8.123","80","100.64.0.2","38792","1448","813079014","1444649655","2392956168","3335936247"
"13:34:52.358796","1500","47.74.8.123","80","100.64.0.2","38792","1448","813080462","1444649655","2392956168","3335936247"
"13:34:52.358801","1500","47.74.8.123","80","100.64.0.2","38792","1448","813081910","1444649655","2392956168","3335936247"
"13:34:52.516410","1500","47.74.8.123","80","100.64.0.2","38792","1448","812850230","1444649655","2392956326","3335936405"
"13:34:52.516424","1500","47.74.8.123","80","100.64.0.2","38792","1448","813083358","1444649655","2392956326","3335936405"
"13:34:52.516429","1500","47.74.8.123","80","100.64.0.2","38792","1448","813084806","1444649655","2392956326","3335936405"
"13:34:52.516434","1500","47.74.8.123","80","100.64.0.2","38792","1448","813086254","1444649655","2392956326","3335936405"
"13:34:52.516439","1500","47.74.8.123","80","100.64.0.2","38792","1448","813087702","1444649655","2392956326","3335936405"
"13:34:52.671013","1500","47.74.8.123","80","100.64.0.2","38792","1448","812853126","1444649655","2392956481","3335936560"
"13:34:52.672126","1500","47.74.8.123","80","100.64.0.2","38792","1448","813089150","1444649655","2392956481","3335936560"
"13:34:52.672136","1500","47.74.8.123","80","100.64.0.2","38792","1448","813090598","1444649655","2392956481","3335936560"
"13:34:52.672140","1500","47.74.8.123","80","100.64.0.2","38792","1448","813092046","1444649655","2392956481","3335936560"
"13:34:52.672151","1500","47.74.8.123","80","100.64.0.2","38792","1448","813093494","1444649655","2392956481","3335936560"
"13:34:52.829836","1500","47.74.8.123","80","100.64.0.2","38792","1448","812857470","1444649655","2392956639","3335936717"
"13:34:52.829850","1500","47.74.8.123","80","100.64.0.2","38792","1448","813094942","1444649655","2392956639","3335936717"
"13:34:52.829855","1500","47.74.8.123","80","100.64.0.2","38792","1448","813096390","1444649655","2392956639","3335936717"
"13:34:52.829859","1500","47.74.8.123","80","100.64.0.2","38792","1448","813097838","1444649655","2392956639","3335936717"
"13:34:52.829863","1500","47.74.8.123","80","100.64.0.2","38792","1448","813099286","1444649655","2392956639","3335936717"
"13:34:52.829876","1500","47.74.8.123","80","100.64.0.2","38792","1448","813100734","1444649655","2392956639","3335936717"
"13:34:52.986499","1500","47.74.8.123","80","100.64.0.2","38792","1448","812858918","1444649655","2392956796","3335936874"
"13:34:52.986513","1500","47.74.8.123","80","100.64.0.2","38792","1448","813102182","1444649655","2392956796","3335936874"
"13:34:52.986517","1500","47.74.8.123","80","100.64.0.2","38792","1448","813103630","1444649655","2392956796","3335936874"
"13:34:52.986522","1500","47.74.8.123","80","100.64.0.2","38792","1448","813105078","1444649655","2392956796","3335936874"
"13:34:53.142116","1500","47.74.8.123","80","100.64.0.2","38792","1448","812861814","1444649655","2392956951","3335937031"
"13:34:53.142129","1500","47.74.8.123","80","100.64.0.2","38792","1448","813106526","1444649655","2392956951","3335937031"
"13:34:53.142134","1500","47.74.8.123","80","100.64.0.2","38792","1448","813107974","1444649655","2392956951","3335937031"
"13:34:53.142138","1500","47.74.8.123","80","100.64.0.2","38792","1448","813109422","1444649655","2392956951","3335937031"
"13:34:53.142145","1500","47.74.8.123","80","100.64.0.2","38792","1448","813110870","1444649655","2392956951","3335937031"
"13:34:53.299782","1500","47.74.8.123","80","100.64.0.2","38792","1448","812864710","1444649655","2392957109","3335937187"
"13:34:53.299796","1500","47.74.8.123","80","100.64.0.2","38792","1448","813112318","1444649655","2392957109","3335937187"
"13:34:53.299801","1500","47.74.8.123","80","100.64.0.2","38792","1448","813113766","1444649655","2392957109","3335937187"
"13:34:53.299805","1500","47.74.8.123","80","100.64.0.2","38792","1448","813115214","1444649655","2392957109","3335937187"
"13:34:53.299811","1500","47.74.8.123","80","100.64.0.2","38792","1448","813116662","1444649655","2392957109","3335937187"
"13:34:53.456370","1500","47.74.8.123","80","100.64.0.2","38792","1448","812869054","1444649655","2392957266","3335937345"
"13:34:53.456383","1500","47.74.8.123","80","100.64.0.2","38792","1448","813118110","1444649655","2392957266","3335937345"
"13:34:53.456399","1500","47.74.8.123","80","100.64.0.2","38792","1448","813119558","1444649655","2392957266","3335937345"
"13:34:53.456428","1500","47.74.8.123","80","100.64.0.2","38792","1448","813121006","1444649655","2392957266","3335937345"
"13:34:53.456435","1500","47.74.8.123","80","100.64.0.2","38792","1448","813122454","1444649655","2392957266","3335937345"
"13:34:53.456444","1500","47.74.8.123","80","100.64.0.2","38792","1448","813123902","1444649655","2392957266","3335937345"
"13:34:53.612639","1500","47.74.8.123","80","100.64.0.2","38792","1448","813125350","1444649655","2392957421","3335937500"
"13:34:53.612655","1500","47.74.8.123","80","100.64.0.2","38792","1448","813126798","1444649655","2392957421","3335937500"
"13:34:53.612660","1500","47.74.8.123","80","100.64.0.2","38792","1448","813128246","1444649655","2392957421","3335937500"
"13:34:53.612665","1500","47.74.8.123","80","100.64.0.2","38792","1448","813129694","1444649655","2392957421","3335937500"
"13:34:53.612670","1500","47.74.8.123","80","100.64.0.2","38792","1448","813131142","1444649655","2392957421","3335937500"
"13:34:53.612679","1500","47.74.8.123","80","100.64.0.2","38792","1448","813132590","1444649655","2392957421","3335937500"
"13:34:53.612685","1500","47.74.8.123","80","100.64.0.2","38792","1448","813134038","1444649655","2392957421","3335937500"
"13:34:53.612691","1500","47.74.8.123","80","100.64.0.2","38792","1448","813135486","1444649655","2392957421","3335937500"
"13:34:53.612699","1500","47.74.8.123","80","100.64.0.2","38792","1448","813136934","1444649655","2392957421","3335937500"
"13:34:53.612705","1500","47.74.8.123","80","100.64.0.2","38792","1448","813138382","1444649655","2392957421","3335937500"
"13:34:53.612716","1500","47.74.8.123","80","100.64.0.2","38792","1448","813139830","1444649655","2392957421","3335937500"
"13:34:53.612725","1500","47.74.8.123","80","100.64.0.2","38792","1448","813141278","1444649655","2392957421","3335937500"
"13:34:53.612733","1500","47.74.8.123","80","100.64.0.2","38792","1448","813142726","1444649655","2392957422","3335937500"
"13:34:53.612742","1500","47.74.8.123","80","100.64.0.2","38792","1448","813144174","1444649655","2392957422","3335937500"
"13:34:53.612750","1500","47.74.8.123","80","100.64.0.2","38792","1448","813145622","1444649655","2392957422","3335937500"
"13:34:53.612756","1500","47.74.8.123","80","100.64.0.2","38792","1448","813147070","1444649655","2392957422","3335937500"
"13:34:53.612764","1500","47.74.8.123","80","100.64.0.2","38792","1448","813148518","1444649655","2392957422","3335937500"
"13:34:53.612782","1500","47.74.8.123","80","100.64.0.2","38792","1448","813149966","1444649655","2392957422","3335937500"
"13:34:53.612791","1500","47.74.8.123","80","100.64.0.2","38792","1448","813151414","1444649655","2392957422","3335937500"
"13:34:53.612797","1500","47.74.8.123","80","100.64.0.2","38792","1448","813152862","1444649655","2392957422","3335937500"
"13:34:53.612806","1500","47.74.8.123","80","100.64.0.2","38792","1448","813154310","1444649655","2392957422","3335937500"
"13:34:53.612815","1500","47.74.8.123","80","100.64.0.2","38792","1448","813155758","1444649655","2392957422","3335937500"
"13:34:53.612821","1500","47.74.8.123","80","100.64.0.2","38792","1448","813157206","1444649655","2392957422","3335937500"
"13:34:53.612830","1500","47.74.8.123","80","100.64.0.2","38792","1448","813158654","1444649655","2392957422","3335937500"
"13:34:53.612836","1500","47.74.8.123","80","100.64.0.2","38792","1448","813160102","1444649655","2392957422","3335937500"
"13:34:53.612841","1500","47.74.8.123","80","100.64.0.2","38792","1448","813161550","1444649655","2392957422","3335937500"
"13:34:53.612847","1500","47.74.8.123","80","100.64.0.2","38792","1448","813162998","1444649655","2392957422","3335937500"
"13:34:53.612854","1500","47.74.8.123","80","100.64.0.2","38792","1448","813164446","1444649655","2392957422","3335937500"
"13:34:53.612862","1500","47.74.8.123","80","100.64.0.2","38792","1448","813165894","1444649655","2392957422","3335937500"
"13:34:53.612871","1500","47.74.8.123","80","100.64.0.2","38792","1448","813167342","1444649655","2392957422","3335937500"
"13:34:53.612877","1500","47.74.8.123","80","100.64.0.2","38792","1448","813168790","1444649655","2392957422","3335937500"
"13:34:53.612886","1500","47.74.8.123","80","100.64.0.2","38792","1448","813170238","1444649655","2392957422","3335937500"
"13:34:53.612894","1500","47.74.8.123","80","100.64.0.2","38792","1448","813171686","1444649655","2392957422","3335937500"
"13:34:53.612902","1500","47.74.8.123","80","100.64.0.2","38792","1448","813173134","1444649655","2392957422","3335937500"
"13:34:53.612907","1500","47.74.8.123","80","100.64.0.2","38792","1448","813174582","1444649655","2392957422","3335937500"
"13:34:53.612916","1500","47.74.8.123","80","100.64.0.2","38792","1448","813176030","1444649655","2392957422","3335937500"
"13:34:53.612923","1500","47.74.8.123","80","100.64.0.2","38792","1448","813177478","1444649655","2392957422","3335937500"
"13:34:53.612932","1500","47.74.8.123","80","100.64.0.2","38792","1448","813178926","1444649655","2392957422","3335937500"
"13:34:53.612942","1500","47.74.8.123","80","100.64.0.2","38792","1448","813180374","1444649655","2392957422","3335937500"
"13:34:53.612948","1500","47.74.8.123","80","100.64.0.2","38792","1448","813181822","1444649655","2392957422","3335937500"
"13:34:53.624398","1500","47.74.8.123","80","100.64.0.2","38792","1448","813183270","1444649655","2392957434","3335937513"
"13:34:53.637503","1500","47.74.8.123","80","100.64.0.2","38792","1448","813184718","1444649655","2392957447","3335937525"
"13:34:53.648572","1500","47.74.8.123","80","100.64.0.2","38792","1448","813186166","1444649655","2392957458","3335937536"
"13:34:53.660635","1500","47.74.8.123","80","100.64.0.2","38792","1448","813187614","1444649655","2392957470","3335937548"
"13:34:53.672767","1500","47.74.8.123","80","100.64.0.2","38792","1448","813189062","1444649655","2392957482","3335937560"
"13:34:53.769066","1500","47.74.8.123","80","100.64.0.2","38792","1448","813190510","1444649655","2392957578","3335937658"
"13:34:53.782560","1500","47.74.8.123","80","100.64.0.2","38792","1448","813191958","1444649655","2392957592","3335937670"
"13:34:53.794260","1500","47.74.8.123","80","100.64.0.2","38792","1448","813193406","1444649655","2392957604","3335937682"
"13:34:53.805308","1500","47.74.8.123","80","100.64.0.2","38792","1448","813194854","1444649655","2392957615","3335937694"
"13:34:53.817411","1500","47.74.8.123","80","100.64.0.2","38792","1448","813196302","1444649655","2392957627","3335937705"
"13:34:53.829549","702","47.74.8.123","80","100.64.0.2","38792","650","813197750","1444649655","2392957639","3335937717"
"13:34:53.949942","1500","47.74.8.123","80","100.64.0.2","38792","1448","813144174","1444649655","2392957759","3335937837"
"13:34:54.106198","1500","47.74.8.123","80","100.64.0.2","38792","1448","813145622","1444649655","2392957915","3335937994"
"13:34:54.263529","1500","47.74.8.123","80","100.64.0.2","38792","1448","813147070","1444649655","2392958073","3335938151"
"13:34:54.419862","1500","47.74.8.123","80","100.64.0.2","38792","1448","813148518","1444649655","2392958229","3335938308"
"13:34:54.576169","1500","47.74.8.123","80","100.64.0.2","38792","1448","813149966","1444649655","2392958385","3335938464"
"13:34:54.733474","1500","47.74.8.123","80","100.64.0.2","38792","1448","813151414","1444649655","2392958543","3335938621"
"13:34:54.889813","1500","47.74.8.123","80","100.64.0.2","38792","1448","813152862","1444649655","2392958699","3335938777"
"13:34:55.046151","1500","47.74.8.123","80","100.64.0.2","38792","1448","813154310","1444649655","2392958855","3335938935"
"13:34:55.203460","1500","47.74.8.123","80","100.64.0.2","38792","1448","813155758","1444649655","2392959013","3335939090"
"13:34:55.359764","1500","47.74.8.123","80","100.64.0.2","38792","1448","813157206","1444649655","2392959169","3335939247"
"13:34:55.516047","1500","47.74.8.123","80","100.64.0.2","38792","1448","813158654","1444649655","2392959325","3335939405"
"13:34:55.672338","1500","47.74.8.123","80","100.64.0.2","38792","1448","813160102","1444649655","2392959482","3335939560"
"13:34:55.829620","1500","47.74.8.123","80","100.64.0.2","38792","1448","813161550","1444649655","2392959639","3335939717"
"13:34:55.986900","1500","47.74.8.123","80","100.64.0.2","38792","1448","813162998","1444649655","2392959796","3335939875"
"13:34:56.154170","1500","47.74.8.123","80","100.64.0.2","38792","1448","813164446","1444649655","2392959963","3335940042"
"13:34:56.311472","1500","47.74.8.123","80","100.64.0.2","38792","1448","813165894","1444649655","2392960121","3335940199"
"13:34:56.468771","1500","47.74.8.123","80","100.64.0.2","38792","1448","813167342","1444649655","2392960278","3335940356"
"13:34:56.624110","1500","47.74.8.123","80","100.64.0.2","38792","1448","813168790","1444649655","2392960433","3335940513"
"13:34:56.781397","1500","47.74.8.123","80","100.64.0.2","38792","1448","813170238","1444649655","2392960591","3335940669"
"13:34:56.937700","1500","47.74.8.123","80","100.64.0.2","38792","1448","813171686","1444649655","2392960747","3335940825"
"13:34:57.094089","1500","47.74.8.123","80","100.64.0.2","38792","1448","813173134","1444649655","2392960903","3335940983"
"13:34:57.251397","1500","47.74.8.123","80","100.64.0.2","38792","1448","813174582","1444649655","2392961061","3335941139"
"13:34:57.407719","1500","47.74.8.123","80","100.64.0.2","38792","1448","813176030","1444649655","2392961217","3335941295"
"13:34:57.565059","1500","47.74.8.123","80","100.64.0.2","38792","1448","813177478","1444649655","2392961374","3335941453"
"13:34:57.721408","1500","47.74.8.123","80","100.64.0.2","38792","1448","813178926","1444649655","2392961531","3335941609"
"13:34:57.877718","1500","47.74.8.123","80","100.64.0.2","38792","1448","813180374","1444649655","2392961687","3335941765"
"13:34:58.034044","1500","47.74.8.123","80","100.64.0.2","38792","1448","813181822","1444649655","2392961843","3335941923"
"13:34:58.190010","52","47.74.8.123","80","100.64.0.2","38792","0","813198400","1444649801","2392962000","3335942079"
"13:34:58.190023","1500","47.74.8.123","80","100.64.0.2","38792","1448","813198400","1444649801","2392962000","3335942079"
"13:34:58.190041","1500","47.74.8.123","80","100.64.0.2","38792","1448","813199848","1444649801","2392962000","3335942079"
"13:34:58.190045","1500","47.74.8.123","80","100.64.0.2","38792","1448","813201296","1444649801","2392962000","3335942079"
"13:34:58.190051","1500","47.74.8.123","80","100.64.0.2","38792","1448","813202744","1444649801","2392962000","3335942079"
"13:34:58.190060","1500","47.74.8.123","80","100.64.0.2","38792","1448","813204192","1444649801","2392962000","3335942079"
"13:34:58.191174","1500","47.74.8.123","80","100.64.0.2","38792","1448","813205640","1444649801","2392962000","3335942079"
"13:34:58.191184","1500","47.74.8.123","80","100.64.0.2","38792","1448","813207088","1444649801","2392962000","3335942079"
"13:34:58.191192","1500","47.74.8.123","80","100.64.0.2","38792","1448","813208536","1444649801","2392962000","3335942079"
"13:34:58.191202","1500","47.74.8.123","80","100.64.0.2","38792","1448","813209984","1444649801","2392962000","3335942079"
"13:34:58.191209","1500","47.74.8.123","80","100.64.0.2","38792","1448","813211432","1444649801","2392962000","3335942079"
"13:34:58.359428","1500","47.74.8.123","80","100.64.0.2","38792","1448","813212880","1444649801","2392962168","3335942247"
"13:34:58.359441","1500","47.74.8.123","80","100.64.0.2","38792","1448","813214328","1444649801","2392962168","3335942247"
"13:34:58.359446","1500","47.74.8.123","80","100.64.0.2","38792","1448","813215776","1444649801","2392962168","3335942247"
"13:34:58.359451","1500","47.74.8.123","80","100.64.0.2","38792","1448","813217224","1444649801","2392962168","3335942247"
"13:34:58.359456","1500","47.74.8.123","80","100.64.0.2","38792","1448","813218672","1444649801","2392962168","3335942247"
"13:34:58.359465","1500","47.74.8.123","80","100.64.0.2","38792","1448","813220120","1444649801","2392962168","3335942247"
"13:34:58.359470","1500","47.74.8.123","80","100.64.0.2","38792","1448","813221568","1444649801","2392962168","3335942247"
"13:34:58.359476","1500","47.74.8.123","80","100.64.0.2","38792","1448","813223016","1444649801","2392962168","3335942247"
"13:34:58.359485","1500","47.74.8.123","80","100.64.0.2","38792","1448","813224464","1444649801","2392962168","3335942247"
"13:34:58.359497","1500","47.74.8.123","80","100.64.0.2","38792","1448","813225912","1444649801","2392962168","3335942247"
"13:34:58.359507","1500","47.74.8.123","80","100.64.0.2","38792","1448","813227360","1444649801","2392962168","3335942247"
"13:34:58.359515","1500","47.74.8.123","80","100.64.0.2","38792","1448","813228808","1444649801","2392962168","3335942247"
"13:34:58.359521","1500","47.74.8.123","80","100.64.0.2","38792","1448","813230256","1444649801","2392962168","3335942247"
"13:34:58.359529","1500","47.74.8.123","80","100.64.0.2","38792","1448","813231704","1444649801","2392962168","3335942247"
"13:34:58.359538","1500","47.74.8.123","80","100.64.0.2","38792","1448","813233152","1444649801","2392962168","3335942247"
"13:34:58.359549","1500","47.74.8.123","80","100.64.0.2","38792","1448","813234600","1444649801","2392962168","3335942247"
"13:34:58.359557","1500","47.74.8.123","80","100.64.0.2","38792","1448","813236048","1444649801","2392962169","3335942247"
"13:34:58.359562","1500","47.74.8.123","80","100.64.0.2","38792","1448","813237496","1444649801","2392962169","3335942247"
"13:34:58.359569","1500","47.74.8.123","80","100.64.0.2","38792","1448","813238944","1444649801","2392962169","3335942247"
"13:34:58.359577","1500","47.74.8.123","80","100.64.0.2","38792","1448","813240392","1444649801","2392962169","3335942247"
"13:34:58.359582","1500","47.74.8.123","80","100.64.0.2","38792","1448","813241840","1444649801","2392962169","3335942247"
"13:34:58.359589","1500","47.74.8.123","80","100.64.0.2","38792","1448","813243288","1444649801","2392962169","3335942247"
"13:34:58.359595","1500","47.74.8.123","80","100.64.0.2","38792","1448","813244736","1444649801","2392962169","3335942247"
"13:34:58.359601","1500","47.74.8.123","80","100.64.0.2","38792","1448","813246184","1444649801","2392962169","3335942247"
"13:34:58.359608","1500","47.74.8.123","80","100.64.0.2","38792","1448","813247632","1444649801","2392962169","3335942247"
"13:34:58.359616","1500","47.74.8.123","80","100.64.0.2","38792","1448","813249080","1444649801","2392962169","3335942247"
"13:34:58.359623","1500","47.74.8.123","80","100.64.0.2","38792","1448","813250528","1444649801","2392962169","3335942247"
"13:34:58.359629","1500","47.74.8.123","80","100.64.0.2","38792","1448","813251976","1444649801","2392962169","3335942247"
"13:34:58.359638","1500","47.74.8.123","80","100.64.0.2","38792","1448","813253424","1444649801","2392962169","3335942247"
"13:34:58.359645","1500","47.74.8.123","80","100.64.0.2","38792","1448","813254872","1444649801","2392962169","3335942247"
"13:34:58.372215","1500","47.74.8.123","80","100.64.0.2","38792","1448","813256320","1444649801","2392962182","3335942260"
"13:34:58.372225","1500","47.74.8.123","80","100.64.0.2","38792","1448","813257768","1444649801","2392962182","3335942260"
"13:34:58.383325","1500","47.74.8.123","80","100.64.0.2","38792","1448","813259216","1444649801","2392962193","3335942272"
"13:34:58.395454","1500","47.74.8.123","80","100.64.0.2","38792","1448","813260664","1444649801","2392962205","3335942283"
"13:34:58.407531","1500","47.74.8.123","80","100.64.0.2","38792","1448","813262112","1444649801","2392962217","3335942295"
"13:34:58.419709","1500","47.74.8.123","80","100.64.0.2","38792","1448","813263560","1444649801","2392962229","3335942307"
"13:34:58.431806","1500","47.74.8.123","80","100.64.0.2","38792","1448","813265008","1444649801","2392962241","3335942319"
"13:34:58.443846","1500","47.74.8.123","80","100.64.0.2","38792","1448","813266456","1444649801","2392962253","3335942331"
"13:34:58.455937","1500","47.74.8.123","80","100.64.0.2","38792","1448","813267904","1444649801","2392962265","3335942344"
"13:34:58.468057","1500","47.74.8.123","80","100.64.0.2","38792","1448","813269352","1444649801","2392962277","3335942357"
"13:34:58.517003","1500","47.74.8.123","80","100.64.0.2","38792","1448","813270800","1444649801","2392962326","3335942405"
"13:34:58.528073","1500","47.74.8.123","80","100.64.0.2","38792","1448","813272248","1444649801","2392962337","3335942417"
"13:34:58.541153","1500","47.74.8.123","80","100.64.0.2","38792","1448","813273696","1444649801","2392962350","3335942429"
"13:34:58.552387","1500","47.74.8.123","80","100.64.0.2","38792","1448","813275144","1444649801","2392962362","3335942441"
"13:34:58.564385","1500","47.74.8.123","80","100.64.0.2","38792","1448","813276592","1444649801","2392962374","3335942453"
"13:34:58.593116","1500","47.74.8.123","80","100.64.0.2","38792","1448","813278040","1444649801","2392962385","3335942464"
"13:34:58.593129","1500","47.74.8.123","80","100.64.0.2","38792","1448","813279488","1444649801","2392962400","3335942476"
"13:34:58.600460","1500","47.74.8.123","80","100.64.0.2","38792","1448","813280936","1444649801","2392962410","3335942488"
"13:34:58.612466","1500","47.74.8.123","80","100.64.0.2","38792","1448","813282384","1444649801","2392962422","3335942500"
"13:34:58.624553","1500","47.74.8.123","80","100.64.0.2","38792","1448","813283832","1444649801","2392962434","3335942512"
"13:34:58.637469","1500","47.74.8.123","80","100.64.0.2","38792","1448","813285280","1444649801","2392962447","3335942524"
"13:34:58.648595","1500","47.74.8.123","80","100.64.0.2","38792","1448","813286728","1444649801","2392962458","3335942536"
"13:34:58.660594","1500","47.74.8.123","80","100.64.0.2","38792","1448","813288176","1444649801","2392962470","3335942548"
"13:34:58.672323","1500","47.74.8.123","80","100.64.0.2","38792","1448","813289624","1444649801","2392962482","3335942560"
"13:34:58.684652","1500","47.74.8.123","80","100.64.0.2","38792","1448","813291072","1444649801","2392962494","3335942572"
"13:34:58.697707","1500","47.74.8.123","80","100.64.0.2","38792","1448","813231704","1444649801","2392962507","3335942584"
"13:34:58.709794","1500","47.74.8.123","80","100.64.0.2","38792","1448","813292520","1444649801","2392962519","3335942597"
"13:34:58.721702","1500","47.74.8.123","80","100.64.0.2","38792","1448","813293968","1444649801","2392962531","3335942609"
"13:34:58.733769","1500","47.74.8.123","80","100.64.0.2","38792","1448","813295416","1444649801","2392962543","3335942621"
"13:34:58.745764","1500","47.74.8.123","80","100.64.0.2","38792","1448","813296864","1444649801","2392962555","3335942634"
"13:34:58.757476","1500","47.74.8.123","80","100.64.0.2","38792","1448","813298312","1444649801","2392962567","3335942645"
"13:34:58.769832","1500","47.74.8.123","80","100.64.0.2","38792","1448","813299760","1444649801","2392962579","3335942658"
"13:34:58.792940","1500","47.74.8.123","80","100.64.0.2","38792","1448","813301208","1444649801","2392962602","3335942681"
"13:34:58.804879","1500","47.74.8.123","80","100.64.0.2","38792","1448","813302656","1444649801","2392962614","3335942694"
"13:34:58.817940","1500","47.74.8.123","80","100.64.0.2","38792","1448","813304104","1444649801","2392962627","3335942706"
"13:34:58.828939","1500","47.74.8.123","80","100.64.0.2","38792","1448","813305552","1444649801","2392962638","3335942718"
"13:34:58.841924","1500","47.74.8.123","80","100.64.0.2","38792","1448","813307000","1444649801","2392962651","3335942730"
"13:34:58.853938","1500","47.74.8.123","80","100.64.0.2","38792","1448","813308448","1444649801","2392962663","3335942742"
"13:34:58.865890","1500","47.74.8.123","80","100.64.0.2","38792","1448","813309896","1444649801","2392962675","3335942754"
"13:34:58.888987","1500","47.74.8.123","80","100.64.0.2","38792","1448","813311344","1444649801","2392962698","3335942778"
"13:34:58.901056","1500","47.74.8.123","80","100.64.0.2","38792","1448","813312792","1444649801","2392962710","3335942790"
"13:34:58.913123","1500","47.74.8.123","80","100.64.0.2","38792","1448","813314240","1444649801","2392962722","3335942802"
"13:34:58.925103","1500","47.74.8.123","80","100.64.0.2","38792","1448","813315688","1444649801","2392962734","3335942813"
"13:34:58.937113","1500","47.74.8.123","80","100.64.0.2","38792","1448","813317136","1444649801","2392962746","3335942825"
"13:34:58.950009","1500","47.74.8.123","80","100.64.0.2","38792","1448","813318584","1444649801","2392962759","3335942837"
"13:34:58.974142","1500","47.74.8.123","80","100.64.0.2","38792","1448","813233152","1444649801","2392962783","3335942862"
"13:34:58.986194","1500","47.74.8.123","80","100.64.0.2","38792","1448","813320032","1444649801","2392962795","3335942874"
"13:34:58.998267","1500","47.74.8.123","80","100.64.0.2","38792","1448","813321480","1444649801","2392962808","3335942886"
"13:34:59.010246","1500","47.74.8.123","80","100.64.0.2","38792","1448","813322928","1444649801","2392962820","3335942898"
"13:34:59.022250","1500","47.74.8.123","80","100.64.0.2","38792","1448","813324376","1444649801","2392962832","3335942910"
"13:34:59.034187","1500","47.74.8.123","80","100.64.0.2","38792","1448","813325824","1444649801","2392962843","3335942922"
"13:34:59.046313","1500","47.74.8.123","80","100.64.0.2","38792","1448","813327272","1444649801","2392962856","3335942934"
"13:34:59.058315","1500","47.74.8.123","80","100.64.0.2","38792","1448","813328720","1444649801","2392962868","3335942946"
"13:34:59.070372","1500","47.74.8.123","80","100.64.0.2","38792","1448","813330168","1444649801","2392962880","3335942958"
"13:34:59.082444","1500","47.74.8.123","80","100.64.0.2","38792","1448","813331616","1444649801","2392962892","3335942970"
"13:34:59.094385","1500","47.74.8.123","80","100.64.0.2","38792","1448","813333064","1444649801","2392962904","3335942982"
"13:34:59.106417","1500","47.74.8.123","80","100.64.0.2","38792","1448","813334512","1444649801","2392962916","3335942994"
"13:34:59.118384","1500","47.74.8.123","80","100.64.0.2","38792","1448","813335960","1444649801","2392962928","3335943006"
"13:34:59.130483","1500","47.74.8.123","80","100.64.0.2","38792","1448","813337408","1444649801","2392962940","3335943018"
"13:34:59.142472","1500","47.74.8.123","80","100.64.0.2","38792","1448","813338856","1444649801","2392962952","3335943030"
"13:34:59.154497","1500","47.74.8.123","80","100.64.0.2","38792","1448","813340304","1444649801","2392962964","3335943042"
"13:34:59.166684","1500","47.74.8.123","80","100.64.0.2","38792","1448","813341752","1444649801","2392962976","3335943054"
"13:34:59.178535","1500","47.74.8.123","80","100.64.0.2","38792","1448","813343200","1444649801","2392962988","3335943066"
"13:34:59.190574","1500","47.74.8.123","80","100.64.0.2","38792","1448","813344648","1444649801","2392963000","3335943078"
"13:34:59.203544","1500","47.74.8.123","80","100.64.0.2","38792","1448","813234600","1444649801","2392963013","3335943090"
"13:34:59.203556","1500","47.74.8.123","80","100.64.0.2","38792","1448","813346096","1444649801","2392963013","3335943090"
"13:34:59.215737","1500","47.74.8.123","80","100.64.0.2","38792","1448","813347544","1444649801","2392963025","3335943103"
"13:34:59.227629","1500","47.74.8.123","80","100.64.0.2","38792","1448","813348992","1444649801","2392963037","3335943115"
"13:34:59.239656","1500","47.74.8.123","80","100.64.0.2","38792","1448","813350440","1444649801","2392963049","3335943127"
"13:34:59.250861","1500","47.74.8.123","80","100.64.0.2","38792","1448","813351888","1444649801","2392963060","3335943139"
"13:34:59.263703","1500","47.74.8.123","80","100.64.0.2","38792","1448","813353336","1444649801","2392963073","3335943151"
"13:34:59.275738","1500","47.74.8.123","80","100.64.0.2","38792","1448","813354784","1444649801","2392963085","3335943163"
"13:34:59.288746","1500","47.74.8.123","80","100.64.0.2","38792","1448","813356232","1444649801","2392963098","3335943176"
"13:34:59.298930","1500","47.74.8.123","80","100.64.0.2","38792","1448","813357680","1444649801","2392963108","3335943187"
"13:34:59.311832","1500","47.74.8.123","80","100.64.0.2","38792","1448","813359128","1444649801","2392963121","3335943200"
"13:34:59.322810","1500","47.74.8.123","80","100.64.0.2","38792","1448","813360576","1444649801","2392963132","3335943211"
"13:34:59.336008","1500","47.74.8.123","80","100.64.0.2","38792","1448","813362024","1444649801","2392963145","3335943224"
"13:34:59.346906","1500","47.74.8.123","80","100.64.0.2","38792","1448","813363472","1444649801","2392963156","3335943236"
"13:34:59.359897","1500","47.74.8.123","80","100.64.0.2","38792","1448","813364920","1444649801","2392963169","3335943248"
"13:34:59.382039","1500","47.74.8.123","80","100.64.0.2","38792","1448","813366368","1444649801","2392963180","3335943259"
"13:34:59.384021","1500","47.74.8.123","80","100.64.0.2","38792","1448","813367816","1444649801","2392963193","3335943272"
"13:34:59.395902","1500","47.74.8.123","80","100.64.0.2","38792","1448","813369264","1444649801","2392963205","3335943284"
"13:34:59.407956","1500","47.74.8.123","80","100.64.0.2","38792","1448","813370712","1444649801","2392963217","3335943296"
"13:34:59.419226","1500","47.74.8.123","80","100.64.0.2","38792","1448","813372160","1444649801","2392963229","3335943307"
"13:34:59.432102","1500","47.74.8.123","80","100.64.0.2","38792","1448","813236048","1444649801","2392963241","3335943320"
"13:34:59.432112","1500","47.74.8.123","80","100.64.0.2","38792","1448","813373608","1444649801","2392963241","3335943320"
"13:34:59.444201","1500","47.74.8.123","80","100.64.0.2","38792","1448","813375056","1444649801","2392963253","3335943332"
"13:34:59.456238","1500","47.74.8.123","80","100.64.0.2","38792","1448","813376504","1444649801","2392963266","3335943344"
"13:34:59.468240","1500","47.74.8.123","80","100.64.0.2","38792","1448","813377952","1444649801","2392963278","3335943356"
"13:34:59.492295","1500","47.74.8.123","80","100.64.0.2","38792","1448","813379400","1444649801","2392963302","3335943378"
"13:34:59.492306","1500","47.74.8.123","80","100.64.0.2","38792","1448","813380848","1444649801","2392963302","3335943380"
"13:34:59.504452","1500","47.74.8.123","80","100.64.0.2","38792","1448","813382296","1444649801","2392963314","3335943392"
"13:34:59.516279","1500","47.74.8.123","80","100.64.0.2","38792","1448","813383744","1444649801","2392963326","3335943404"
"13:34:59.528370","1500","47.74.8.123","80","100.64.0.2","38792","1448","813385192","1444649801","2392963338","3335943416"
"13:34:59.540396","1500","47.74.8.123","80","100.64.0.2","38792","1448","813386640","1444649801","2392963350","3335943428"
"13:34:59.552406","1500","47.74.8.123","80","100.64.0.2","38792","1448","813388088","1444649801","2392963362","3335943440"
"13:34:59.564458","1500","47.74.8.123","80","100.64.0.2","38792","1448","813389536","1444649801","2392963374","3335943452"
"13:34:59.576506","1500","47.74.8.123","80","100.64.0.2","38792","1448","813390984","1444649801","2392963386","3335943464"
"13:34:59.588618","1500","47.74.8.123","80","100.64.0.2","38792","1448","813392432","1444649801","2392963398","3335943476"
"13:34:59.600702","1500","47.74.8.123","80","100.64.0.2","38792","1448","813393880","1444649801","2392963410","3335943488"
"13:34:59.622052","1500","47.74.8.123","80","100.64.0.2","38792","1448","813395328","1444649801","2392963422","3335943500"
"13:34:59.624596","1500","47.74.8.123","80","100.64.0.2","38792","1448","813396776","1444649801","2392963434","3335943512"
"13:34:59.636569","1500","47.74.8.123","80","100.64.0.2","38792","1448","813398224","1444649801","2392963446","3335943524"
"13:34:59.648652","1500","47.74.8.123","80","100.64.0.2","38792","1448","813399672","1444649801","2392963458","3335943536"
"13:34:59.660670","1500","47.74.8.123","80","100.64.0.2","38792","1448","813401120","1444649801","2392963470","3335943548"
"13:34:59.672828","1500","47.74.8.123","80","100.64.0.2","38792","1448","813237496","1444649801","2392963482","3335943560"
"13:34:59.672838","1500","47.74.8.123","80","100.64.0.2","38792","1448","813402568","1444649801","2392963482","3335943560"
"13:34:59.684046","1500","47.74.8.123","80","100.64.0.2","38792","1448","813404016","1444649801","2392963493","3335943572"
"13:34:59.697257","1500","47.74.8.123","80","100.64.0.2","38792","1448","813405464","1444649801","2392963507","3335943584"
"13:34:59.720758","1500","47.74.8.123","80","100.64.0.2","38792","1448","813406912","1444649801","2392963530","3335943598"
"13:34:59.721837","1500","47.74.8.123","80","100.64.0.2","38792","1448","813408360","1444649801","2392963531","3335943618"
"13:34:59.733877","1500","47.74.8.123","80","100.64.0.2","38792","1448","813409808","1444649801","2392963543","3335943621"
"13:34:59.745018","1500","47.74.8.123","80","100.64.0.2","38792","1448","813411256","1444649801","2392963554","3335943634"
"13:34:59.757010","1500","47.74.8.123","80","100.64.0.2","38792","1448","813412704","1444649801","2392963566","3335943646"
"13:34:59.769269","1500","47.74.8.123","80","100.64.0.2","38792","1448","813414152","1444649801","2392963579","3335943658"
"13:34:59.782427","1500","47.74.8.123","80","100.64.0.2","38792","1448","813415600","1444649801","2392963592","3335943670"
"13:34:59.793524","1500","47.74.8.123","80","100.64.0.2","38792","1448","813417048","1444649801","2392963603","3335943682"
"13:34:59.805073","1500","47.74.8.123","80","100.64.0.2","38792","1448","813418496","1444649801","2392963614","3335943693"
"13:34:59.817071","1500","47.74.8.123","80","100.64.0.2","38792","1448","813419944","1444649801","2392963626","3335943705"
"13:34:59.829160","1500","47.74.8.123","80","100.64.0.2","38792","1448","813421392","1444649801","2392963638","3335943717"
"13:34:59.841341","1500","47.74.8.123","80","100.64.0.2","38792","1448","813422840","1444649801","2392963651","3335943730"
"13:34:59.853451","1500","47.74.8.123","80","100.64.0.2","38792","1448","813424288","1444649801","2392963663","3335943742"
"13:34:59.865568","1500","47.74.8.123","80","100.64.0.2","38792","1448","813425736","1444649801","2392963675","3335943753"
"13:34:59.877714","1500","47.74.8.123","80","100.64.0.2","38792","1448","813427184","1444649801","2392963687","3335943765"
"13:34:59.889258","1500","47.74.8.123","80","100.64.0.2","38792","1448","813428632","1444649801","2392963699","3335943777"
"13:34:59.901245","1500","47.74.8.123","80","100.64.0.2","38792","1448","813430080","1444649801","2392963711","3335943789"
"13:34:59.913354","1500","47.74.8.123","80","100.64.0.2","38792","1448","813431528","1444649801","2392963723","3335943801"
"13:34:59.925578","1500","47.74.8.123","80","100.64.0.2","38792","1448","813238944","1444649801","2392963735","3335943813"
"13:34:59.925588","1500","47.74.8.123","80","100.64.0.2","38792","1448","813432976","1444649801","2392963735","3335943813"
"13:34:59.937618","1500","47.74.8.123","80","100.64.0.2","38792","1448","813434424","1444649801","2392963747","3335943825"
"13:34:59.950807","1500","47.74.8.123","80","100.64.0.2","38792","1448","813435872","1444649801","2392963760","3335943837"
"13:34:59.961862","1500","47.74.8.123","80","100.64.0.2","38792","1448","813437320","1444649801","2392963771","3335943850"
"13:34:59.974414","1500","47.74.8.123","80","100.64.0.2","38792","1448","813438768","1444649801","2392963784","3335943862"
"13:34:59.986389","1500","47.74.8.123","80","100.64.0.2","38792","1448","813440216","1444649801","2392963796","3335943875"
"13:34:59.999551","1500","47.74.8.123","80","100.64.0.2","38792","1448","813441664","1444649801","2392963809","3335943887"
"13:35:00.010779","1500","47.74.8.123","80","100.64.0.2","38792","1448","813443112","1444649801","2392963820","3335943898"
"13:35:00.041746","1500","47.74.8.123","80","100.64.0.2","38792","1448","813444560","1444649801","2392963851","3335943910"
"13:35:00.042824","1500","47.74.8.123","80","100.64.0.2","38792","1448","813446008","1444649801","2392963852","3335943922"
"13:35:00.045890","1500","47.74.8.123","80","100.64.0.2","38792","1448","813447456","1444649801","2392963855","3335943935"
"13:35:00.058623","1500","47.74.8.123","80","100.64.0.2","38792","1448","813448904","1444649801","2392963868","3335943947"
"13:35:00.090062","1500","47.74.8.123","80","100.64.0.2","38792","1448","813450352","1444649801","2392963899","3335943959"
"13:35:00.090074","1500","47.74.8.123","80","100.64.0.2","38792","1448","813451800","1444649801","2392963899","3335943971"
"13:35:00.094051","1500","47.74.8.123","80","100.64.0.2","38792","1448","813453248","1444649801","2392963903","3335943982"
"13:35:00.118191","1500","47.74.8.123","80","100.64.0.2","38792","1448","813454696","1444649801","2392963927","3335944007"
"13:35:00.130178","1500","47.74.8.123","80","100.64.0.2","38792","1448","813456144","1444649801","2392963939","3335944019"
"13:35:00.142212","1500","47.74.8.123","80","100.64.0.2","38792","1448","813457592","1444649801","2392963951","3335944030"
"13:35:00.154323","1500","47.74.8.123","80","100.64.0.2","38792","1448","813459040","1444649801","2392963964","3335944042"
"13:35:00.166241","1500","47.74.8.123","80","100.64.0.2","38792","1448","813460488","1444649801","2392963976","3335944054"
"13:35:00.178236","1500","47.74.8.123","80","100.64.0.2","38792","1448","813461936","1444649801","2392963988","3335944066"
"13:35:00.190324","1500","47.74.8.123","80","100.64.0.2","38792","1448","813463384","1444649801","2392964000","3335944078"
"13:35:00.203392","1500","47.74.8.123","80","100.64.0.2","38792","1448","813240392","1444649801","2392964013","3335944090"
"13:35:00.203403","1500","47.74.8.123","80","100.64.0.2","38792","1448","813464832","1444649801","2392964013","3335944090"
"13:35:00.215403","1500","47.74.8.123","80","100.64.0.2","38792","1448","813466280","1444649801","2392964025","3335944103"
"13:35:00.227561","1500","47.74.8.123","80","100.64.0.2","38792","1448","813467728","1444649801","2392964037","3335944115"
"13:35:00.239472","1500","47.74.8.123","80","100.64.0.2","38792","1448","813469176","1444649801","2392964049","3335944127"
"13:35:00.251395","1500","47.74.8.123","80","100.64.0.2","38792","1448","813470624","1444649801","2392964061","3335944139"
"13:35:00.263415","1500","47.74.8.123","80","100.64.0.2","38792","1448","813472072","1444649801","2392964073","3335944151"
"13:35:00.275501","1500","47.74.8.123","80","100.64.0.2","38792","1448","813473520","1444649801","2392964085","3335944163"
"13:35:00.287593","1500","47.74.8.123","80","100.64.0.2","38792","1448","813474968","1444649801","2392964097","3335944175"
"13:35:00.299685","1500","47.74.8.123","80","100.64.0.2","38792","1448","813476416","1444649801","2392964109","3335944187"
"13:35:00.311817","1500","47.74.8.123","80","100.64.0.2","38792","1448","813477864","1444649801","2392964121","3335944199"
"13:35:00.323638","1500","47.74.8.123","80","100.64.0.2","38792","1448","813479312","1444649801","2392964133","3335944211"
"13:35:00.335590","1500","47.74.8.123","80","100.64.0.2","38792","1448","813480760","1444649801","2392964145","3335944223"
"13:35:00.347575","1500","47.74.8.123","80","100.64.0.2","38792","1448","813482208","1444649801","2392964157","3335944236"
"13:35:00.359664","1500","47.74.8.123","80","100.64.0.2","38792","1448","813483656","1444649801","2392964169","3335944247"
"13:35:00.371739","1500","47.74.8.123","80","100.64.0.2","38792","1448","813485104","1444649801","2392964181","3335944259"
"13:35:00.383836","1500","47.74.8.123","80","100.64.0.2","38792","1448","813486552","1444649801","2392964193","3335944271"
"13:35:00.394989","1500","47.74.8.123","80","100.64.0.2","38792","1448","813488000","1444649801","2392964204","3335944283"
"13:35:00.407850","1500","47.74.8.123","80","100.64.0.2","38792","1448","813489448","1444649801","2392964217","3335944296"
"13:35:00.419765","1500","47.74.8.123","80","100.64.0.2","38792","1448","813490896","1444649801","2392964229","3335944308"
"13:35:00.431745","1500","47.74.8.123","80","100.64.0.2","38792","1448","813492344","1444649801","2392964241","3335944320"
"13:35:00.443837","1500","47.74.8.123","80","100.64.0.2","38792","1448","813493792","1444649801","2392964253","3335944332"
"13:35:00.455940","1500","47.74.8.123","80","100.64.0.2","38792","1448","813495240","1444649801","2392964265","3335944345"
"13:35:00.468004","1500","47.74.8.123","80","100.64.0.2","38792","1448","813496688","1444649801","2392964277","3335944357"
"13:35:00.480990","1500","47.74.8.123","80","100.64.0.2","38792","1448","813241840","1444649801","2392964290","3335944369"
"13:35:00.481002","1500","47.74.8.123","80","100.64.0.2","38792","1448","813498136","1444649801","2392964290","3335944369"
"13:35:00.492887","1500","47.74.8.123","80","100.64.0.2","38792","1448","813499584","1444649801","2392964302","3335944381"
"13:35:00.503968","1500","47.74.8.123","80","100.64.0.2","38792","1448","813501032","1444649801","2392964313","3335944393"
"13:35:00.515969","1500","47.74.8.123","80","100.64.0.2","38792","1448","813502480","1444649801","2392964325","3335944404"
"13:35:00.528041","1500","47.74.8.123","80","100.64.0.2","38792","1448","813503928","1444649801","2392964337","3335944417"
"13:35:00.540147","1500","47.74.8.123","80","100.64.0.2","38792","1448","813505376","1444649801","2392964349","3335944429"
"13:35:00.552213","1500","47.74.8.123","80","100.64.0.2","38792","1448","813506824","1444649801","2392964361","3335944441"
"13:35:00.564233","1500","47.74.8.123","80","100.64.0.2","38792","1448","813508272","1444649801","2392964373","3335944453"
"13:35:00.576043","1500","47.74.8.123","80","100.64.0.2","38792","1448","813509720","1444649801","2392964385","3335944464"
"13:35:00.588035","1500","47.74.8.123","80","100.64.0.2","38792","1448","813511168","1444649801","2392964397","3335944476"
"13:35:00.600016","1500","47.74.8.123","80","100.64.0.2","38792","1448","813512616","1444649801","2392964409","3335944488"
"13:35:00.612226","1500","47.74.8.123","80","100.64.0.2","38792","1448","813514064","1444649801","2392964422","3335944500"
"13:35:00.624314","1500","47.74.8.123","80","100.64.0.2","38792","1448","813515512","1444649801","2392964434","3335944512"
"13:35:00.636384","1500","47.74.8.123","80","100.64.0.2","38792","1448","813516960","1444649801","2392964446","3335944524"
"13:35:00.648414","1500","47.74.8.123","80","100.64.0.2","38792","1448","813518408","1444649801","2392964458","3335944536"
"13:35:00.660218","1500","47.74.8.123","80","100.64.0.2","38792","1448","813519856","1444649801","2392964469","3335944548"
"13:35:00.672220","1500","47.74.8.123","80","100.64.0.2","38792","1448","813521304","1444649801","2392964482","3335944560"
"13:35:00.684195","1500","47.74.8.123","80","100.64.0.2","38792","1448","813522752","1444649801","2392964493","3335944572"
"13:35:00.697400","1500","47.74.8.123","80","100.64.0.2","38792","1448","813524200","1444649801","2392964507","3335944584"
"13:35:00.709451","1500","47.74.8.123","80","100.64.0.2","38792","1448","813525648","1444649801","2392964519","3335944597"
"13:35:00.721552","1500","47.74.8.123","80","100.64.0.2","38792","1448","813527096","1444649801","2392964531","3335944609"
"13:35:00.733558","1500","47.74.8.123","80","100.64.0.2","38792","1448","813528544","1444649801","2392964543","3335944621"
"13:35:00.745385","1500","47.74.8.123","80","100.64.0.2","38792","1448","813529992","1444649801","2392964555","3335944633"
"13:35:00.757423","1500","47.74.8.123","80","100.64.0.2","38792","1448","813531440","1444649801","2392964567","3335944645"
"13:35:00.769379","1500","47.74.8.123","80","100.64.0.2","38792","1448","813243288","1444649801","2392964579","3335944657"
"13:35:00.769389","1500","47.74.8.123","80","100.64.0.2","38792","1448","813532888","1444649801","2392964579","3335944657"
"13:35:00.781611","1500","47.74.8.123","80","100.64.0.2","38792","1448","813534336","1444649801","2392964591","3335944669"
"13:35:00.793615","1500","47.74.8.123","80","100.64.0.2","38792","1448","813535784","1444649801","2392964603","3335944681"
"13:35:00.805710","1500","47.74.8.123","80","100.64.0.2","38792","1448","813537232","1444649801","2392964615","3335944693"
"13:35:00.828469","1500","47.74.8.123","80","100.64.0.2","38792","1448","813538680","1444649801","2392964627","3335944705"
"13:35:00.829544","1500","47.74.8.123","80","100.64.0.2","38792","1448","813540128","1444649801","2392964639","3335944717"
"13:35:00.841597","1500","47.74.8.123","80","100.64.0.2","38792","1448","813541576","1444649801","2392964651","3335944729"
"13:35:00.853567","1500","47.74.8.123","80","100.64.0.2","38792","1448","813543024","1444649801","2392964663","3335944742"
"13:35:00.865791","1500","47.74.8.123","80","100.64.0.2","38792","1448","813544472","1444649801","2392964675","3335944753"
"13:35:00.882830","1500","47.74.8.123","80","100.64.0.2","38792","1448","813545920","1444649801","2392964692","3335944765"
"13:35:00.888881","1500","47.74.8.123","80","100.64.0.2","38792","1448","813547368","1444649801","2392964698","3335944777"
"13:35:00.901127","1500","47.74.8.123","80","100.64.0.2","38792","1448","813548816","1444649801","2392964710","3335944790"
"13:35:00.913685","1500","47.74.8.123","80","100.64.0.2","38792","1448","813550264","1444649801","2392964723","3335944802"
"13:35:00.936891","1500","47.74.8.123","80","100.64.0.2","38792","1448","813551712","1444649801","2392964746","3335944828"
"13:35:00.936902","1500","47.74.8.123","80","100.64.0.2","38792","1448","813553160","1444649801","2392964746","3335944828"
"13:35:00.950068","1500","47.74.8.123","80","100.64.0.2","38792","1448","813554608","1444649801","2392964759","3335944837"
"13:35:00.961988","1500","47.74.8.123","80","100.64.0.2","38792","1448","813556056","1444649801","2392964771","3335944851"
"13:35:00.975071","1500","47.74.8.123","80","100.64.0.2","38792","1448","813557504","1444649801","2392964784","3335944863"
"13:35:00.986302","1500","47.74.8.123","80","100.64.0.2","38792","1448","813558952","1444649801","2392964796","3335944875"
"13:35:00.998353","1500","47.74.8.123","80","100.64.0.2","38792","1448","813560400","1444649801","2392964808","3335944887"
"13:35:01.009940","1500","47.74.8.123","80","100.64.0.2","38792","1448","813561848","1444649801","2392964819","3335944898"
"13:35:01.024142","1500","47.74.8.123","80","100.64.0.2","38792","1448","813563296","1444649801","2392964831","3335944910"
"13:35:01.034252","1500","47.74.8.123","80","100.64.0.2","38792","1448","813564744","1444649801","2392964844","3335944922"
"13:35:01.047195","1500","47.74.8.123","80","100.64.0.2","38792","1448","813566192","1444649801","2392964856","3335944935"
"13:35:01.058336","1500","47.74.8.123","80","100.64.0.2","38792","1448","813567640","1444649801","2392964868","3335944946"
"13:35:01.070516","1500","47.74.8.123","80","100.64.0.2","38792","1448","813244736","1444649801","2392964880","3335944958"
"13:35:01.070527","1500","47.74.8.123","80","100.64.0.2","38792","1448","813569088","1444649801","2392964880","3335944958"
"13:35:01.082801","1500","47.74.8.123","80","100.64.0.2","38792","1448","813570536","1444649801","2392964892","3335944970"
"13:35:01.093859","1500","47.74.8.123","80","100.64.0.2","38792","1448","813571984","1444649801","2392964903","3335944982"
"13:35:01.106360","1500","47.74.8.123","80","100.64.0.2","38792","1448","813573432","1444649801","2392964916","3335944994"
"13:35:01.118418","1500","47.74.8.123","80","100.64.0.2","38792","1448","813574880","1444649801","2392964928","3335945006"
"13:35:01.142454","1500","47.74.8.123","80","100.64.0.2","38792","1448","813576328","1444649801","2392964952","3335945028"
"13:35:01.142465","1500","47.74.8.123","80","100.64.0.2","38792","1448","813577776","1444649801","2392964952","3335945030"
"13:35:01.154820","1500","47.74.8.123","80","100.64.0.2","38792","1448","813579224","1444649801","2392964964","3335945042"
"13:35:01.165866","1500","47.74.8.123","80","100.64.0.2","38792","1448","813580672","1444649801","2392964975","3335945054"
"13:35:01.178118","1500","47.74.8.123","80","100.64.0.2","38792","1448","813582120","1444649801","2392964987","3335945066"
"13:35:01.190549","1500","47.74.8.123","80","100.64.0.2","38792","1448","813583568","1444649801","2392965000","3335945079"
"13:35:01.204591","1500","47.74.8.123","80","100.64.0.2","38792","1448","813585016","1444649801","2392965014","3335945091"
"13:35:01.215692","1500","47.74.8.123","80","100.64.0.2","38792","1448","813586464","1444649801","2392965025","3335945103"
"13:35:01.227759","1500","47.74.8.123","80","100.64.0.2","38792","1448","813587912","1444649801","2392965037","3335945115"
"13:35:01.239148","1500","47.74.8.123","80","100.64.0.2","38792","1448","813589360","1444649801","2392965048","3335945127"
"13:35:01.251164","1500","47.74.8.123","80","100.64.0.2","38792","1448","813590808","1444649801","2392965060","3335945139"
"13:35:01.263469","1500","47.74.8.123","80","100.64.0.2","38792","1448","813592256","1444649801","2392965073","3335945151"
"13:35:01.275749","1500","47.74.8.123","80","100.64.0.2","38792","1448","813593704","1444649801","2392965085","3335945164"
"13:35:01.287877","1500","47.74.8.123","80","100.64.0.2","38792","1448","813595152","1444649801","2392965097","3335945175"
"13:35:01.298834","1500","47.74.8.123","80","100.64.0.2","38792","1448","813596600","1444649801","2392965108","3335945187"
"13:35:01.383043","1500","47.74.8.123","80","100.64.0.2","38792","1448","813246184","1444649801","2392965192","3335945271"
"13:35:01.624805","1500","47.74.8.123","80","100.64.0.2","38792","1448","813247632","1444649801","2392965434","3335945512"
"13:35:01.781233","1500","47.74.8.123","80","100.64.0.2","38792","1448","813249080","1444649801","2392965590","3335945670"
"13:35:01.937549","1500","47.74.8.123","80","100.64.0.2","38792","1448","813250528","1444649801","2392965747","3335945825"
"13:35:02.094850","1500","47.74.8.123","80","100.64.0.2","38792","1448","813251976","1444649801","2392965904","3335945983"
"13:35:02.251206","1500","47.74.8.123","80","100.64.0.2","38792","1448","813253424","1444649801","2392966060","3335946139"
"13:35:02.407544","1500","47.74.8.123","80","100.64.0.2","38792","1448","813254872","1444649801","2392966217","3335946295"
"13:35:02.564862","1500","47.74.8.123","80","100.64.0.2","38792","1448","813257768","1444649801","2392966374","3335946453"
"13:35:02.721518","1500","47.74.8.123","80","100.64.0.2","38792","1448","813598048","1444649801","2392966531","3335946609"
"13:35:02.721533","1500","47.74.8.123","80","100.64.0.2","38792","1448","813599496","1444649801","2392966531","3335946609"
"13:35:02.721538","1500","47.74.8.123","80","100.64.0.2","38792","1448","813600944","1444649801","2392966531","3335946609"
"13:35:02.721543","1500","47.74.8.123","80","100.64.0.2","38792","1448","813602392","1444649801","2392966531","3335946609"
"13:35:02.721547","1500","47.74.8.123","80","100.64.0.2","38792","1448","813603840","1444649801","2392966531","3335946609"
"13:35:02.721556","1500","47.74.8.123","80","100.64.0.2","38792","1448","813605288","1444649801","2392966531","3335946609"
"13:35:02.721563","1500","47.74.8.123","80","100.64.0.2","38792","1448","813606736","1444649801","2392966531","3335946609"
"13:35:02.721569","1500","47.74.8.123","80","100.64.0.2","38792","1448","813608184","1444649801","2392966531","3335946609"
"13:35:02.721578","1500","47.74.8.123","80","100.64.0.2","38792","1448","813609632","1444649801","2392966531","3335946609"
"13:35:02.721594","1500","47.74.8.123","80","100.64.0.2","38792","1448","813611080","1444649801","2392966531","3335946609"
"13:35:02.721603","1500","47.74.8.123","80","100.64.0.2","38792","1448","813612528","1444649801","2392966531","3335946609"
"13:35:02.721608","1500","47.74.8.123","80","100.64.0.2","38792","1448","813613976","1444649801","2392966531","3335946609"
"13:35:02.721618","1500","47.74.8.123","80","100.64.0.2","38792","1448","813615424","1444649801","2392966531","3335946609"
"13:35:02.721627","1500","47.74.8.123","80","100.64.0.2","38792","1448","813616872","1444649801","2392966531","3335946609"
"13:35:02.878297","1500","47.74.8.123","80","100.64.0.2","38792","1448","813618320","1444649801","2392966688","3335946766"
"13:35:02.878317","1500","47.74.8.123","80","100.64.0.2","38792","1448","813619768","1444649801","2392966688","3335946766"
"13:35:02.889281","1500","47.74.8.123","80","100.64.0.2","38792","1448","813621216","1444649801","2392966699","3335946778"
"13:35:02.901308","1500","47.74.8.123","80","100.64.0.2","38792","1448","813569088","1444649801","2392966711","3335946789"
"13:35:02.913403","1500","47.74.8.123","80","100.64.0.2","38792","1448","813622664","1444649801","2392966723","3335946801"
"13:35:02.925178","1500","47.74.8.123","80","100.64.0.2","38792","1448","813624112","1444649801","2392966735","3335946813"
"13:35:02.937464","1500","47.74.8.123","80","100.64.0.2","38792","1448","813625560","1444649801","2392966747","3335946825"
"13:35:02.950303","1500","47.74.8.123","80","100.64.0.2","38792","1448","813627008","1444649801","2392966760","3335946837"
"13:35:02.962379","1500","47.74.8.123","80","100.64.0.2","38792","1448","813628456","1444649801","2392966772","3335946850"
