_ws.col.Time,frame.len,ip.src,tcp.srcport,ip.dst,tcp.dstport,tcp.len,tcp.seq_raw,tcp.ack_raw,tcp.options.timestamp.tsval,tcp.options.timestamp.tsecr
"21:42:32.876616","52","47.74.8.123","80","100.64.0.5","50534","0","402457500","2034548101","2335816629","3278796716"
"21:42:32.888704","1500","47.74.8.123","80","100.64.0.5","50534","1448","402457500","2034548101","2335816629","3278796716"
"21:42:32.900823","1500","47.74.8.123","80","100.64.0.5","50534","1448","402458948","2034548101","2335816629","3278796716"
"21:42:32.912934","1500","47.74.8.123","80","100.64.0.5","50534","1448","402460396","2034548101","2335816629","3278796716"
"21:42:32.925032","1500","47.74.8.123","80","100.64.0.5","50534","1448","402461844","2034548101","2335816629","3278796716"
"21:42:32.936125","1500","47.74.8.123","80","100.64.0.5","50534","1448","402463292","2034548101","2335816629","3278796716"
"21:42:32.948223","1500","47.74.8.123","80","100.64.0.5","50534","1448","402464740","2034548101","2335816629","3278796716"
"21:42:32.961327","1500","47.74.8.123","80","100.64.0.5","50534","1448","402466188","2034548101","2335816629","3278796716"
"21:42:32.973434","1500","47.74.8.123","80","100.64.0.5","50534","1448","402467636","2034548101","2335816629","3278796716"
"21:42:32.985545","1500","47.74.8.123","80","100.64.0.5","50534","1448","402469084","2034548101","2335816629","3278796716"
"21:42:32.997649","1500","47.74.8.123","80","100.64.0.5","50534","1448","402470532","2034548101","2335816629","3278796716"
"21:42:33.045949","1500","47.74.8.123","80","100.64.0.5","50534","1448","402471980","2034548101","2335816797","3278796884"
"21:42:33.057126","1500","47.74.8.123","80","100.64.0.5","50534","1448","402473428","2034548101","2335816797","3278796884"
"21:42:33.069207","1500","47.74.8.123","80","100.64.0.5","50534","1448","402474876","2034548101","2335816810","3278796897"
"21:42:33.081219","1500","47.74.8.123","80","100.64.0.5","50534","1448","402476324","2034548101","2335816810","3278796897"
"21:42:33.093305","1500","47.74.8.123","80","100.64.0.5","50534","1448","402477772","2034548101","2335816822","3278796909"
"21:42:33.105388","1500","47.74.8.123","80","100.64.0.5","50534","1448","402479220","2034548101","2335816822","3278796909"
"21:42:33.117461","1500","47.74.8.123","80","100.64.0.5","50534","1448","402480668","2034548101","2335816833","3278796921"
"21:42:33.129551","1500","47.74.8.123","80","100.64.0.5","50534","1448","402482116","2034548101","2335816833","3278796921"
"21:42:33.141660","1500","47.74.8.123","80","100.64.0.5","50534","1448","402483564","2034548101","2335816845","3278796932"
"21:42:33.153762","1500","47.74.8.123","80","100.64.0.5","50534","1448","402485012","2034548101","2335816845","3278796932"
"21:42:33.165862","1500","47.74.8.123","80","100.64.0.5","50534","1448","402486460","2034548101","2335816857","3278796944"
"21:42:33.177962","1500","47.74.8.123","80","100.64.0.5","50534","1448","402487908","2034548101","2335816857","3278796944"
"21:42:33.190065","1500","47.74.8.123","80","100.64.0.5","50534","1448","402489356","2034548101","2335816870","3278796957"
"21:42:33.202015","1500","47.74.8.123","80","100.64.0.5","50534","1448","402490804","2034548101","2335816870","3278796957"
"21:42:33.214180","1500","47.74.8.123","80","100.64.0.5","50534","1448","402492252","2034548101","2335816882","3278796969"
"21:42:33.226268","1500","47.74.8.123","80","100.64.0.5","50534","1448","402493700","2034548101","2335816882","3278796969"
"21:42:33.238397","1500","47.74.8.123","80","100.64.0.5","50534","1448","402495148","2034548101","2335816894","3278796981"
"21:42:33.250464","1500","47.74.8.123","80","100.64.0.5","50534","1448","402496596","2034548101","2335816894","3278796981"
"21:42:33.262562","1500","47.74.8.123","80","100.64.0.5","50534","1448","402498044","2034548101","2335816906","3278796993"
"21:42:33.274533","1500","47.74.8.123","80","100.64.0.5","50534","1448","402499492","2034548101","2335816906","3278796993"
"21:42:33.286643","1500","47.74.8.123","80","100.64.0.5","50534","1448","402500940","2034548101","2335816954","3278797042"
"21:42:33.298788","1500","47.74.8.123","80","100.64.0.5","50534","1448","402502388","2034548101","2335816954","3278797042"
"21:42:33.310915","1500","47.74.8.123","80","100.64.0.5","50534","1448","402503836","2034548101","2335816966","3278797053"
"21:42:33.322945","1500","47.74.8.123","80","100.64.0.5","50534","1448","402505284","2034548101","2335816966","3278797053"
"21:42:33.335035","1500","47.74.8.123","80","100.64.0.5","50534","1448","402506732","2034548101","2335816978","3278797065"
"21:42:33.347006","1500","47.74.8.123","80","100.64.0.5","50534","1448","402508180","2034548101","2335816978","3278797065"
"21:42:33.358183","1500","47.74.8.123","80","100.64.0.5","50534","1448","402509628","2034548101","2335816990","3278797077"
"21:42:33.370292","1500","47.74.8.123","80","100.64.0.5","50534","1448","402511076","2034548101","2335816990","3278797077"
"21:42:33.382372","1500","47.74.8.123","80","100.64.0.5","50534","1448","402512524","2034548101","2335817002","3278797089"
"21:42:33.394412","1500","47.74.8.123","80","100.64.0.5","50534","1448","402513972","2034548101","2335817002","3278797089"
"21:42:33.406586","1500","47.74.8.123","80","100.64.0.5","50534","1448","402515420","2034548101","2335817014","3278797101"
"21:42:33.418648","1500","47.74.8.123","80","100.64.0.5","50534","1448","402518316","2034548101","2335817026","3278797113"
"21:42:33.430742","1500","47.74.8.123","80","100.64.0.5","50534","1448","402521212","2034548101","2335817038","3278797125"
"21:42:33.442851","1500","47.74.8.123","80","100.64.0.5","50534","1448","402524108","2034548101","2335817050","3278797137"
"21:42:33.454812","1500","47.74.8.123","80","100.64.0.5","50534","1448","402527004","2034548101","2335817062","3278797150"
"21:42:33.467075","1500","47.74.8.123","80","100.64.0.5","50534","1448","402529900","2034548101","2335817075","3278797162"
"21:42:33.479117","1500","47.74.8.123","80","100.64.0.5","50534","1448","402532796","2034548101","2335817086","3278797174"
"21:42:33.491232","1500","47.74.8.123","80","100.64.0.5","50534","1448","402535692","2034548101","2335817098","3278797186"
"21:42:33.503188","1500","47.74.8.123","80","100.64.0.5","50534","1448","402538588","2034548101","2335817110","3278797198"
"21:42:33.515311","1500","47.74.8.123","80","100.64.0.5","50534","1448","402541484","2034548101","2335817123","3278797210"
"21:42:33.527396","1500","47.74.8.123","80","100.64.0.5","50534","1448","402544380","2034548101","2335817135","3278797222"
"21:42:33.539536","1500","47.74.8.123","80","100.64.0.5","50534","1448","402547276","2034548101","2335817147","3278797234"
"21:42:33.551541","1500","47.74.8.123","80","100.64.0.5","50534","1448","402550172","2034548101","2335817159","3278797246"
"21:42:33.563642","1500","47.74.8.123","80","100.64.0.5","50534","1448","402553068","2034548101","2335817171","3278797258"
"21:42:33.575866","1500","47.74.8.123","80","100.64.0.5","50534","1448","402555964","2034548101","2335817183","3278797270"
"21:42:33.587956","1500","47.74.8.123","80","100.64.0.5","50534","1448","402558860","2034548101","2335817195","3278797282"
"21:42:33.599836","1500","47.74.8.123","80","100.64.0.5","50534","1448","402561756","2034548101","2335817207","3278797295"
"21:42:33.612063","1500","47.74.8.123","80","100.64.0.5","50534","1448","402564652","2034548101","2335817220","3278797307"
"21:42:33.623159","1500","47.74.8.123","80","100.64.0.5","50534","1448","402567548","2034548101","2335817232","3278797319"
"21:42:33.635091","1500","47.74.8.123","80","100.64.0.5","50534","1448","402570444","2034548101","2335817243","3278797331"
"21:42:33.647199","1500","47.74.8.123","80","100.64.0.5","50534","1448","402573340","2034548101","2335817255","3278797343"
"21:42:33.659219","1500","47.74.8.123","80","100.64.0.5","50534","1448","402576236","2034548101","2335817267","3278797354"
"21:42:33.671315","1500","47.74.8.123","80","100.64.0.5","50534","1448","402579132","2034548101","2335817279","3278797366"
"21:42:33.683558","1500","47.74.8.123","80","100.64.0.5","50534","1448","402582028","2034548101","2335817291","3278797378"
"21:42:33.695657","1500","47.74.8.123","80","100.64.0.5","50534","1448","402584924","2034548101","2335817303","3278797390"
"21:42:33.707637","1500","47.74.8.123","80","100.64.0.5","50534","1448","402587820","2034548101","2335817314","3278797402"
"21:42:33.720732","1500","47.74.8.123","80","100.64.0.5","50534","1448","402590716","2034548101","2335817327","3278797414"
"21:42:33.732729","1500","47.74.8.123","80","100.64.0.5","50534","1448","402592164","2034548101","2335817339","3278797426"
"21:42:33.744830","1500","47.74.8.123","80","100.64.0.5","50534","1448","402516868","2034548101","2335817352","3278797439"
"21:42:33.756804","1500","47.74.8.123","80","100.64.0.5","50534","1448","402593612","2034548101","2335817363","3278797451"
"21:42:33.768901","1500","47.74.8.123","80","100.64.0.5","50534","1448","402595060","2034548101","2335817388","3278797475"
"21:42:33.780122","1500","47.74.8.123","80","100.64.0.5","50534","1448","402596508","2034548101","2335817412","3278797499"
"21:42:33.792223","1500","47.74.8.123","80","100.64.0.5","50534","1448","402597956","2034548101","2335817436","3278797523"
"21:42:33.804253","1500","47.74.8.123","80","100.64.0.5","50534","1448","402599404","2034548101","2335817460","3278797547"
"21:42:33.816355","1500","47.74.8.123","80","100.64.0.5","50534","1448","402600852","2034548101","2335817484","3278797572"
"21:42:33.828289","1500","47.74.8.123","80","100.64.0.5","50534","1448","402602300","2034548101","2335817508","3278797596"
"21:42:33.840383","1500","47.74.8.123","80","100.64.0.5","50534","1448","402603748","2034548101","2335817532","3278797619"
"21:42:33.852355","1500","47.74.8.123","80","100.64.0.5","50534","1448","402605196","2034548101","2335817556","3278797643"
"21:42:33.864450","1500","47.74.8.123","80","100.64.0.5","50534","1448","402606644","2034548101","2335817580","3278797667"
"21:42:33.876771","1500","47.74.8.123","80","100.64.0.5","50534","1448","402608092","2034548101","2335817604","3278797691"
"21:42:33.888863","1500","47.74.8.123","80","100.64.0.5","50534","1448","402609540","2034548101","2335817629","3278797716"
"21:42:33.900834","1500","47.74.8.123","80","100.64.0.5","50534","1448","402519764","2034548101","2335817654","3278797741"
"21:42:33.924952","1500","47.74.8.123","80","100.64.0.5","50534","1448","402610988","2034548101","2335817678","3278797765"
"21:42:33.949050","1500","47.74.8.123","80","100.64.0.5","50534","1448","402612436","2034548101","2335817701","3278797788"
"21:42:33.973309","1500","47.74.8.123","80","100.64.0.5","50534","1448","402613884","2034548101","2335817725","3278797812"
"21:42:33.997371","1500","47.74.8.123","80","100.64.0.5","50534","1448","402615332","2034548101","2335817749","3278797836"
"21:42:34.021461","1500","47.74.8.123","80","100.64.0.5","50534","1448","402616780","2034548101","2335817774","3278797860"
"21:42:34.045610","1500","47.74.8.123","80","100.64.0.5","50534","1448","402618228","2034548101","2335817798","3278797885"
"21:42:34.081677","1500","47.74.8.123","80","100.64.0.5","50534","1448","402522660","2034548101","2335817834","3278797921"
"21:42:34.129957","1500","47.74.8.123","80","100.64.0.5","50534","1448","402619676","2034548101","2335817882","3278797969"
"21:42:34.214455","1500","47.74.8.123","80","100.64.0.5","50534","1448","402621124","2034548101","2335817960","3278798041"
"21:42:34.238536","1500","47.74.8.123","80","100.64.0.5","50534","1448","402525556","2034548101","2335817990","3278798077"
"21:42:34.250647","1500","47.74.8.123","80","100.64.0.5","50534","1448","402622572","2034548101","2335817990","3278798077"
"21:42:34.286931","1500","47.74.8.123","80","100.64.0.5","50534","1448","402624020","2034548101","2335818038","3278798126"
"21:42:34.370512","1500","47.74.8.123","80","100.64.0.5","50534","1448","402625468","2034548101","2335818123","3278798210"
"21:42:34.394627","1500","47.74.8.123","80","100.64.0.5","50534","1448","402528452","2034548101","2335818147","3278798234"
"21:42:34.406709","1500","47.74.8.123","80","100.64.0.5","50534","1448","402626916","2034548101","2335818147","3278798234"
"21:42:34.418811","1500","47.74.8.123","80","100.64.0.5","50534","1448","402628364","2034548101","2335818159","3278798246"
"21:42:34.442789","1500","47.74.8.123","80","100.64.0.5","50534","1448","402629812","2034548101","2335818195","3278798283"
"21:42:34.527438","1500","47.74.8.123","80","100.64.0.5","50534","1448","402631260","2034548101","2335818279","3278798366"
"21:42:34.551574","1500","47.74.8.123","80","100.64.0.5","50534","1448","402531348","2034548101","2335818303","3278798390"
"21:42:34.563656","1500","47.74.8.123","80","100.64.0.5","50534","1448","402632708","2034548101","2335818303","3278798390"
"21:42:34.575722","1500","47.74.8.123","80","100.64.0.5","50534","1448","402634156","2034548101","2335818315","3278798402"
"21:42:34.587820","1500","47.74.8.123","80","100.64.0.5","50534","1448","402635604","2034548101","2335818327","3278798415"
"21:42:34.599806","1500","47.74.8.123","80","100.64.0.5","50534","1448","402637052","2034548101","2335818351","3278798439"
"21:42:34.683433","1500","47.74.8.123","80","100.64.0.5","50534","1448","402638500","2034548101","2335818436","3278798523"
"21:42:34.707592","1500","47.74.8.123","80","100.64.0.5","50534","1448","402534244","2034548101","2335818460","3278798547"
"21:42:34.720652","1500","47.74.8.123","80","100.64.0.5","50534","1448","402639948","2034548101","2335818460","3278798547"
"21:42:34.732730","1500","47.74.8.123","80","100.64.0.5","50534","1448","402641396","2034548101","2335818472","3278798559"
"21:42:34.744815","1500","47.74.8.123","80","100.64.0.5","50534","1448","402642844","2034548101","2335818484","3278798571"
"21:42:34.756894","1500","47.74.8.123","80","100.64.0.5","50534","1448","402644292","2034548101","2335818496","3278798584"
"21:42:34.768992","1500","47.74.8.123","80","100.64.0.5","50534","1448","402645740","2034548101","2335818508","3278798596"
"21:42:34.840443","1500","47.74.8.123","80","100.64.0.5","50534","1448","402647188","2034548101","2335818592","3278798679"
"21:42:34.864673","1500","47.74.8.123","80","100.64.0.5","50534","1448","402537140","2034548101","2335818616","3278798703"
"21:42:34.876748","1500","47.74.8.123","80","100.64.0.5","50534","1448","402648636","2034548101","2335818616","3278798703"
"21:42:34.888863","1500","47.74.8.123","80","100.64.0.5","50534","1448","402650084","2034548101","2335818629","3278798716"
"21:42:34.900966","1500","47.74.8.123","80","100.64.0.5","50534","1448","402651532","2034548101","2335818641","3278798728"
"21:42:34.913016","1500","47.74.8.123","80","100.64.0.5","50534","1448","402652980","2034548101","2335818653","3278798741"
"21:42:34.924100","1500","47.74.8.123","80","100.64.0.5","50534","1448","402654428","2034548101","2335818666","3278798753"
"21:42:34.936196","1500","47.74.8.123","80","100.64.0.5","50534","1448","402655876","2034548101","2335818677","3278798765"
"21:42:34.997537","1500","47.74.8.123","80","100.64.0.5","50534","1448","402657324","2034548101","2335818749","3278798836"
"21:42:35.021843","1500","47.74.8.123","80","100.64.0.5","50534","1448","402540036","2034548101","2335818773","3278798860"
"21:42:35.033887","1500","47.74.8.123","80","100.64.0.5","50534","1448","402658772","2034548101","2335818773","3278798860"
"21:42:35.046061","1500","47.74.8.123","80","100.64.0.5","50534","1448","402660220","2034548101","2335818785","3278798872"
"21:42:35.057147","1500","47.74.8.123","80","100.64.0.5","50534","1448","402661668","2034548101","2335818798","3278798885"
"21:42:35.069228","1500","47.74.8.123","80","100.64.0.5","50534","1448","402663116","2034548101","2335818809","3278798897"
"21:42:35.081308","1500","47.74.8.123","80","100.64.0.5","50534","1448","402664564","2034548101","2335818821","3278798909"
"21:42:35.093383","1500","47.74.8.123","80","100.64.0.5","50534","1448","402666012","2034548101","2335818833","3278798920"
"21:42:35.105488","1500","47.74.8.123","80","100.64.0.5","50534","1448","402667460","2034548101","2335818845","3278798932"
"21:42:35.153757","1500","47.74.8.123","80","100.64.0.5","50534","1448","402668908","2034548101","2335818906","3278798993"
"21:42:35.178036","1500","47.74.8.123","80","100.64.0.5","50534","1448","402542932","2034548101","2335818931","3278799018"
"21:42:35.189168","1500","47.74.8.123","80","100.64.0.5","50534","1448","402670356","2034548101","2335818931","3278799018"
"21:42:35.201259","1500","47.74.8.123","80","100.64.0.5","50534","1448","402671804","2034548101","2335818943","3278799030"
"21:42:35.214226","1500","47.74.8.123","80","100.64.0.5","50534","1448","402673252","2034548101","2335818954","3278799042"
"21:42:35.226207","1500","47.74.8.123","80","100.64.0.5","50534","1448","402674700","2034548101","2335818966","3278799053"
"21:42:35.238290","1500","47.74.8.123","80","100.64.0.5","50534","1448","402676148","2034548101","2335818978","3278799065"
"21:42:35.250399","1500","47.74.8.123","80","100.64.0.5","50534","1448","402677596","2034548101","2335818990","3278799077"
"21:42:35.262722","1500","47.74.8.123","80","100.64.0.5","50534","1448","402679044","2034548101","2335819002","3278799089"
"21:42:35.274822","1500","47.74.8.123","80","100.64.0.5","50534","1448","402680492","2034548101","2335819014","3278799101"
"21:42:35.310732","1500","47.74.8.123","80","100.64.0.5","50534","1448","402681940","2034548101","2335819062","3278799150"
"21:42:35.334886","1500","47.74.8.123","80","100.64.0.5","50534","1448","402545828","2034548101","2335819086","3278799174"
"21:42:35.346278","1500","47.74.8.123","80","100.64.0.5","50534","1448","402683388","2034548101","2335819086","3278799174"
"21:42:35.358400","1500","47.74.8.123","80","100.64.0.5","50534","1448","402684836","2034548101","2335819098","3278799185"
"21:42:35.370525","1500","47.74.8.123","80","100.64.0.5","50534","1448","402686284","2034548101","2335819110","3278799197"
"21:42:35.382096","1500","47.74.8.123","80","100.64.0.5","50534","1448","402687732","2034548101","2335819123","3278799210"
"21:42:35.394255","1500","47.74.8.123","80","100.64.0.5","50534","1448","402689180","2034548101","2335819135","3278799222"
"21:42:35.406347","1500","47.74.8.123","80","100.64.0.5","50534","1448","402690628","2034548101","2335819147","3278799234"
"21:42:35.418416","1500","47.74.8.123","80","100.64.0.5","50534","1448","402692076","2034548101","2335819159","3278799246"
"21:42:35.430813","1500","47.74.8.123","80","100.64.0.5","50534","1448","402693524","2034548101","2335819171","3278799258"
"21:42:35.442906","1500","47.74.8.123","80","100.64.0.5","50534","1448","402694972","2034548101","2335819183","3278799271"
"21:42:35.467726","1500","47.74.8.123","80","100.64.0.5","50534","1448","402696420","2034548101","2335819219","3278799306"
"21:42:35.491960","1500","47.74.8.123","80","100.64.0.5","50534","1448","402548724","2034548101","2335819244","3278799331"
"21:42:35.504022","1500","47.74.8.123","80","100.64.0.5","50534","1448","402697868","2034548101","2335819244","3278799331"
"21:42:35.515480","1500","47.74.8.123","80","100.64.0.5","50534","1448","402699316","2034548101","2335819255","3278799342"
"21:42:35.527513","1500","47.74.8.123","80","100.64.0.5","50534","1448","402700764","2034548101","2335819269","3278799354"
"21:42:35.539601","1500","47.74.8.123","80","100.64.0.5","50534","1448","402702212","2034548101","2335819279","3278799366"
"21:42:35.551252","1500","47.74.8.123","80","100.64.0.5","50534","1448","402703660","2034548101","2335819291","3278799378"
"21:42:35.563451","1500","47.74.8.123","80","100.64.0.5","50534","1448","402705108","2034548101","2335819303","3278799390"
"21:42:35.575531","1500","47.74.8.123","80","100.64.0.5","50534","1448","402706556","2034548101","2335819315","3278799402"
"21:42:35.587531","1500","47.74.8.123","80","100.64.0.5","50534","1448","402708004","2034548101","2335819327","3278799414"
"21:42:35.599636","1500","47.74.8.123","80","100.64.0.5","50534","1448","402709452","2034548101","2335819339","3278799427"
"21:42:35.611732","1500","47.74.8.123","80","100.64.0.5","50534","1448","402710900","2034548101","2335819352","3278799439"
"21:42:35.623716","1500","47.74.8.123","80","100.64.0.5","50534","1448","402712348","2034548101","2335819376","3278799463"
"21:42:35.647967","1500","47.74.8.123","80","100.64.0.5","50534","1448","402551620","2034548101","2335819400","3278799488"
"21:42:35.659299","1500","47.74.8.123","80","100.64.0.5","50534","1448","402713796","2034548101","2335819400","3278799488"
"21:42:35.671379","1500","47.74.8.123","80","100.64.0.5","50534","1448","402715244","2034548101","2335819412","3278799500"
"21:42:35.683180","1500","47.74.8.123","80","100.64.0.5","50534","1448","402716692","2034548101","2335819424","3278799511"
"21:42:35.695171","1500","47.74.8.123","80","100.64.0.5","50534","1448","402718140","2034548101","2335819436","3278799523"
"21:42:35.707276","1500","47.74.8.123","80","100.64.0.5","50534","1448","402719588","2034548101","2335819449","3278799535"
"21:42:35.720587","1500","47.74.8.123","80","100.64.0.5","50534","1448","402721036","2034548101","2335819459","3278799547"
"21:42:35.732640","1500","47.74.8.123","80","100.64.0.5","50534","1448","402722484","2034548101","2335819472","3278799559"
"21:42:35.744973","1500","47.74.8.123","80","100.64.0.5","50534","1448","402723932","2034548101","2335819484","3278799571"
"21:42:35.756600","1500","47.74.8.123","80","100.64.0.5","50534","1448","402725380","2034548101","2335819498","3278799583"
"21:42:35.768690","1500","47.74.8.123","80","100.64.0.5","50534","1448","402726828","2034548101","2335819508","3278799595"
"21:42:35.780771","1500","47.74.8.123","80","100.64.0.5","50534","1448","402728276","2034548101","2335819520","3278799607"
"21:42:35.792876","1500","47.74.8.123","80","100.64.0.5","50534","1448","402729724","2034548101","2335819532","3278799619"
"21:42:35.805048","1500","47.74.8.123","80","100.64.0.5","50534","1448","402554516","2034548101","2335819556","3278799644"
"21:42:35.816390","1500","47.74.8.123","80","100.64.0.5","50534","1448","402731172","2034548101","2335819556","3278799644"
"21:42:35.828994","1500","47.74.8.123","80","100.64.0.5","50534","1448","402732620","2034548101","2335819568","3278799655"
"21:42:35.840159","1500","47.74.8.123","80","100.64.0.5","50534","1448","402734068","2034548101","2335819580","3278799667"
"21:42:35.852289","1500","47.74.8.123","80","100.64.0.5","50534","1448","402735516","2034548101","2335819592","3278799679"
"21:42:35.864632","1500","47.74.8.123","80","100.64.0.5","50534","1448","402736964","2034548101","2335819604","3278799691"
"21:42:35.876545","1500","47.74.8.123","80","100.64.0.5","50534","1448","402738412","2034548101","2335819616","3278799703"
"21:42:35.888520","1500","47.74.8.123","80","100.64.0.5","50534","1448","402739860","2034548101","2335819629","3278799716"
"21:42:35.900759","1500","47.74.8.123","80","100.64.0.5","50534","1448","402741308","2034548101","2335819641","3278799728"
"21:42:35.912784","1500","47.74.8.123","80","100.64.0.5","50534","1448","402742756","2034548101","2335819658","3278799741"
"21:42:35.924823","1500","47.74.8.123","80","100.64.0.5","50534","1448","402744204","2034548101","2335819665","3278799752"
"21:42:35.936901","1500","47.74.8.123","80","100.64.0.5","50534","1448","402745652","2034548101","2335819677","3278799764"
"21:42:35.948986","1500","47.74.8.123","80","100.64.0.5","50534","1448","402747100","2034548101","2335819689","3278799777"
"21:42:35.961970","1500","47.74.8.123","80","100.64.0.5","50534","1448","402748548","2034548101","2335819702","3278799789"
"21:42:35.974057","1500","47.74.8.123","80","100.64.0.5","50534","1448","402557412","2034548101","2335819713","3278799801"
"21:42:35.985282","1500","47.74.8.123","80","100.64.0.5","50534","1448","402749996","2034548101","2335819713","3278799801"
"21:42:35.997253","1500","47.74.8.123","80","100.64.0.5","50534","1448","402751444","2034548101","2335819725","3278799812"
"21:42:36.009360","1500","47.74.8.123","80","100.64.0.5","50534","1448","402752892","2034548101","2335819737","3278799825"
"21:42:36.021540","1500","47.74.8.123","80","100.64.0.5","50534","1448","402754340","2034548101","2335819749","3278799836"
"21:42:36.033434","1500","47.74.8.123","80","100.64.0.5","50534","1448","402755788","2034548101","2335819761","3278799848"
"21:42:36.045549","1500","47.74.8.123","80","100.64.0.5","50534","1448","402757236","2034548101","2335819773","3278799860"
"21:42:36.057700","1500","47.74.8.123","80","100.64.0.5","50534","1448","402758684","2034548101","2335819785","3278799872"
"21:42:36.069757","1500","47.74.8.123","80","100.64.0.5","50534","1448","402760132","2034548101","2335819797","3278799884"
"21:42:36.081786","1500","47.74.8.123","80","100.64.0.5","50534","1448","402761580","2034548101","2335819809","3278799897"
"21:42:36.093821","1500","47.74.8.123","80","100.64.0.5","50534","1448","402763028","2034548101","2335819821","3278799909"
"21:42:36.118014","1500","47.74.8.123","80","100.64.0.5","50534","1448","402764476","2034548101","2335819833","3278799921"
"21:42:36.129111","1500","47.74.8.123","80","100.64.0.5","50534","1448","402765924","2034548101","2335819846","3278799933"
"21:42:36.141204","1500","47.74.8.123","80","100.64.0.5","50534","1448","402767372","2034548101","2335819857","3278799945"
"21:42:36.153254","1500","47.74.8.123","80","100.64.0.5","50534","1448","402768820","2034548101","2335819870","3278799958"
"21:42:36.165238","1500","47.74.8.123","80","100.64.0.5","50534","1448","402560308","2034548101","2335819882","3278799970"
"21:42:36.177425","1500","47.74.8.123","80","100.64.0.5","50534","1448","402770268","2034548101","2335819882","3278799970"
"21:42:36.189576","1500","47.74.8.123","80","100.64.0.5","50534","1448","402771716","2034548101","2335819894","3278799981"
"21:42:36.201620","1500","47.74.8.123","80","100.64.0.5","50534","1448","402773164","2034548101","2335819906","3278799993"
"21:42:36.214715","1500","47.74.8.123","80","100.64.0.5","50534","1448","402774612","2034548101","2335819918","3278800005"
"21:42:36.226822","1500","47.74.8.123","80","100.64.0.5","50534","1448","402776060","2034548101","2335819930","3278800017"
"21:42:36.238984","1500","47.74.8.123","80","100.64.0.5","50534","1448","402777508","2034548101","2335819942","3278800029"
"21:42:36.251072","1500","47.74.8.123","80","100.64.0.5","50534","1448","402778956","2034548101","2335819954","3278800041"
"21:42:36.262176","1500","47.74.8.123","80","100.64.0.5","50534","1448","402780404","2034548101","2335819966","3278800053"
"21:42:36.274211","1500","47.74.8.123","80","100.64.0.5","50534","1448","402781852","2034548101","2335819978","3278800066"
"21:42:36.286307","1500","47.74.8.123","80","100.64.0.5","50534","1448","402783300","2034548101","2335819990","3278800078"
"21:42:36.298401","1500","47.74.8.123","80","100.64.0.5","50534","1448","402784748","2034548101","2335820002","3278800090"
"21:42:36.310520","1500","47.74.8.123","80","100.64.0.5","50534","1448","402786196","2034548101","2335820026","3278800114"
"21:42:36.322340","1500","47.74.8.123","80","100.64.0.5","50534","1448","402563204","2034548101","2335820074","3278800161"
"21:42:36.334440","1500","47.74.8.123","80","100.64.0.5","50534","1448","402787644","2034548101","2335820074","3278800161"
"21:42:36.346547","1500","47.74.8.123","80","100.64.0.5","50534","1448","402789092","2034548101","2335820074","3278800161"
"21:42:36.358659","1500","47.74.8.123","80","100.64.0.5","50534","1448","402790540","2034548101","2335820074","3278800161"
"21:42:36.370771","1500","47.74.8.123","80","100.64.0.5","50534","1448","402791988","2034548101","2335820074","3278800161"
"21:42:36.479379","1500","47.74.8.123","80","100.64.0.5","50534","1448","402566100","2034548101","2335820231","3278800318"
"21:42:36.491490","1500","47.74.8.123","80","100.64.0.5","50534","1448","402793436","2034548101","2335820231","3278800318"
"21:42:36.503608","1500","47.74.8.123","80","100.64.0.5","50534","1448","402794884","2034548101","2335820231","3278800318"
"21:42:36.515707","1500","47.74.8.123","80","100.64.0.5","50534","1448","402796332","2034548101","2335820231","3278800318"
"21:42:36.527799","1500","47.74.8.123","80","100.64.0.5","50534","1448","402797780","2034548101","2335820231","3278800318"
"21:42:36.635464","1500","47.74.8.123","80","100.64.0.5","50534","1448","402568996","2034548101","2335820388","3278800475"
"21:42:36.647616","1500","47.74.8.123","80","100.64.0.5","50534","1448","402799228","2034548101","2335820388","3278800475"
"21:42:36.659722","1500","47.74.8.123","80","100.64.0.5","50534","1448","402800676","2034548101","2335820388","3278800475"
"21:42:36.671820","1500","47.74.8.123","80","100.64.0.5","50534","1448","402802124","2034548101","2335820388","3278800475"
"21:42:36.683910","1500","47.74.8.123","80","100.64.0.5","50534","1448","402803572","2034548101","2335820388","3278800475"
"21:42:36.792659","1500","47.74.8.123","80","100.64.0.5","50534","1448","402571892","2034548101","2335820544","3278800631"
"21:42:36.804776","1500","47.74.8.123","80","100.64.0.5","50534","1448","402805020","2034548101","2335820545","3278800631"
"21:42:36.816880","1500","47.74.8.123","80","100.64.0.5","50534","1448","402806468","2034548101","2335820545","3278800631"
"21:42:36.828977","1500","47.74.8.123","80","100.64.0.5","50534","1448","402807916","2034548101","2335820545","3278800631"
"21:42:36.841078","1500","47.74.8.123","80","100.64.0.5","50534","1448","402809364","2034548101","2335820545","3278800631"
"21:42:36.948826","1500","47.74.8.123","80","100.64.0.5","50534","1448","402574788","2034548101","2335820701","3278800788"
"21:42:36.961938","1500","47.74.8.123","80","100.64.0.5","50534","1448","402810812","2034548101","2335820701","3278800788"
"21:42:36.974036","1500","47.74.8.123","80","100.64.0.5","50534","1448","402812260","2034548101","2335820701","3278800788"
"21:42:36.985128","1500","47.74.8.123","80","100.64.0.5","50534","1448","402813708","2034548101","2335820701","3278800788"
"21:42:36.997221","1500","47.74.8.123","80","100.64.0.5","50534","1448","402815156","2034548101","2335820701","3278800788"
"21:42:37.105904","1500","47.74.8.123","80","100.64.0.5","50534","1448","402577684","2034548101","2335820858","3278800945"
"21:42:37.118019","1500","47.74.8.123","80","100.64.0.5","50534","1448","402816604","2034548101","2335820858","3278800945"
"21:42:37.129125","1500","47.74.8.123","80","100.64.0.5","50534","1448","402818052","2034548101","2335820858","3278800945"
"21:42:37.141221","1500","47.74.8.123","80","100.64.0.5","50534","1448","402819500","2034548101","2335820858","3278800945"
"21:42:37.153312","1500","47.74.8.123","80","100.64.0.5","50534","1448","402820948","2034548101","2335820858","3278800945"
"21:42:37.263068","1500","47.74.8.123","80","100.64.0.5","50534","1448","402580580","2034548101","2335821015","3278801102"
"21:42:37.274177","1500","47.74.8.123","80","100.64.0.5","50534","1448","402822396","2034548101","2335821015","3278801102"
"21:42:37.286281","1500","47.74.8.123","80","100.64.0.5","50534","1448","402823844","2034548101","2335821015","3278801102"
"21:42:37.298390","1500","47.74.8.123","80","100.64.0.5","50534","1448","402825292","2034548101","2335821015","3278801102"
"21:42:37.310503","1500","47.74.8.123","80","100.64.0.5","50534","1448","402826740","2034548101","2335821015","3278801102"
"21:42:37.418158","1500","47.74.8.123","80","100.64.0.5","50534","1448","402583476","2034548101","2335821171","3278801259"
"21:42:37.430270","1500","47.74.8.123","80","100.64.0.5","50534","1448","402828188","2034548101","2335821171","3278801259"
"21:42:37.442366","1500","47.74.8.123","80","100.64.0.5","50534","1448","402829636","2034548101","2335821171","3278801259"
"21:42:37.454460","1500","47.74.8.123","80","100.64.0.5","50534","1448","402831084","2034548101","2335821171","3278801259"
"21:42:37.467564","1500","47.74.8.123","80","100.64.0.5","50534","1448","402832532","2034548101","2335821171","3278801259"
"21:42:37.575239","1500","47.74.8.123","80","100.64.0.5","50534","1448","402586372","2034548101","2335821327","3278801414"
"21:42:37.587348","1500","47.74.8.123","80","100.64.0.5","50534","1448","402833980","2034548101","2335821327","3278801414"
"21:42:37.599448","1500","47.74.8.123","80","100.64.0.5","50534","1448","402835428","2034548101","2335821327","3278801414"
"21:42:37.611546","1500","47.74.8.123","80","100.64.0.5","50534","1448","402836876","2034548101","2335821327","3278801414"
"21:42:37.623643","1500","47.74.8.123","80","100.64.0.5","50534","1448","402838324","2034548101","2335821327","3278801414"
"21:42:37.732350","1500","47.74.8.123","80","100.64.0.5","50534","1448","402589268","2034548101","2335821484","3278801571"
"21:42:37.744524","1500","47.74.8.123","80","100.64.0.5","50534","1448","402839772","2034548101","2335821484","3278801571"
"21:42:37.756692","1500","47.74.8.123","80","100.64.0.5","50534","1448","402841220","2034548101","2335821484","3278801571"
"21:42:37.768830","1500","47.74.8.123","80","100.64.0.5","50534","1448","402842668","2034548101","2335821484","3278801571"
"21:42:37.780978","1500","47.74.8.123","80","100.64.0.5","50534","1448","402844116","2034548101","2335821484","3278801571"
"21:42:37.888074","1500","47.74.8.123","80","100.64.0.5","50534","1448","402845564","2034548101","2335821641","3278801728"
"21:42:37.900090","1500","47.74.8.123","80","100.64.0.5","50534","1448","402847012","2034548101","2335821641","3278801728"
"21:42:37.912181","1500","47.74.8.123","80","100.64.0.5","50534","1448","402848460","2034548101","2335821641","3278801728"
"21:42:37.924292","1500","47.74.8.123","80","100.64.0.5","50534","1448","402849908","2034548101","2335821641","3278801728"
"21:42:37.936334","1500","47.74.8.123","80","100.64.0.5","50534","1448","402851356","2034548101","2335821641","3278801728"
"21:42:37.948477","1500","47.74.8.123","80","100.64.0.5","50534","1448","402852804","2034548101","2335821641","3278801728"
"21:42:37.961649","1500","47.74.8.123","80","100.64.0.5","50534","1448","402854252","2034548101","2335821641","3278801728"
"21:42:37.973807","1500","47.74.8.123","80","100.64.0.5","50534","1448","402855700","2034548101","2335821641","3278801728"
"21:42:37.985950","1500","47.74.8.123","80","100.64.0.5","50534","1448","402857148","2034548101","2335821641","3278801728"
"21:42:37.997104","1500","47.74.8.123","80","100.64.0.5","50534","1448","402858596","2034548101","2335821641","3278801728"
"21:42:38.009271","1500","47.74.8.123","80","100.64.0.5","50534","1448","402860044","2034548101","2335821641","3278801728"
"21:42:38.021440","1500","47.74.8.123","80","100.64.0.5","50534","1448","402861492","2034548101","2335821641","3278801728"
"21:42:38.033624","1500","47.74.8.123","80","100.64.0.5","50534","1448","402862940","2034548101","2335821641","3278801728"
"21:42:38.045229","1500","47.74.8.123","80","100.64.0.5","50534","1448","402877420","2034548101","2335821653","3278801740"
"21:42:38.057337","1500","47.74.8.123","80","100.64.0.5","50534","1448","402878868","2034548101","2335821665","3278801752"
"21:42:38.069527","1500","47.74.8.123","80","100.64.0.5","50534","1448","402880316","2034548101","2335821677","3278801765"
"21:42:38.081730","1500","47.74.8.123","80","100.64.0.5","50534","1448","402881764","2034548101","2335821689","3278801777"
"21:42:38.093851","1500","47.74.8.123","80","100.64.0.5","50534","1448","402883212","2034548101","2335821797","3278801884"
"21:42:38.105243","1500","47.74.8.123","80","100.64.0.5","50534","1448","402884660","2034548101","2335821809","3278801896"
"21:42:38.117712","1500","47.74.8.123","80","100.64.0.5","50534","1448","402886108","2034548101","2335821821","3278801908"
"21:42:38.129993","1500","47.74.8.123","80","100.64.0.5","50534","1448","402887556","2034548101","2335821833","3278801920"
"21:42:38.141701","1500","47.74.8.123","80","100.64.0.5","50534","1448","402889004","2034548101","2335821845","3278801932"
"21:42:38.153612","1500","47.74.8.123","80","100.64.0.5","50534","1448","402890452","2034548101","2335821857","3278801944"
"21:42:38.165284","1500","47.74.8.123","80","100.64.0.5","50534","1448","402891900","2034548101","2335821870","3278801957"
"21:42:38.177397","1500","47.74.8.123","80","100.64.0.5","50534","1448","402893348","2034548101","2335821882","3278801970"
"21:42:38.189788","1500","47.74.8.123","80","100.64.0.5","50534","1448","402894796","2034548101","2335821895","3278801982"
"21:42:38.201276","1500","47.74.8.123","80","100.64.0.5","50534","1448","402896244","2034548101","2335821906","3278801993"
"21:42:38.214360","1500","47.74.8.123","80","100.64.0.5","50534","1448","402897692","2034548101","2335821918","3278802005"
"21:42:38.226441","1500","47.74.8.123","80","100.64.0.5","50534","1448","402899140","2034548101","2335821930","3278802017"
"21:42:38.238535","1500","47.74.8.123","80","100.64.0.5","50534","1448","402900588","2034548101","2335821942","3278802029"
"21:42:38.251061","1500","47.74.8.123","80","100.64.0.5","50534","1448","402902036","2034548101","2335821954","3278802041"
"21:42:38.262166","1500","47.74.8.123","80","100.64.0.5","50534","1448","402903484","2034548101","2335821965","3278802053"
"21:42:38.274402","1500","47.74.8.123","80","100.64.0.5","50534","1448","402864388","2034548101","2335821978","3278802065"
"21:42:38.286524","1500","47.74.8.123","80","100.64.0.5","50534","1448","402904932","2034548101","2335822002","3278802090"
"21:42:38.299038","1500","47.74.8.123","80","100.64.0.5","50534","1448","402906380","2034548101","2335822026","3278802113"
"21:42:38.310138","1500","47.74.8.123","80","100.64.0.5","50534","1448","402907828","2034548101","2335822051","3278802137"
"21:42:38.322108","1500","47.74.8.123","80","100.64.0.5","50534","1448","402909276","2034548101","2335822074","3278802161"
"21:42:38.346664","1500","47.74.8.123","80","100.64.0.5","50534","1448","402910724","2034548101","2335822098","3278802186"
"21:42:38.370498","1500","47.74.8.123","80","100.64.0.5","50534","1448","402912172","2034548101","2335822123","3278802210"
"21:42:38.394600","1500","47.74.8.123","80","100.64.0.5","50534","1448","402913620","2034548101","2335822147","3278802234"
"21:42:38.418655","1500","47.74.8.123","80","100.64.0.5","50534","1448","402915068","2034548101","2335822171","3278802258"
"21:42:38.443001","1500","47.74.8.123","80","100.64.0.5","50534","1448","402865836","2034548101","2335822195","3278802282"
"21:42:38.480045","1500","47.74.8.123","80","100.64.0.5","50534","1448","402916516","2034548101","2335822231","3278802318"
"21:42:38.503138","1500","47.74.8.123","80","100.64.0.5","50534","1448","402917964","2034548101","2335822255","3278802342"
"21:42:38.527207","702","47.74.8.123","80","100.64.0.5","50534","650","402919412","2034548101","2335822279","3278802366"
"21:42:38.599654","1500","47.74.8.123","80","100.64.0.5","50534","1448","402867284","2034548101","2335822351","3278802439"
"21:42:38.756335","1500","47.74.8.123","80","100.64.0.5","50534","1448","402868732","2034548101","2335822508","3278802595"
"21:42:38.912120","1500","47.74.8.123","80","100.64.0.5","50534","1448","402870180","2034548101","2335822665","3278802752"
"21:42:39.069901","1500","47.74.8.123","80","100.64.0.5","50534","1448","402871628","2034548101","2335822821","3278802908"
"21:42:39.226664","1500","47.74.8.123","80","100.64.0.5","50534","1448","402873076","2034548101","2335822979","3278803066"
"21:42:39.382363","1500","47.74.8.123","80","100.64.0.5","50534","1448","402874524","2034548101","2335823135","3278803222"
"21:42:39.539115","1500","47.74.8.123","80","100.64.0.5","50534","1448","402875972","2034548101","2335823291","3278803378"
"21:42:39.696031","52","47.74.8.123","80","100.64.0.5","50534","0","402920062","2034548247","2335823448","3278803536"
"21:42:39.707118","1500","47.74.8.123","80","100.64.0.5","50534","1448","402920062","2034548247","2335823449","3278803536"
"21:42:39.720385","1500","47.74.8.123","80","100.64.0.5","50534","1448","402921510","2034548247","2335823449","3278803536"
"21:42:39.732542","1500","47.74.8.123","80","100.64.0.5","50534","1448","402922958","2034548247","2335823449","3278803536"
"21:42:39.744682","1500","47.74.8.123","80","100.64.0.5","50534","1448","402924406","2034548247","2335823449","3278803536"
"21:42:39.756844","1500","47.74.8.123","80","100.64.0.5","50534","1448","402925854","2034548247","2335823449","3278803536"
"21:42:39.768987","1500","47.74.8.123","80","100.64.0.5","50534","1448","402927302","2034548247","2335823449","3278803536"
"21:42:39.780148","1500","47.74.8.123","80","100.64.0.5","50534","1448","402928750","2034548247","2335823449","3278803536"
"21:42:39.792672","1500","47.74.8.123","80","100.64.0.5","50534","1448","402930198","2034548247","2335823449","3278803536"
"21:42:39.804843","1500","47.74.8.123","80","100.64.0.5","50534","1448","402931646","2034548247","2335823449","3278803536"
"21:42:39.817018","1500","47.74.8.123","80","100.64.0.5","50534","1448","402933094","2034548247","2335823449","3278803536"
"21:42:39.828194","1500","47.74.8.123","80","100.64.0.5","50534","1448","402934542","2034548247","2335823449","3278803536"
"21:42:39.840360","1500","47.74.8.123","80","100.64.0.5","50534","1448","402935990","2034548247","2335823449","3278803536"
"21:42:39.852526","1500","47.74.8.123","80","100.64.0.5","50534","1448","402937438","2034548247","2335823449","3278803536"
"21:42:39.864774","1500","47.74.8.123","80","100.64.0.5","50534","1448","402938886","2034548247","2335823616","3278803703"
"21:42:39.876237","1500","47.74.8.123","80","100.64.0.5","50534","1448","402940334","2034548247","2335823629","3278803716"
"21:42:39.888417","1500","47.74.8.123","80","100.64.0.5","50534","1448","402941782","2034548247","2335823641","3278803728"
"21:42:39.900401","1500","47.74.8.123","80","100.64.0.5","50534","1448","402943230","2034548247","2335823653","3278803740"
"21:42:39.912735","1500","47.74.8.123","80","100.64.0.5","50534","1448","402944678","2034548247","2335823665","3278803753"
"21:42:39.924083","1500","47.74.8.123","80","100.64.0.5","50534","1448","402946126","2034548247","2335823677","3278803765"
"21:42:39.936731","1500","47.74.8.123","80","100.64.0.5","50534","1448","402947574","2034548247","2335823690","3278803776"
"21:42:39.948741","1500","47.74.8.123","80","100.64.0.5","50534","1448","402949022","2034548247","2335823701","3278803788"
"21:42:39.961943","1500","47.74.8.123","80","100.64.0.5","50534","1448","402950470","2034548247","2335823714","3278803801"
"21:42:39.974063","1500","47.74.8.123","80","100.64.0.5","50534","1448","402951918","2034548247","2335823725","3278803813"
"21:42:39.985509","1500","47.74.8.123","80","100.64.0.5","50534","1448","402953366","2034548247","2335823737","3278803824"
"21:42:39.997570","1500","47.74.8.123","80","100.64.0.5","50534","1448","402954814","2034548247","2335823749","3278803836"
"21:42:40.009658","1500","47.74.8.123","80","100.64.0.5","50534","1448","402956262","2034548247","2335823749","3278803836"
"21:42:40.021239","1500","47.74.8.123","80","100.64.0.5","50534","1448","402957710","2034548247","2335823761","3278803848"
"21:42:40.033287","1500","47.74.8.123","80","100.64.0.5","50534","1448","402959158","2034548247","2335823773","3278803861"
"21:42:40.045520","1500","47.74.8.123","80","100.64.0.5","50534","1448","402960606","2034548247","2335823785","3278803872"
"21:42:40.057081","1500","47.74.8.123","80","100.64.0.5","50534","1448","402962054","2034548247","2335823797","3278803884"
"21:42:40.070056","1500","47.74.8.123","80","100.64.0.5","50534","1448","402963502","2034548247","2335823809","3278803896"
"21:42:40.081137","1500","47.74.8.123","80","100.64.0.5","50534","1448","402964950","2034548247","2335823821","3278803908"
"21:42:40.093724","1500","47.74.8.123","80","100.64.0.5","50534","1448","402966398","2034548247","2335823833","3278803920"
"21:42:40.105826","1500","47.74.8.123","80","100.64.0.5","50534","1448","402967846","2034548247","2335823845","3278803932"
"21:42:40.117670","1500","47.74.8.123","80","100.64.0.5","50534","1448","402969294","2034548247","2335823857","3278803944"
"21:42:40.129456","1500","47.74.8.123","80","100.64.0.5","50534","1448","402970742","2034548247","2335823870","3278803958"
"21:42:40.141577","1500","47.74.8.123","80","100.64.0.5","50534","1448","402972190","2034548247","2335823882","3278803970"
"21:42:40.153634","1500","47.74.8.123","80","100.64.0.5","50534","1448","402973638","2034548247","2335823894","3278803981"
"21:42:40.165729","1500","47.74.8.123","80","100.64.0.5","50534","1448","402975086","2034548247","2335823906","3278803993"
"21:42:40.177352","1500","47.74.8.123","80","100.64.0.5","50534","1448","402976534","2034548247","2335823918","3278804005"
"21:42:40.189426","1500","47.74.8.123","80","100.64.0.5","50534","1448","402977982","2034548247","2335823918","3278804005"
"21:42:40.201964","1500","47.74.8.123","80","100.64.0.5","50534","1448","402979430","2034548247","2335823930","3278804017"
"21:42:40.214087","1500","47.74.8.123","80","100.64.0.5","50534","1448","402980878","2034548247","2335823942","3278804029"
"21:42:40.227060","1500","47.74.8.123","80","100.64.0.5","50534","1448","402982326","2034548247","2335823954","3278804041"
"21:42:40.238805","1500","47.74.8.123","80","100.64.0.5","50534","1448","402983774","2034548247","2335823966","3278804053"
"21:42:40.250870","1500","47.74.8.123","80","100.64.0.5","50534","1448","402985222","2034548247","2335823978","3278804066"
"21:42:40.262480","1500","47.74.8.123","80","100.64.0.5","50534","1448","402986670","2034548247","2335823990","3278804077"
"21:42:40.274448","1500","47.74.8.123","80","100.64.0.5","50534","1448","402988118","2034548247","2335824002","3278804089"
"21:42:40.286547","1500","47.74.8.123","80","100.64.0.5","50534","1448","402989566","2034548247","2335824015","3278804102"
"21:42:40.298538","1500","47.74.8.123","80","100.64.0.5","50534","1448","402991014","2034548247","2335824026","3278804113"
"21:42:40.310621","1500","47.74.8.123","80","100.64.0.5","50534","1448","402992462","2034548247","2335824038","3278804125"
"21:42:40.322296","1500","47.74.8.123","80","100.64.0.5","50534","1448","402993910","2034548247","2335824050","3278804137"
"21:42:40.334401","1500","47.74.8.123","80","100.64.0.5","50534","1448","402995358","2034548247","2335824062","3278804149"
"21:42:40.346956","1500","47.74.8.123","80","100.64.0.5","50534","1448","402996806","2034548247","2335824074","3278804161"
"21:42:40.358995","1500","47.74.8.123","80","100.64.0.5","50534","1448","402998254","2034548247","2335824086","3278804173"
"21:42:40.371004","1500","47.74.8.123","80","100.64.0.5","50534","1448","402999702","2034548247","2335824098","3278804185"
"21:42:40.382691","1500","47.74.8.123","80","100.64.0.5","50534","1448","403001150","2034548247","2335824098","3278804185"
"21:42:40.394768","1500","47.74.8.123","80","100.64.0.5","50534","1448","403002598","2034548247","2335824110","3278804198"
"21:42:40.406412","1500","47.74.8.123","80","100.64.0.5","50534","1448","403004046","2034548247","2335824123","3278804210"
"21:42:40.418334","1500","47.74.8.123","80","100.64.0.5","50534","1448","403005494","2034548247","2335824135","3278804223"
"21:42:40.430395","1500","47.74.8.123","80","100.64.0.5","50534","1448","403006942","2034548247","2335824147","3278804235"
"21:42:40.442454","1500","47.74.8.123","80","100.64.0.5","50534","1448","403008390","2034548247","2335824160","3278804247"
"21:42:40.454576","1500","47.74.8.123","80","100.64.0.5","50534","1448","403009838","2034548247","2335824171","3278804258"
"21:42:40.467233","1500","47.74.8.123","80","100.64.0.5","50534","1448","403011286","2034548247","2335824183","3278804270"
"21:42:40.479771","1500","47.74.8.123","80","100.64.0.5","50534","1448","403012734","2034548247","2335824195","3278804282"
"21:42:40.491770","1500","47.74.8.123","80","100.64.0.5","50534","1448","403014182","2034548247","2335824207","3278804294"
"21:42:40.504019","1500","47.74.8.123","80","100.64.0.5","50534","1448","403015630","2034548247","2335824219","3278804306"
"21:42:40.516029","1500","47.74.8.123","80","100.64.0.5","50534","1448","403017078","2034548247","2335824231","3278804318"
"21:42:40.527106","1500","47.74.8.123","80","100.64.0.5","50534","1448","403018526","2034548247","2335824243","3278804330"
"21:42:40.539241","1500","47.74.8.123","80","100.64.0.5","50534","1448","403019974","2034548247","2335824255","3278804343"
"21:42:40.551795","1500","47.74.8.123","80","100.64.0.5","50534","1448","403021422","2034548247","2335824267","3278804355"
"21:42:40.563299","1500","47.74.8.123","80","100.64.0.5","50534","1448","403022870","2034548247","2335824279","3278804367"
"21:42:40.575276","1500","47.74.8.123","80","100.64.0.5","50534","1448","403024318","2034548247","2335824291","3278804378"
"21:42:40.587480","1500","47.74.8.123","80","100.64.0.5","50534","1448","403025766","2034548247","2335824291","3278804378"
"21:42:40.599535","1500","47.74.8.123","80","100.64.0.5","50534","1448","403027214","2034548247","2335824303","3278804391"
"21:42:40.611719","1500","47.74.8.123","80","100.64.0.5","50534","1448","403028662","2034548247","2335824315","3278804402"
"21:42:40.623725","1500","47.74.8.123","80","100.64.0.5","50534","1448","403030110","2034548247","2335824327","3278804414"
"21:42:40.635637","1500","47.74.8.123","80","100.64.0.5","50534","1448","403031558","2034548247","2335824339","3278804426"
"21:42:40.647752","1500","47.74.8.123","80","100.64.0.5","50534","1448","403033006","2034548247","2335824351","3278804438"
"21:42:40.659855","1500","47.74.8.123","80","100.64.0.5","50534","1448","403034454","2034548247","2335824363","3278804450"
"21:42:40.672072","1500","47.74.8.123","80","100.64.0.5","50534","1448","403035902","2034548247","2335824376","3278804463"
"21:42:40.683077","1500","47.74.8.123","80","100.64.0.5","50534","1448","403037350","2034548247","2335824388","3278804476"
"21:42:40.696037","1500","47.74.8.123","80","100.64.0.5","50534","1448","403038798","2034548247","2335824400","3278804488"
"21:42:40.707134","1500","47.74.8.123","80","100.64.0.5","50534","1448","403040246","2034548247","2335824412","3278804500"
"21:42:40.720223","1500","47.74.8.123","80","100.64.0.5","50534","1448","403041694","2034548247","2335824424","3278804512"
"21:42:40.732321","1500","47.74.8.123","80","100.64.0.5","50534","1448","403043142","2034548247","2335824436","3278804523"
"21:42:40.744482","1500","47.74.8.123","80","100.64.0.5","50534","1448","403044590","2034548247","2335824448","3278804535"
"21:42:40.756506","1500","47.74.8.123","80","100.64.0.5","50534","1448","403046038","2034548247","2335824460","3278804548"
"21:42:40.768583","1500","47.74.8.123","80","100.64.0.5","50534","1448","403047486","2034548247","2335824472","3278804559"
"21:42:40.780665","1500","47.74.8.123","80","100.64.0.5","50534","1448","403048934","2034548247","2335824484","3278804571"
"21:42:40.792675","1500","47.74.8.123","80","100.64.0.5","50534","1448","403050382","2034548247","2335824496","3278804583"
"21:42:40.804747","1500","47.74.8.123","80","100.64.0.5","50534","1448","403051830","2034548247","2335824496","3278804583"
"21:42:40.817043","1500","47.74.8.123","80","100.64.0.5","50534","1448","403053278","2034548247","2335824508","3278804595"
"21:42:40.828120","1500","47.74.8.123","80","100.64.0.5","50534","1448","403054726","2034548247","2335824520","3278804607"
"21:42:40.840105","1500","47.74.8.123","80","100.64.0.5","50534","1448","403056174","2034548247","2335824532","3278804619"
"21:42:40.852284","1500","47.74.8.123","80","100.64.0.5","50534","1448","403057622","2034548247","2335824544","3278804631"
"21:42:40.864145","1500","47.74.8.123","80","100.64.0.5","50534","1448","403059070","2034548247","2335824556","3278804644"
"21:42:40.876296","1500","47.74.8.123","80","100.64.0.5","50534","1448","403060518","2034548247","2335824569","3278804656"
"21:42:40.888741","1500","47.74.8.123","80","100.64.0.5","50534","1448","403061966","2034548247","2335824580","3278804668"
"21:42:40.900558","1500","47.74.8.123","80","100.64.0.5","50534","1448","403063414","2034548247","2335824592","3278804679"
"21:42:40.912724","1500","47.74.8.123","80","100.64.0.5","50534","1448","403064862","2034548247","2335824604","3278804692"
"21:42:40.924115","1500","47.74.8.123","80","100.64.0.5","50534","1448","403066310","2034548247","2335824616","3278804703"
"21:42:40.936619","1500","47.74.8.123","80","100.64.0.5","50534","1448","403067758","2034548247","2335824629","3278804716"
"21:42:40.948786","1500","47.74.8.123","80","100.64.0.5","50534","1448","403069206","2034548247","2335824641","3278804728"
"21:42:40.961943","1500","47.74.8.123","80","100.64.0.5","50534","1448","403070654","2034548247","2335824653","3278804740"
"21:42:40.973098","1500","47.74.8.123","80","100.64.0.5","50534","1448","403072102","2034548247","2335824665","3278804752"
"21:42:40.985228","1500","47.74.8.123","80","100.64.0.5","50534","1448","403073550","2034548247","2335824677","3278804764"
"21:42:40.997610","1500","47.74.8.123","80","100.64.0.5","50534","1448","403074998","2034548247","2335824689","3278804776"
"21:42:41.009713","1500","47.74.8.123","80","100.64.0.5","50534","1448","403076446","2034548247","2335824701","3278804788"
"21:42:41.021355","1500","47.74.8.123","80","100.64.0.5","50534","1448","403077894","2034548247","2335824713","3278804800"
"21:42:41.033402","1500","47.74.8.123","80","100.64.0.5","50534","1448","403079342","2034548247","2335824713","3278804800"
"21:42:41.045528","1500","47.74.8.123","80","100.64.0.5","50534","1448","403080790","2034548247","2335824725","3278804813"
"21:42:41.057675","1500","47.74.8.123","80","100.64.0.5","50534","1448","403082238","2034548247","2335824737","3278804824"
"21:42:41.069778","1500","47.74.8.123","80","100.64.0.5","50534","1448","403083686","2034548247","2335824749","3278804836"
"21:42:41.081232","1500","47.74.8.123","80","100.64.0.5","50534","1448","403085134","2034548247","2335824761","3278804848"
"21:42:41.093824","1500","47.74.8.123","80","100.64.0.5","50534","1448","403086582","2034548247","2335824773","3278804860"
"21:42:41.105865","1500","47.74.8.123","80","100.64.0.5","50534","1448","403088030","2034548247","2335824785","3278804872"
"21:42:41.117264","1500","47.74.8.123","80","100.64.0.5","50534","1448","403089478","2034548247","2335824797","3278804884"
"21:42:41.129333","1500","47.74.8.123","80","100.64.0.5","50534","1448","403090926","2034548247","2335824809","3278804896"
"21:42:41.141213","1500","47.74.8.123","80","100.64.0.5","50534","1448","403092374","2034548247","2335824821","3278804908"
"21:42:41.153768","1500","47.74.8.123","80","100.64.0.5","50534","1448","403093822","2034548247","2335824833","3278804920"
"21:42:41.165277","1500","47.74.8.123","80","100.64.0.5","50534","1448","403095270","2034548247","2335824845","3278804932"
"21:42:41.177798","1500","47.74.8.123","80","100.64.0.5","50534","1448","403096718","2034548247","2335824857","3278804945"
"21:42:41.189757","1500","47.74.8.123","80","100.64.0.5","50534","1448","403098166","2034548247","2335824870","3278804958"
"21:42:41.201630","1500","47.74.8.123","80","100.64.0.5","50534","1448","403099614","2034548247","2335824882","3278804969"
"21:42:41.214717","1500","47.74.8.123","80","100.64.0.5","50534","1448","403101062","2034548247","2335824894","3278804981"
"21:42:41.226403","1500","47.74.8.123","80","100.64.0.5","50534","1448","403102510","2034548247","2335824906","3278804993"
"21:42:41.238501","1500","47.74.8.123","80","100.64.0.5","50534","1448","403103958","2034548247","2335824918","3278805005"
"21:42:41.250811","1500","47.74.8.123","80","100.64.0.5","50534","1448","403105406","2034548247","2335824934","3278805017"
"21:42:41.262084","1500","47.74.8.123","80","100.64.0.5","50534","1448","403106854","2034548247","2335824942","3278805029"
"21:42:41.274075","1500","47.74.8.123","80","100.64.0.5","50534","1448","403108302","2034548247","2335824942","3278805029"
"21:42:41.286154","1500","47.74.8.123","80","100.64.0.5","50534","1448","403109750","2034548247","2335824954","3278805041"
"21:42:41.298961","1500","47.74.8.123","80","100.64.0.5","50534","1448","403111198","2034548247","2335824966","3278805053"
"21:42:41.310977","1500","47.74.8.123","80","100.64.0.5","50534","1448","403112646","2034548247","2335824982","3278805066"
"21:42:41.323062","1500","47.74.8.123","80","100.64.0.5","50534","1448","403114094","2034548247","2335824990","3278805077"
"21:42:41.334584","1500","47.74.8.123","80","100.64.0.5","50534","1448","403115542","2034548247","2335825002","3278805090"
"21:42:41.346550","1500","47.74.8.123","80","100.64.0.5","50534","1448","403116990","2034548247","2335825015","3278805102"
"21:42:41.358633","1500","47.74.8.123","80","100.64.0.5","50534","1448","403118438","2034548247","2335825025","3278805113"
"21:42:41.370372","1500","47.74.8.123","80","100.64.0.5","50534","1448","403119886","2034548247","2335825038","3278805125"
"21:42:41.382458","1500","47.74.8.123","80","100.64.0.5","50534","1448","403121334","2034548247","2335825050","3278805137"
"21:42:41.394552","1500","47.74.8.123","80","100.64.0.5","50534","1448","403122782","2034548247","2335825062","3278805150"
"21:42:41.406633","1500","47.74.8.123","80","100.64.0.5","50534","1448","403124230","2034548247","2335825074","3278805161"
"21:42:41.418291","1500","47.74.8.123","80","100.64.0.5","50534","1448","403125678","2034548247","2335825086","3278805174"
"21:42:41.430536","1500","47.74.8.123","80","100.64.0.5","50534","1448","403127126","2034548247","2335825098","3278805186"
"21:42:41.442862","1500","47.74.8.123","80","100.64.0.5","50534","1448","403128574","2034548247","2335825110","3278805197"
"21:42:41.454960","1500","47.74.8.123","80","100.64.0.5","50534","1448","403130022","2034548247","2335825123","3278805210"
"21:42:41.468067","1500","47.74.8.123","80","100.64.0.5","50534","1448","403131470","2034548247","2335825135","3278805222"
"21:42:41.479770","1500","47.74.8.123","80","100.64.0.5","50534","1448","403132918","2034548247","2335825147","3278805234"
"21:42:41.491784","1500","47.74.8.123","80","100.64.0.5","50534","1448","403134366","2034548247","2335825159","3278805247"
"21:42:41.503864","1500","47.74.8.123","80","100.64.0.5","50534","1448","403135814","2034548247","2335825171","3278805258"
"21:42:41.515327","1500","47.74.8.123","80","100.64.0.5","50534","1448","403137262","2034548247","2335825183","3278805270"
"21:42:41.527411","1500","47.74.8.123","80","100.64.0.5","50534","1448","403138710","2034548247","2335825183","3278805270"
"21:42:41.539635","1500","47.74.8.123","80","100.64.0.5","50534","1448","403140158","2034548247","2335825195","3278805282"
"21:42:41.551681","1500","47.74.8.123","80","100.64.0.5","50534","1448","403141606","2034548247","2335825207","3278805295"
"21:42:41.563243","1500","47.74.8.123","80","100.64.0.5","50534","1448","403143054","2034548247","2335825220","3278805307"
"21:42:41.575365","1500","47.74.8.123","80","100.64.0.5","50534","1448","403144502","2034548247","2335825231","3278805319"
"21:42:41.587391","1500","47.74.8.123","80","100.64.0.5","50534","1448","403145950","2034548247","2335825243","3278805330"
"21:42:41.600024","1500","47.74.8.123","80","100.64.0.5","50534","1448","403147398","2034548247","2335825255","3278805342"
"21:42:41.611086","1500","47.74.8.123","80","100.64.0.5","50534","1448","403148846","2034548247","2335825267","3278805354"
"21:42:41.623223","1500","47.74.8.123","80","100.64.0.5","50534","1448","403150294","2034548247","2335825279","3278805366"
"21:42:41.635736","1500","47.74.8.123","80","100.64.0.5","50534","1448","403151742","2034548247","2335825291","3278805378"
"21:42:41.647830","1500","47.74.8.123","80","100.64.0.5","50534","1448","403153190","2034548247","2335825303","3278805390"
"21:42:41.659442","1500","47.74.8.123","80","100.64.0.5","50534","1448","403154638","2034548247","2335825315","3278805402"
"21:42:41.671505","1500","47.74.8.123","80","100.64.0.5","50534","1448","403156086","2034548247","2335825327","3278805414"
"21:42:41.683617","1500","47.74.8.123","80","100.64.0.5","50534","1448","403157534","2034548247","2335825339","3278805426"
"21:42:41.695657","1500","47.74.8.123","80","100.64.0.5","50534","1448","403158982","2034548247","2335825352","3278805439"
"21:42:41.707803","1500","47.74.8.123","80","100.64.0.5","50534","1448","403160430","2034548247","2335825363","3278805451"
"21:42:41.720233","1500","47.74.8.123","80","100.64.0.5","50534","1448","403161878","2034548247","2335825375","3278805464"
"21:42:41.733011","1500","47.74.8.123","80","100.64.0.5","50534","1448","403163326","2034548247","2335825388","3278805476"
"21:42:41.744074","1500","47.74.8.123","80","100.64.0.5","50534","1448","403164774","2034548247","2335825400","3278805488"
"21:42:41.756403","1500","47.74.8.123","80","100.64.0.5","50534","1448","403166222","2034548247","2335825413","3278805500"
"21:42:41.768218","1500","47.74.8.123","80","100.64.0.5","50534","1448","403167670","2034548247","2335825424","3278805511"
"21:42:41.780285","1500","47.74.8.123","80","100.64.0.5","50534","1448","403169118","2034548247","2335825436","3278805523"
"21:42:41.792868","1500","47.74.8.123","80","100.64.0.5","50534","1448","403170566","2034548247","2335825436","3278805523"
"21:42:41.804508","1500","47.74.8.123","80","100.64.0.5","50534","1448","403172014","2034548247","2335825448","3278805535"
"21:42:41.816600","1500","47.74.8.123","80","100.64.0.5","50534","1448","403173462","2034548247","2335825460","3278805547"
"21:42:41.828663","1500","47.74.8.123","80","100.64.0.5","50534","1448","403174910","2034548247","2335825472","3278805559"
"21:42:41.840749","1500","47.74.8.123","80","100.64.0.5","50534","1448","403176358","2034548247","2335825484","3278805571"
"21:42:41.852854","1500","47.74.8.123","80","100.64.0.5","50534","1448","403177806","2034548247","2335825496","3278805583"
"21:42:41.864995","1500","47.74.8.123","80","100.64.0.5","50534","1448","403179254","2034548247","2335825508","3278805596"
"21:42:41.876368","1500","47.74.8.123","80","100.64.0.5","50534","1448","403180702","2034548247","2335825520","3278805607"
"21:42:41.889042","1500","47.74.8.123","80","100.64.0.5","50534","1448","403182150","2034548247","2335825532","3278805619"
"21:42:41.900216","1500","47.74.8.123","80","100.64.0.5","50534","1448","403183598","2034548247","2335825545","3278805631"
"21:42:41.912344","1500","47.74.8.123","80","100.64.0.5","50534","1448","403185046","2034548247","2335825557","3278805644"
"21:42:41.924377","1500","47.74.8.123","80","100.64.0.5","50534","1448","403186494","2034548247","2335825568","3278805655"
"21:42:41.936476","1500","47.74.8.123","80","100.64.0.5","50534","1448","403187942","2034548247","2335825579","3278805667"
"21:42:41.948600","1500","47.74.8.123","80","100.64.0.5","50534","1448","403189390","2034548247","2335825592","3278805679"
"21:42:41.961680","1500","47.74.8.123","80","100.64.0.5","50534","1448","403190838","2034548247","2335825604","3278805691"
"21:42:41.973816","1500","47.74.8.123","80","100.64.0.5","50534","1448","403192286","2034548247","2335825616","3278805704"
"21:42:41.985801","1500","47.74.8.123","80","100.64.0.5","50534","1448","403193734","2034548247","2335825629","3278805716"
"21:42:41.997875","1500","47.74.8.123","80","100.64.0.5","50534","1448","403195182","2034548247","2335825641","3278805729"
"21:42:42.009081","1500","47.74.8.123","80","100.64.0.5","50534","1448","403196630","2034548247","2335825653","3278805740"
"21:42:42.021143","1500","47.74.8.123","80","100.64.0.5","50534","1448","403198078","2034548247","2335825665","3278805752"
"21:42:42.033218","1500","47.74.8.123","80","100.64.0.5","50534","1448","403199526","2034548247","2335825677","3278805764"
"21:42:42.045207","1500","47.74.8.123","80","100.64.0.5","50534","1448","403200974","2034548247","2335825689","3278805776"
"21:42:42.057355","1500","47.74.8.123","80","100.64.0.5","50534","1448","403202422","2034548247","2335825702","3278805789"
"21:42:42.069361","1500","47.74.8.123","80","100.64.0.5","50534","1448","403203870","2034548247","2335825702","3278805789"
"21:42:42.081475","1500","47.74.8.123","80","100.64.0.5","50534","1448","403205318","2034548247","2335825713","3278805800"
"21:42:42.093592","1500","47.74.8.123","80","100.64.0.5","50534","1448","403206766","2034548247","2335825724","3278805812"
"21:42:42.105663","1500","47.74.8.123","80","100.64.0.5","50534","1448","403208214","2034548247","2335825737","3278805824"
"21:42:42.117823","1500","47.74.8.123","80","100.64.0.5","50534","1448","403209662","2034548247","2335825749","3278805836"
"21:42:42.129759","1500","47.74.8.123","80","100.64.0.5","50534","1448","403211110","2034548247","2335825762","3278805849"
"21:42:42.141859","1500","47.74.8.123","80","100.64.0.5","50534","1448","403212558","2034548247","2335825773","3278805861"
"21:42:42.154005","1500","47.74.8.123","80","100.64.0.5","50534","1448","403214006","2034548247","2335825785","3278805872"
"21:42:42.165990","1500","47.74.8.123","80","100.64.0.5","50534","1448","403215454","2034548247","2335825797","3278805885"
"21:42:42.177103","1500","47.74.8.123","80","100.64.0.5","50534","1448","403216902","2034548247","2335825809","3278805896"
"21:42:42.189234","1500","47.74.8.123","80","100.64.0.5","50534","1448","403218350","2034548247","2335825821","3278805908"
"21:42:42.201207","1500","47.74.8.123","80","100.64.0.5","50534","1448","403219798","2034548247","2335825833","3278805920"
"21:42:42.214313","1500","47.74.8.123","80","100.64.0.5","50534","1448","403221246","2034548247","2335825845","3278805932"
"21:42:42.226454","1500","47.74.8.123","80","100.64.0.5","50534","1448","403222694","2034548247","2335825857","3278805944"
"21:42:42.238550","1500","47.74.8.123","80","100.64.0.5","50534","1448","403224142","2034548247","2335825870","3278805957"
"21:42:42.250634","1500","47.74.8.123","80","100.64.0.5","50534","1448","403225590","2034548247","2335825882","3278805970"
"21:42:42.262589","1500","47.74.8.123","80","100.64.0.5","50534","1448","403227038","2034548247","2335825894","3278805982"
"21:42:42.274671","1500","47.74.8.123","80","100.64.0.5","50534","1448","403228486","2034548247","2335825907","3278805994"
"21:42:42.286786","1500","47.74.8.123","80","100.64.0.5","50534","1448","403229934","2034548247","2335825918","3278806005"
"21:42:42.298993","1500","47.74.8.123","80","100.64.0.5","50534","1448","403231382","2034548247","2335825930","3278806017"
"21:42:42.310962","1500","47.74.8.123","80","100.64.0.5","50534","1448","403232830","2034548247","2335825942","3278806029"
"21:42:42.323042","1500","47.74.8.123","80","100.64.0.5","50534","1448","403234278","2034548247","2335825954","3278806041"
"21:42:42.335047","1500","47.74.8.123","80","100.64.0.5","50534","1448","403235726","2034548247","2335825966","3278806053"
"21:42:42.346149","1500","47.74.8.123","80","100.64.0.5","50534","1448","403237174","2034548247","2335825978","3278806065"
"21:42:42.358246","1500","47.74.8.123","80","100.64.0.5","50534","1448","403238622","2034548247","2335825978","3278806065"
"21:42:42.370352","1500","47.74.8.123","80","100.64.0.5","50534","1448","403240070","2034548247","2335825990","3278806077"
"21:42:42.382464","1500","47.74.8.123","80","100.64.0.5","50534","1448","403241518","2034548247","2335826002","3278806089"
"21:42:42.394515","1500","47.74.8.123","80","100.64.0.5","50534","1448","403242966","2034548247","2335826014","3278806101"
"21:42:42.406518","1500","47.74.8.123","80","100.64.0.5","50534","1448","403244414","2034548247","2335826026","3278806114"
"21:42:42.418653","1500","47.74.8.123","80","100.64.0.5","50534","1448","403245862","2034548247","2335826038","3278806126"
"21:42:42.430735","1500","47.74.8.123","80","100.64.0.5","50534","1448","403247310","2034548247","2335826051","3278806138"
"21:42:42.442852","1500","47.74.8.123","80","100.64.0.5","50534","1448","403248758","2034548247","2335826062","3278806150"
"21:42:42.454885","1500","47.74.8.123","80","100.64.0.5","50534","1448","403250206","2034548247","2335826074","3278806162"
"21:42:42.467906","1500","47.74.8.123","80","100.64.0.5","50534","1448","403251654","2034548247","2335826086","3278806173"
"21:42:42.479967","1500","47.74.8.123","80","100.64.0.5","50534","1448","403253102","2034548247","2335826098","3278806185"
"21:42:42.492052","1500","47.74.8.123","80","100.64.0.5","50534","1448","403254550","2034548247","2335826110","3278806197"
"21:42:42.503193","1500","47.74.8.123","80","100.64.0.5","50534","1448","403255998","2034548247","2335826123","3278806210"
"21:42:42.515357","1500","47.74.8.123","80","100.64.0.5","50534","1448","403257446","2034548247","2335826135","3278806222"
"21:42:42.527431","1500","47.74.8.123","80","100.64.0.5","50534","1448","403258894","2034548247","2335826147","3278806234"
"21:42:42.539475","1500","47.74.8.123","80","100.64.0.5","50534","1448","403260342","2034548247","2335826159","3278806246"
"21:42:42.551406","1500","47.74.8.123","80","100.64.0.5","50534","1448","403261790","2034548247","2335826171","3278806258"
"21:42:42.563482","1500","47.74.8.123","80","100.64.0.5","50534","1448","403263238","2034548247","2335826183","3278806270"
"21:42:42.575598","1500","47.74.8.123","80","100.64.0.5","50534","1448","403264686","2034548247","2335826195","3278806283"
"21:42:42.587981","1500","47.74.8.123","80","100.64.0.5","50534","1448","403266134","2034548247","2335826207","3278806295"
"21:42:42.599915","1500","47.74.8.123","80","100.64.0.5","50534","1448","403267582","2034548247","2335826219","3278806307"
"21:42:42.611805","1500","47.74.8.123","80","100.64.0.5","50534","1448","403269030","2034548247","2335826231","3278806319"
"21:42:42.623905","1500","47.74.8.123","80","100.64.0.5","50534","1448","403270478","2034548247","2335826243","3278806331"
"21:42:42.635982","1500","47.74.8.123","80","100.64.0.5","50534","1448","403271926","2034548247","2335826255","3278806342"
"21:42:42.647508","1500","47.74.8.123","80","100.64.0.5","50534","1448","403273374","2034548247","2335826267","3278806354"
"21:42:42.659510","1500","47.74.8.123","80","100.64.0.5","50534","1448","403274822","2034548247","2335826267","3278806354"
"21:42:42.671463","1500","47.74.8.123","80","100.64.0.5","50534","1448","403276270","2034548247","2335826279","3278806366"
"21:42:42.683523","1500","47.74.8.123","80","100.64.0.5","50534","1448","403277718","2034548247","2335826291","3278806378"
"21:42:42.695338","1500","47.74.8.123","80","100.64.0.5","50534","1448","403279166","2034548247","2335826303","3278806390"
"21:42:42.707454","1500","47.74.8.123","80","100.64.0.5","50534","1448","403280614","2034548247","2335826315","3278806402"
"21:42:42.720899","1500","47.74.8.123","80","100.64.0.5","50534","1448","403282062","2034548247","2335826327","3278806414"
"21:42:42.732920","1500","47.74.8.123","80","100.64.0.5","50534","1448","403283510","2034548247","2335826339","3278806426"
"21:42:42.744914","1500","47.74.8.123","80","100.64.0.5","50534","1448","403284958","2034548247","2335826352","3278806439"
"21:42:42.756863","1500","47.74.8.123","80","100.64.0.5","50534","1448","403286406","2034548247","2335826364","3278806451"
"21:42:42.768892","1500","47.74.8.123","80","100.64.0.5","50534","1448","403287854","2034548247","2335826380","3278806464"
"21:42:42.781024","1500","47.74.8.123","80","100.64.0.5","50534","1448","403289302","2034548247","2335826388","3278806476"
"21:42:42.792398","1500","47.74.8.123","80","100.64.0.5","50534","1448","403290750","2034548247","2335826400","3278806488"
"21:42:42.804394","1500","47.74.8.123","80","100.64.0.5","50534","1448","403292198","2034548247","2335826412","3278806499"
"21:42:42.816374","1500","47.74.8.123","80","100.64.0.5","50534","1448","403293646","2034548247","2335826428","3278806511"
"21:42:42.828448","1500","47.74.8.123","80","100.64.0.5","50534","1448","403295094","2034548247","2335826436","3278806523"
"21:42:42.840367","1500","47.74.8.123","80","100.64.0.5","50534","1448","403296542","2034548247","2335826448","3278806535"
"21:42:42.852619","1500","47.74.8.123","80","100.64.0.5","50534","1448","403297990","2034548247","2335826460","3278806547"
"21:42:42.864922","1500","47.74.8.123","80","100.64.0.5","50534","1448","403299438","2034548247","2335826472","3278806559"
"21:42:42.876836","1500","47.74.8.123","80","100.64.0.5","50534","1448","403300886","2034548247","2335826484","3278806571"
"21:42:42.888860","1500","47.74.8.123","80","100.64.0.5","50534","1448","403302334","2034548247","2335826496","3278806584"
"21:42:42.900864","1500","47.74.8.123","80","100.64.0.5","50534","1448","403303782","2034548247","2335826509","3278806596"
"21:42:42.912923","1500","47.74.8.123","80","100.64.0.5","50534","1448","403305230","2034548247","2335826520","3278806608"
"21:42:42.924145","1500","47.74.8.123","80","100.64.0.5","50534","1448","403306678","2034548247","2335826533","3278806620"
"21:42:42.936225","1500","47.74.8.123","80","100.64.0.5","50534","1448","403308126","2034548247","2335826544","3278806632"
"21:42:42.948389","1500","47.74.8.123","80","100.64.0.5","50534","1448","403309574","2034548247","2335826556","3278806643"
"21:42:42.961314","1500","47.74.8.123","80","100.64.0.5","50534","1448","403311022","2034548247","2335826568","3278806655"
"21:42:42.973452","1500","47.74.8.123","80","100.64.0.5","50534","1448","403313918","2034548247","2335826580","3278806667"
"21:42:42.985384","1500","47.74.8.123","80","100.64.0.5","50534","1448","403315366","2034548247","2335826592","3278806679"
"21:42:42.997480","1500","47.74.8.123","80","100.64.0.5","50534","1448","403316814","2034548247","2335826604","3278806691"
"21:42:43.009796","1500","47.74.8.123","80","100.64.0.5","50534","1448","403318262","2034548247","2335826616","3278806703"
"21:42:43.021748","1500","47.74.8.123","80","100.64.0.5","50534","1448","403319710","2034548247","2335826629","3278806717"
"21:42:43.033859","1500","47.74.8.123","80","100.64.0.5","50534","1448","403321158","2034548247","2335826642","3278806729"
"21:42:43.045917","1500","47.74.8.123","80","100.64.0.5","50534","1448","403322606","2034548247","2335826654","3278806741"
"21:42:43.057899","1500","47.74.8.123","80","100.64.0.5","50534","1448","403324054","2034548247","2335826666","3278806753"
"21:42:43.069965","1500","47.74.8.123","80","100.64.0.5","50534","1448","403325502","2034548247","2335826678","3278806765"
"21:42:43.082066","1500","47.74.8.123","80","100.64.0.5","50534","1448","403326950","2034548247","2335826689","3278806777"
"21:42:43.093259","1500","47.74.8.123","80","100.64.0.5","50534","1448","403328398","2034548247","2335826701","3278806788"
"21:42:43.105276","1500","47.74.8.123","80","100.64.0.5","50534","1448","403329846","2034548247","2335826713","3278806800"
"21:42:43.117377","1500","47.74.8.123","80","100.64.0.5","50534","1448","403331294","2034548247","2335826725","3278806812"
"21:42:43.129407","1500","47.74.8.123","80","100.64.0.5","50534","1448","403332742","2034548247","2335826737","3278806824"
"21:42:43.141489","1500","47.74.8.123","80","100.64.0.5","50534","1448","403334190","2034548247","2335826749","3278806836"
"21:42:43.153606","1500","47.74.8.123","80","100.64.0.5","50534","1448","403335638","2034548247","2335826760","3278806848"
"21:42:43.165697","1500","47.74.8.123","80","100.64.0.5","50534","1448","403337086","2034548247","2335826774","3278806861"
"21:42:43.177790","1500","47.74.8.123","80","100.64.0.5","50534","1448","403338534","2034548247","2335826785","3278806873"
"21:42:43.189900","1500","47.74.8.123","80","100.64.0.5","50534","1448","403339982","2034548247","2335826798","3278806885"
"21:42:43.201922","1500","47.74.8.123","80","100.64.0.5","50534","1448","403341430","2034548247","2335826810","3278806897"
"21:42:43.215020","1500","47.74.8.123","80","100.64.0.5","50534","1448","403342878","2034548247","2335826822","3278806909"
"21:42:43.227038","1500","47.74.8.123","80","100.64.0.5","50534","1448","403344326","2034548247","2335826833","3278806920"
"21:42:43.238135","1500","47.74.8.123","80","100.64.0.5","50534","1448","403345774","2034548247","2335826845","3278806932"
"21:42:43.250135","1500","47.74.8.123","80","100.64.0.5","50534","1448","403347222","2034548247","2335826857","3278806944"
"21:42:43.262242","1500","47.74.8.123","80","100.64.0.5","50534","1448","403348670","2034548247","2335826870","3278806957"
"21:42:43.274337","1500","47.74.8.123","80","100.64.0.5","50534","1448","403350118","2034548247","2335826882","3278806969"
"21:42:43.286435","1500","47.74.8.123","80","100.64.0.5","50534","1448","403351566","2034548247","2335826894","3278806981"
"21:42:43.298446","1500","47.74.8.123","80","100.64.0.5","50534","1448","403312470","2034548247","2335826905","3278806993"
"21:42:43.310581","1500","47.74.8.123","80","100.64.0.5","50534","1448","403353014","2034548247","2335826930","3278807017"
"21:42:43.322634","1500","47.74.8.123","80","100.64.0.5","50534","1448","403354462","2034548247","2335826955","3278807042"
"21:42:43.334734","1500","47.74.8.123","80","100.64.0.5","50534","1448","403355910","2034548247","2335826978","3278807066"
"21:42:43.346737","1500","47.74.8.123","80","100.64.0.5","50534","1448","403357358","2034548247","2335827002","3278807089"
"21:42:43.358914","1500","47.74.8.123","80","100.64.0.5","50534","1448","403358806","2034548247","2335827026","3278807113"
"21:42:43.370862","1500","47.74.8.123","80","100.64.0.5","50534","1448","403360254","2034548247","2335827050","3278807137"
"21:42:43.383031","1500","47.74.8.123","80","100.64.0.5","50534","1448","403361702","2034548247","2335827074","3278807161"
"21:42:43.394111","1500","47.74.8.123","80","100.64.0.5","50534","1448","403363150","2034548247","2335827099","3278807186"
"21:42:43.406270","1500","47.74.8.123","80","100.64.0.5","50534","1448","403364598","2034548247","2335827123","3278807211"
"21:42:43.418424","1500","47.74.8.123","80","100.64.0.5","50534","1448","403366046","2034548247","2335827147","3278807234"
"21:42:43.430361","1500","47.74.8.123","80","100.64.0.5","50534","1448","403367494","2034548247","2335827183","3278807270"
"21:42:43.442349","1500","47.74.8.123","80","100.64.0.5","50534","1448","403368942","2034548247","2335827195","3278807282"
"21:42:43.454526","1500","47.74.8.123","80","100.64.0.5","50534","1448","403370390","2034548247","2335827207","3278807294"
"21:42:43.467633","1500","47.74.8.123","80","100.64.0.5","50534","1448","403371838","2034548247","2335827219","3278807306"
"21:42:43.479787","1500","47.74.8.123","80","100.64.0.5","50534","1448","403373286","2034548247","2335827231","3278807318"
"21:42:43.491732","1500","47.74.8.123","80","100.64.0.5","50534","1448","403374734","2034548247","2335827243","3278807330"
"21:42:43.503751","1500","47.74.8.123","80","100.64.0.5","50534","1448","403376182","2034548247","2335827255","3278807342"
"21:42:43.515809","1500","47.74.8.123","80","100.64.0.5","50534","1448","403377630","2034548247","2335827268","3278807355"
"21:42:43.527897","1500","47.74.8.123","80","100.64.0.5","50534","1448","403379078","2034548247","2335827280","3278807367"
"21:42:43.539969","1500","47.74.8.123","80","100.64.0.5","50534","1448","403380526","2034548247","2335827291","3278807379"
"21:42:43.551127","702","47.74.8.123","80","100.64.0.5","50534","650","403381974","2034548247","2335827303","3278807390"
"21:42:43.707613","52","47.74.8.123","80","100.64.0.5","50534","0","403382624","2034548393","2335827460","3278807548"
"21:42:43.720700","1500","47.74.8.123","80","100.64.0.5","50534","1448","403382624","2034548393","2335827460","3278807548"
"21:42:43.732802","1500","47.74.8.123","80","100.64.0.5","50534","1448","403384072","2034548393","2335827460","3278807548"
"21:42:43.744912","1500","47.74.8.123","80","100.64.0.5","50534","1448","403385520","2034548393","2335827460","3278807548"
"21:42:43.757010","1500","47.74.8.123","80","100.64.0.5","50534","1448","403386968","2034548393","2335827460","3278807548"
"21:42:43.768106","1500","47.74.8.123","80","100.64.0.5","50534","1448","403388416","2034548393","2335827460","3278807548"
"21:42:43.780201","1500","47.74.8.123","80","100.64.0.5","50534","1448","403389864","2034548393","2335827460","3278807548"
"21:42:43.792302","1500","47.74.8.123","80","100.64.0.5","50534","1448","403391312","2034548393","2335827460","3278807548"
"21:42:43.804407","1500","47.74.8.123","80","100.64.0.5","50534","1448","403392760","2034548393","2335827460","3278807548"
"21:42:43.816515","1500","47.74.8.123","80","100.64.0.5","50534","1448","403394208","2034548393","2335827460","3278807548"
"21:42:43.828618","1500","47.74.8.123","80","100.64.0.5","50534","1448","403395656","2034548393","2335827460","3278807548"
"21:42:43.840713","1500","47.74.8.123","80","100.64.0.5","50534","1448","403397104","2034548393","2335827460","3278807548"
"21:42:43.852808","1500","47.74.8.123","80","100.64.0.5","50534","1448","403398552","2034548393","2335827460","3278807548"
"21:42:43.864923","1500","47.74.8.123","80","100.64.0.5","50534","1448","403400000","2034548393","2335827460","3278807548"
"21:42:43.876895","1500","47.74.8.123","80","100.64.0.5","50534","1448","403402896","2034548393","2335827629","3278807716"
"21:42:43.889020","1500","47.74.8.123","80","100.64.0.5","50534","1448","403404344","2034548393","2335827641","3278807729"
"21:42:43.900182","1500","47.74.8.123","80","100.64.0.5","50534","1448","403405792","2034548393","2335827654","3278807741"
"21:42:43.912243","1500","47.74.8.123","80","100.64.0.5","50534","1448","403407240","2034548393","2335827665","3278807753"
"21:42:43.924257","1500","47.74.8.123","80","100.64.0.5","50534","1448","403408688","2034548393","2335827677","3278807764"
"21:42:43.936360","1500","47.74.8.123","80","100.64.0.5","50534","1448","403410136","2034548393","2335827689","3278807776"
"21:42:43.948388","1500","47.74.8.123","80","100.64.0.5","50534","1448","403411584","2034548393","2335827689","3278807776"
"21:42:43.961556","1500","47.74.8.123","80","100.64.0.5","50534","1448","403413032","2034548393","2335827701","3278807788"
"21:42:43.973630","1500","47.74.8.123","80","100.64.0.5","50534","1448","403414480","2034548393","2335827713","3278807800"
"21:42:43.985742","1500","47.74.8.123","80","100.64.0.5","50534","1448","403415928","2034548393","2335827724","3278807812"
"21:42:43.997734","1500","47.74.8.123","80","100.64.0.5","50534","1448","403417376","2034548393","2335827737","3278807824"
"21:42:44.009877","1500","47.74.8.123","80","100.64.0.5","50534","1448","403418824","2034548393","2335827749","3278807836"
"21:42:44.021950","1500","47.74.8.123","80","100.64.0.5","50534","1448","403420272","2034548393","2335827761","3278807849"
"21:42:44.045100","1500","47.74.8.123","80","100.64.0.5","50534","1448","403421720","2034548393","2335827774","3278807861"
"21:42:44.057469","1500","47.74.8.123","80","100.64.0.5","50534","1448","403423168","2034548393","2335827786","3278807873"
"21:42:44.069567","1500","47.74.8.123","80","100.64.0.5","50534","1448","403424616","2034548393","2335827797","3278807885"
"21:42:44.081662","1500","47.74.8.123","80","100.64.0.5","50534","1448","403401448","2034548393","2335827809","3278807896"
"21:42:44.093396","1500","47.74.8.123","80","100.64.0.5","50534","1448","403426064","2034548393","2335827821","3278807908"
"21:42:44.105504","1500","47.74.8.123","80","100.64.0.5","50534","1448","403427512","2034548393","2335827846","3278807932"
"21:42:44.117483","1500","47.74.8.123","80","100.64.0.5","50534","1448","403428960","2034548393","2335827871","3278807957"
"21:42:44.141978","1500","47.74.8.123","80","100.64.0.5","50534","1448","403430408","2034548393","2335827894","3278807981"
"21:42:44.165970","1500","47.74.8.123","80","100.64.0.5","50534","1448","403431856","2034548393","2335827919","3278808006"
"21:42:44.214516","1500","47.74.8.123","80","100.64.0.5","50534","1448","403433304","2034548393","2335827966","3278808053"
"21:42:44.226346","1500","47.74.8.123","80","100.64.0.5","50534","1448","403434752","2034548393","2335827978","3278808065"
"21:42:44.238438","1500","47.74.8.123","80","100.64.0.5","50534","1448","403436200","2034548393","2335827990","3278808077"
"21:42:44.250537","1500","47.74.8.123","80","100.64.0.5","50534","1448","403437648","2034548393","2335828002","3278808089"
"21:42:44.262620","1500","47.74.8.123","80","100.64.0.5","50534","1448","403439096","2034548393","2335828014","3278808101"
"21:42:44.274263","1500","47.74.8.123","80","100.64.0.5","50534","1448","403440544","2034548393","2335828026","3278808113"
"21:42:44.298707","1500","47.74.8.123","80","100.64.0.5","50534","1448","403441992","2034548393","2335828050","3278808138"
"21:42:44.322794","1500","47.74.8.123","80","100.64.0.5","50534","1448","403443440","2034548393","2335828074","3278808162"
"21:42:44.370930","1500","47.74.8.123","80","100.64.0.5","50534","1448","403444888","2034548393","2335828123","3278808210"
"21:42:44.382321","1500","47.74.8.123","80","100.64.0.5","50534","1448","403446336","2034548393","2335828135","3278808222"
"21:42:44.394398","1500","47.74.8.123","80","100.64.0.5","50534","1448","403447784","2034548393","2335828147","3278808234"
"21:42:44.406506","1500","47.74.8.123","80","100.64.0.5","50534","1448","403449232","2034548393","2335828147","3278808234"
"21:42:44.418298","1500","47.74.8.123","80","100.64.0.5","50534","1448","403450680","2034548393","2335828159","3278808246"
"21:42:44.430380","1500","47.74.8.123","80","100.64.0.5","50534","1448","403452128","2034548393","2335828171","3278808258"
"21:42:44.442551","1500","47.74.8.123","80","100.64.0.5","50534","1448","403453576","2034548393","2335828182","3278808270"
"21:42:44.454491","1500","47.74.8.123","80","100.64.0.5","50534","1448","403455024","2034548393","2335828207","3278808294"
"21:42:44.479553","1500","47.74.8.123","80","100.64.0.5","50534","1448","403456472","2034548393","2335828231","3278808319"
"21:42:44.528048","1500","47.74.8.123","80","100.64.0.5","50534","1448","403457920","2034548393","2335828280","3278808367"
"21:42:44.540026","1500","47.74.8.123","80","100.64.0.5","50534","1448","403459368","2034548393","2335828291","3278808378"
"21:42:44.551128","1500","47.74.8.123","80","100.64.0.5","50534","1448","403460816","2034548393","2335828303","3278808390"
"21:42:44.563150","1500","47.74.8.123","80","100.64.0.5","50534","1448","403462264","2034548393","2335828315","3278808402"
"21:42:44.575227","1500","47.74.8.123","80","100.64.0.5","50534","1448","403463712","2034548393","2335828315","3278808402"
"21:42:44.587343","1500","47.74.8.123","80","100.64.0.5","50534","1448","403465160","2034548393","2335828327","3278808414"
"21:42:44.599531","1500","47.74.8.123","80","100.64.0.5","50534","1448","403466608","2034548393","2335828339","3278808426"
"21:42:44.611637","1500","47.74.8.123","80","100.64.0.5","50534","1448","403468056","2034548393","2335828352","3278808438"
"21:42:44.623733","1500","47.74.8.123","80","100.64.0.5","50534","1448","403469504","2034548393","2335828363","3278808450"
"21:42:44.635640","1500","47.74.8.123","80","100.64.0.5","50534","1448","403470952","2034548393","2335828388","3278808475"
"21:42:44.683131","1500","47.74.8.123","80","100.64.0.5","50534","1448","403472400","2034548393","2335828436","3278808524"
"21:42:44.695224","1500","47.74.8.123","80","100.64.0.5","50534","1448","403473848","2034548393","2335828448","3278808536"
"21:42:44.707147","1500","47.74.8.123","80","100.64.0.5","50534","1448","403475296","2034548393","2335828460","3278808547"
"21:42:44.720310","1500","47.74.8.123","80","100.64.0.5","50534","1448","403476744","2034548393","2335828472","3278808559"
"21:42:44.732435","1500","47.74.8.123","80","100.64.0.5","50534","1448","403478192","2034548393","2335828484","3278808571"
"21:42:44.744434","1500","47.74.8.123","80","100.64.0.5","50534","1448","403479640","2034548393","2335828484","3278808571"
"21:42:44.756524","1500","47.74.8.123","80","100.64.0.5","50534","1448","403481088","2034548393","2335828496","3278808583"
"21:42:44.768615","1500","47.74.8.123","80","100.64.0.5","50534","1448","403482536","2034548393","2335828508","3278808595"
"21:42:44.780706","1500","47.74.8.123","80","100.64.0.5","50534","1448","403483984","2034548393","2335828520","3278808607"
"21:42:44.792762","1500","47.74.8.123","80","100.64.0.5","50534","1448","403485432","2034548393","2335828532","3278808619"
"21:42:44.804940","1500","47.74.8.123","80","100.64.0.5","50534","1448","403486880","2034548393","2335828544","3278808631"
"21:42:44.841053","1500","47.74.8.123","80","100.64.0.5","50534","1448","403488328","2034548393","2335828592","3278808679"
"21:42:44.852242","1500","47.74.8.123","80","100.64.0.5","50534","1448","403489776","2034548393","2335828604","3278808691"
"21:42:44.864316","1500","47.74.8.123","80","100.64.0.5","50534","1448","403491224","2034548393","2335828616","3278808703"
"21:42:44.876398","1500","47.74.8.123","80","100.64.0.5","50534","1448","403492672","2034548393","2335828629","3278808716"
"21:42:44.888667","1500","47.74.8.123","80","100.64.0.5","50534","1448","403494120","2034548393","2335828641","3278808728"
"21:42:44.900519","1500","47.74.8.123","80","100.64.0.5","50534","1448","403495568","2034548393","2335828653","3278808740"
"21:42:44.912545","1500","47.74.8.123","80","100.64.0.5","50534","1448","403497016","2034548393","2335828653","3278808740"
"21:42:44.924628","1500","47.74.8.123","80","100.64.0.5","50534","1448","403498464","2034548393","2335828665","3278808752"
"21:42:44.936738","1500","47.74.8.123","80","100.64.0.5","50534","1448","403499912","2034548393","2335828677","3278808764"
"21:42:44.948802","1500","47.74.8.123","80","100.64.0.5","50534","1448","403501360","2034548393","2335828689","3278808776"
"21:42:44.961958","1500","47.74.8.123","80","100.64.0.5","50534","1448","403502808","2034548393","2335828701","3278808789"
"21:42:44.973113","1500","47.74.8.123","80","100.64.0.5","50534","1448","403504256","2034548393","2335828713","3278808801"
"21:42:44.997132","1500","47.74.8.123","80","100.64.0.5","50534","1448","403505704","2034548393","2335828749","3278808837"
"21:42:45.009428","1500","47.74.8.123","80","100.64.0.5","50534","1448","403507152","2034548393","2335828761","3278808848"
"21:42:45.021269","1500","47.74.8.123","80","100.64.0.5","50534","1448","403508600","2034548393","2335828773","3278808860"
"21:42:45.033379","1500","47.74.8.123","80","100.64.0.5","50534","1448","403510048","2034548393","2335828785","3278808872"
"21:42:45.045619","1500","47.74.8.123","80","100.64.0.5","50534","1448","403511496","2034548393","2335828797","3278808884"
"21:42:45.057717","1500","47.74.8.123","80","100.64.0.5","50534","1448","403512944","2034548393","2335828809","3278808896"
"21:42:45.069692","1500","47.74.8.123","80","100.64.0.5","50534","1448","403514392","2034548393","2335828821","3278808908"
"21:42:45.081764","1500","47.74.8.123","80","100.64.0.5","50534","1448","403515840","2034548393","2335828821","3278808908"
"21:42:45.093728","1500","47.74.8.123","80","100.64.0.5","50534","1448","403517288","2034548393","2335828833","3278808920"
"21:42:45.105812","1500","47.74.8.123","80","100.64.0.5","50534","1448","403518736","2034548393","2335828845","3278808932"
"21:42:45.117966","1500","47.74.8.123","80","100.64.0.5","50534","1448","403520184","2034548393","2335828857","3278808945"
"21:42:45.129234","1500","47.74.8.123","80","100.64.0.5","50534","1448","403521632","2034548393","2335828870","3278808958"
"21:42:45.141392","1500","47.74.8.123","80","100.64.0.5","50534","1448","403523080","2034548393","2335828882","3278808969"
"21:42:45.153183","1500","47.74.8.123","80","100.64.0.5","50534","1448","403524528","2034548393","2335828906","3278808993"
"21:42:45.165163","1500","47.74.8.123","80","100.64.0.5","50534","1448","403525976","2034548393","2335828918","3278809005"
"21:42:45.177391","1500","47.74.8.123","80","100.64.0.5","50534","1448","403527424","2034548393","2335828930","3278809017"
"21:42:45.189530","1500","47.74.8.123","80","100.64.0.5","50534","1448","403528872","2034548393","2335828942","3278809029"
"21:42:45.201778","1500","47.74.8.123","80","100.64.0.5","50534","1448","403530320","2034548393","2335828954","3278809041"
"21:42:45.214619","1500","47.74.8.123","80","100.64.0.5","50534","1448","403531768","2034548393","2335828966","3278809053"
"21:42:45.226526","1500","47.74.8.123","80","100.64.0.5","50534","1448","403533216","2034548393","2335828978","3278809065"
"21:42:45.238643","1500","47.74.8.123","80","100.64.0.5","50534","1448","403534664","2034548393","2335828990","3278809078"
"21:42:45.250733","1500","47.74.8.123","80","100.64.0.5","50534","1448","403536112","2034548393","2335828990","3278809078"
"21:42:45.262980","1500","47.74.8.123","80","100.64.0.5","50534","1448","403537560","2034548393","2335829002","3278809089"
"21:42:45.274158","1500","47.74.8.123","80","100.64.0.5","50534","1448","403539008","2034548393","2335829014","3278809102"
"21:42:45.286275","1500","47.74.8.123","80","100.64.0.5","50534","1448","403540456","2034548393","2335829026","3278809114"
"21:42:45.298983","1500","47.74.8.123","80","100.64.0.5","50534","1448","403541904","2034548393","2335829038","3278809125"
"21:42:45.310077","1500","47.74.8.123","80","100.64.0.5","50534","1448","403543352","2034548393","2335829050","3278809137"
"21:42:45.322184","1500","47.74.8.123","80","100.64.0.5","50534","1448","403544800","2034548393","2335829062","3278809149"
"21:42:45.334479","1500","47.74.8.123","80","100.64.0.5","50534","1448","403546248","2034548393","2335829074","3278809161"
"21:42:45.346639","1500","47.74.8.123","80","100.64.0.5","50534","1448","403547696","2034548393","2335829086","3278809173"
"21:42:45.358434","1500","47.74.8.123","80","100.64.0.5","50534","1448","403549144","2034548393","2335829098","3278809185"
"21:42:45.370554","1500","47.74.8.123","80","100.64.0.5","50534","1448","403550592","2034548393","2335829110","3278809198"
"21:42:45.382608","1500","47.74.8.123","80","100.64.0.5","50534","1448","403552040","2034548393","2335829123","3278809210"
"21:42:45.394637","1500","47.74.8.123","80","100.64.0.5","50534","1448","403553488","2034548393","2335829135","3278809222"
"21:42:45.406726","1500","47.74.8.123","80","100.64.0.5","50534","1448","403554936","2034548393","2335829147","3278809234"
"21:42:45.418831","1500","47.74.8.123","80","100.64.0.5","50534","1448","403556384","2034548393","2335829159","3278809246"
"21:42:45.430953","1500","47.74.8.123","80","100.64.0.5","50534","1448","403557832","2034548393","2335829159","3278809246"
"21:42:45.442971","1500","47.74.8.123","80","100.64.0.5","50534","1448","403559280","2034548393","2335829171","3278809259"
"21:42:45.455048","1500","47.74.8.123","80","100.64.0.5","50534","1448","403560728","2034548393","2335829183","3278809270"
"21:42:45.467127","1500","47.74.8.123","80","100.64.0.5","50534","1448","403562176","2034548393","2335829195","3278809282"
"21:42:45.479202","1500","47.74.8.123","80","100.64.0.5","50534","1448","403563624","2034548393","2335829207","3278809295"
"21:42:45.491304","1500","47.74.8.123","80","100.64.0.5","50534","1448","403565072","2034548393","2335829219","3278809306"
"21:42:45.503343","1500","47.74.8.123","80","100.64.0.5","50534","1448","403566520","2034548393","2335829231","3278809318"
"21:42:45.515515","1500","47.74.8.123","80","100.64.0.5","50534","1448","403567968","2034548393","2335829243","3278809330"
"21:42:45.527554","1500","47.74.8.123","80","100.64.0.5","50534","1448","403569416","2034548393","2335829255","3278809342"
"21:42:45.539670","1500","47.74.8.123","80","100.64.0.5","50534","1448","403570864","2034548393","2335829267","3278809354"
"21:42:45.551657","1500","47.74.8.123","80","100.64.0.5","50534","1448","403572312","2034548393","2335829279","3278809366"
"21:42:45.563739","1500","47.74.8.123","80","100.64.0.5","50534","1448","403573760","2034548393","2335829291","3278809378"
"21:42:45.575799","1500","47.74.8.123","80","100.64.0.5","50534","1448","403575208","2034548393","2335829303","3278809390"
"21:42:45.587886","1500","47.74.8.123","80","100.64.0.5","50534","1448","403576656","2034548393","2335829315","3278809402"
"21:42:45.600032","1500","47.74.8.123","80","100.64.0.5","50534","1448","403578104","2034548393","2335829328","3278809415"
"21:42:45.611188","1500","47.74.8.123","80","100.64.0.5","50534","1448","403579552","2034548393","2335829339","3278809427"
"21:42:45.623145","1500","47.74.8.123","80","100.64.0.5","50534","1448","403581000","2034548393","2335829339","3278809427"
"21:42:45.635263","1500","47.74.8.123","80","100.64.0.5","50534","1448","403582448","2034548393","2335829351","3278809439"
"21:42:45.647303","1500","47.74.8.123","80","100.64.0.5","50534","1448","403583896","2034548393","2335829363","3278809451"
"21:42:45.659362","1500","47.74.8.123","80","100.64.0.5","50534","1448","403585344","2034548393","2335829376","3278809463"
"21:42:45.671592","1500","47.74.8.123","80","100.64.0.5","50534","1448","403586792","2034548393","2335829388","3278809475"
"21:42:45.683581","1500","47.74.8.123","80","100.64.0.5","50534","1448","403588240","2034548393","2335829400","3278809487"
"21:42:45.695651","1500","47.74.8.123","80","100.64.0.5","50534","1448","403589688","2034548393","2335829412","3278809499"
"21:42:45.707698","1500","47.74.8.123","80","100.64.0.5","50534","1448","403591136","2034548393","2335829424","3278809511"
"21:42:45.720799","1500","47.74.8.123","80","100.64.0.5","50534","1448","403592584","2034548393","2335829436","3278809523"
"21:42:45.732945","1500","47.74.8.123","80","100.64.0.5","50534","1448","403594032","2034548393","2335829448","3278809535"
"21:42:45.745019","1500","47.74.8.123","80","100.64.0.5","50534","1448","403595480","2034548393","2335829460","3278809547"
"21:42:45.756088","1500","47.74.8.123","80","100.64.0.5","50534","1448","403596928","2034548393","2335829472","3278809559"
"21:42:45.768128","1500","47.74.8.123","80","100.64.0.5","50534","1448","403598376","2034548393","2335829484","3278809572"
"21:42:45.780224","1500","47.74.8.123","80","100.64.0.5","50534","1448","403599824","2034548393","2335829497","3278809584"
"21:42:45.792330","1500","47.74.8.123","80","100.64.0.5","50534","1448","403601272","2034548393","2335829508","3278809596"
"21:42:45.804386","1500","47.74.8.123","80","100.64.0.5","50534","1448","403602720","2034548393","2335829520","3278809607"
"21:42:45.816524","1500","47.74.8.123","80","100.64.0.5","50534","1448","403604168","2034548393","2335829532","3278809619"
"21:42:45.828512","1500","47.74.8.123","80","100.64.0.5","50534","1448","403605616","2034548393","2335829532","3278809619"
"21:42:45.840614","1500","47.74.8.123","80","100.64.0.5","50534","1448","403607064","2034548393","2335829544","3278809631"
"21:42:45.852765","1500","47.74.8.123","80","100.64.0.5","50534","1448","403608512","2034548393","2335829556","3278809643"
"21:42:45.864829","1500","47.74.8.123","80","100.64.0.5","50534","1448","403609960","2034548393","2335829568","3278809655"
"21:42:45.876914","1500","47.74.8.123","80","100.64.0.5","50534","1448","403611408","2034548393","2335829580","3278809667"
"21:42:45.889005","1500","47.74.8.123","80","100.64.0.5","50534","1448","403612856","2034548393","2335829592","3278809679"
"21:42:45.901076","1500","47.74.8.123","80","100.64.0.5","50534","1448","403614304","2034548393","2335829604","3278809691"
"21:42:45.912180","1500","47.74.8.123","80","100.64.0.5","50534","1448","403615752","2034548393","2335829616","3278809703"
"21:42:45.924261","1500","47.74.8.123","80","100.64.0.5","50534","1448","403617200","2034548393","2335829629","3278809717"
"21:42:45.936343","1500","47.74.8.123","80","100.64.0.5","50534","1448","403618648","2034548393","2335829641","3278809729"
"21:42:45.948389","1500","47.74.8.123","80","100.64.0.5","50534","1448","403620096","2034548393","2335829653","3278809741"
"21:42:45.961596","1500","47.74.8.123","80","100.64.0.5","50534","1448","403621544","2034548393","2335829665","3278809752"
"21:42:45.973624","1500","47.74.8.123","80","100.64.0.5","50534","1448","403622992","2034548393","2335829677","3278809764"
"21:42:45.985709","1500","47.74.8.123","80","100.64.0.5","50534","1448","403624440","2034548393","2335829689","3278809776"
"21:42:45.997693","1500","47.74.8.123","80","100.64.0.5","50534","1448","403625888","2034548393","2335829701","3278809788"
"21:42:46.009784","1500","47.74.8.123","80","100.64.0.5","50534","1448","403627336","2034548393","2335829713","3278809800"
"21:42:46.021837","1500","47.74.8.123","80","100.64.0.5","50534","1448","403628784","2034548393","2335829725","3278809812"
"21:42:46.033224","1500","47.74.8.123","80","100.64.0.5","50534","1448","403630232","2034548393","2335829736","3278809824"
"21:42:46.045270","1500","47.74.8.123","80","100.64.0.5","50534","1448","403631680","2034548393","2335829736","3278809824"
"21:42:46.057129","1500","47.74.8.123","80","100.64.0.5","50534","1448","403633128","2034548393","2335829749","3278809836"
"21:42:46.069220","1500","47.74.8.123","80","100.64.0.5","50534","1448","403634576","2034548393","2335829761","3278809849"
"21:42:46.081209","1500","47.74.8.123","80","100.64.0.5","50534","1448","403636024","2034548393","2335829773","3278809861"
"21:42:46.093331","1500","47.74.8.123","80","100.64.0.5","50534","1448","403637472","2034548393","2335829786","3278809873"
"21:42:46.105431","1500","47.74.8.123","80","100.64.0.5","50534","1448","403638920","2034548393","2335829797","3278809885"
"21:42:46.117588","1500","47.74.8.123","80","100.64.0.5","50534","1448","403640368","2034548393","2335829809","3278809897"
"21:42:46.129653","1500","47.74.8.123","80","100.64.0.5","50534","1448","403641816","2034548393","2335829821","3278809908"
"21:42:46.141791","1500","47.74.8.123","80","100.64.0.5","50534","1448","403643264","2034548393","2335829833","3278809920"
"21:42:46.153189","1500","47.74.8.123","80","100.64.0.5","50534","1448","403644712","2034548393","2335829845","3278809932"
"21:42:46.165827","1500","47.74.8.123","80","100.64.0.5","50534","1448","403646160","2034548393","2335829857","3278809944"
"21:42:46.178008","1500","47.74.8.123","80","100.64.0.5","50534","1448","403647608","2034548393","2335829870","3278809957"
"21:42:46.189116","1500","47.74.8.123","80","100.64.0.5","50534","1448","403649056","2034548393","2335829882","3278809969"
"21:42:46.201396","1500","47.74.8.123","80","100.64.0.5","50534","1448","403650504","2034548393","2335829894","3278809981"
"21:42:46.214553","1500","47.74.8.123","80","100.64.0.5","50534","1448","403651952","2034548393","2335829906","3278809993"
"21:42:46.226650","1500","47.74.8.123","80","100.64.0.5","50534","1448","403653400","2034548393","2335829918","3278810006"
"21:42:46.238746","1500","47.74.8.123","80","100.64.0.5","50534","1448","403654848","2034548393","2335829931","3278810018"
"21:42:46.250652","1500","47.74.8.123","80","100.64.0.5","50534","1448","403656296","2034548393","2335829942","3278810029"
"21:42:46.262668","1500","47.74.8.123","80","100.64.0.5","50534","1448","403657744","2034548393","2335829954","3278810041"
"21:42:46.274750","1500","47.74.8.123","80","100.64.0.5","50534","1448","403659192","2034548393","2335829954","3278810041"
"21:42:46.287063","1500","47.74.8.123","80","100.64.0.5","50534","1448","403660640","2034548393","2335829966","3278810053"
"21:42:46.298114","1500","47.74.8.123","80","100.64.0.5","50534","1448","403662088","2034548393","2335829978","3278810065"
"21:42:46.310206","1500","47.74.8.123","80","100.64.0.5","50534","1448","403663536","2034548393","2335829990","3278810077"
"21:42:46.322364","1500","47.74.8.123","80","100.64.0.5","50534","1448","403664984","2034548393","2335830002","3278810089"
"21:42:46.334174","1500","47.74.8.123","80","100.64.0.5","50534","1448","403666432","2034548393","2335830014","3278810101"
"21:42:46.346227","1500","47.74.8.123","80","100.64.0.5","50534","1448","403667880","2034548393","2335830026","3278810113"
"21:42:46.358544","1500","47.74.8.123","80","100.64.0.5","50534","1448","403669328","2034548393","2335830038","3278810125"
"21:42:46.370666","1500","47.74.8.123","80","100.64.0.5","50534","1448","403670776","2034548393","2335830050","3278810138"
"21:42:46.382894","1500","47.74.8.123","80","100.64.0.5","50534","1448","403672224","2034548393","2335830062","3278810149"
"21:42:46.394619","1500","47.74.8.123","80","100.64.0.5","50534","1448","403673672","2034548393","2335830074","3278810162"
"21:42:46.406723","1500","47.74.8.123","80","100.64.0.5","50534","1448","403675120","2034548393","2335830086","3278810174"
"21:42:46.418773","1500","47.74.8.123","80","100.64.0.5","50534","1448","403676568","2034548393","2335830098","3278810185"
"21:42:46.430864","1500","47.74.8.123","80","100.64.0.5","50534","1448","403678016","2034548393","2335830110","3278810197"
"21:42:46.442190","1500","47.74.8.123","80","100.64.0.5","50534","1448","403679464","2034548393","2335830123","3278810210"
"21:42:46.454271","1500","47.74.8.123","80","100.64.0.5","50534","1448","403680912","2034548393","2335830135","3278810222"
"21:42:46.467601","1500","47.74.8.123","80","100.64.0.5","50534","1448","403682360","2034548393","2335830147","3278810234"
"21:42:46.479178","1500","47.74.8.123","80","100.64.0.5","50534","1448","403683808","2034548393","2335830159","3278810246"
"21:42:46.491246","1500","47.74.8.123","80","100.64.0.5","50534","1448","403685256","2034548393","2335830171","3278810258"
"21:42:46.503372","1500","47.74.8.123","80","100.64.0.5","50534","1448","403686704","2034548393","2335830183","3278810271"
"21:42:46.515455","1500","47.74.8.123","80","100.64.0.5","50534","1448","403688152","2034548393","2335830183","3278810271"
"21:42:46.527809","1500","47.74.8.123","80","100.64.0.5","50534","1448","403689600","2034548393","2335830195","3278810283"
"21:42:46.539606","1500","47.74.8.123","80","100.64.0.5","50534","1448","403691048","2034548393","2335830207","3278810294"
"21:42:46.551721","1500","47.74.8.123","80","100.64.0.5","50534","1448","403692496","2034548393","2335830219","3278810306"
"21:42:46.563712","1500","47.74.8.123","80","100.64.0.5","50534","1448","403693944","2034548393","2335830231","3278810318"
"21:42:46.575836","1500","47.74.8.123","80","100.64.0.5","50534","1448","403695392","2034548393","2335830243","3278810330"
"21:42:46.587954","1500","47.74.8.123","80","100.64.0.5","50534","1448","403696840","2034548393","2335830255","3278810342"
"21:42:46.600050","1500","47.74.8.123","80","100.64.0.5","50534","1448","403698288","2034548393","2335830267","3278810354"
"21:42:46.611165","1500","47.74.8.123","80","100.64.0.5","50534","1448","403699736","2034548393","2335830279","3278810366"
"21:42:46.623139","1500","47.74.8.123","80","100.64.0.5","50534","1448","403701184","2034548393","2335830291","3278810379"
"21:42:46.635225","1500","47.74.8.123","80","100.64.0.5","50534","1448","403702632","2034548393","2335830303","3278810390"
"21:42:46.647397","1500","47.74.8.123","80","100.64.0.5","50534","1448","403704080","2034548393","2335830315","3278810402"
"21:42:46.659516","1500","47.74.8.123","80","100.64.0.5","50534","1448","403705528","2034548393","2335830327","3278810415"
"21:42:46.671647","1500","47.74.8.123","80","100.64.0.5","50534","1448","403706976","2034548393","2335830340","3278810427"
"21:42:46.683673","1500","47.74.8.123","80","100.64.0.5","50534","1448","403708424","2034548393","2335830351","3278810438"
"21:42:46.695679","1500","47.74.8.123","80","100.64.0.5","50534","1448","403709872","2034548393","2335830363","3278810450"
"21:42:46.707802","1500","47.74.8.123","80","100.64.0.5","50534","1448","403711320","2034548393","2335830376","3278810463"
"21:42:46.720892","1500","47.74.8.123","80","100.64.0.5","50534","1448","403712768","2034548393","2335830388","3278810475"
"21:42:46.732094","1500","47.74.8.123","80","100.64.0.5","50534","1448","403714216","2034548393","2335830400","3278810487"
"21:42:46.744192","1500","47.74.8.123","80","100.64.0.5","50534","1448","403715664","2034548393","2335830412","3278810499"
"21:42:46.756147","1500","47.74.8.123","80","100.64.0.5","50534","1448","403717112","2034548393","2335830424","3278810511"
"21:42:46.768223","1500","47.74.8.123","80","100.64.0.5","50534","1448","403718560","2034548393","2335830424","3278810511"
"21:42:46.780296","1500","47.74.8.123","80","100.64.0.5","50534","1448","403720008","2034548393","2335830436","3278810524"
"21:42:46.792381","1500","47.74.8.123","80","100.64.0.5","50534","1448","403721456","2034548393","2335830448","3278810535"
"21:42:46.804650","1500","47.74.8.123","80","100.64.0.5","50534","1448","403722904","2034548393","2335830460","3278810547"
"21:42:46.816716","1500","47.74.8.123","80","100.64.0.5","50534","1448","403724352","2034548393","2335830472","3278810559"
"21:42:46.828799","1500","47.74.8.123","80","100.64.0.5","50534","1448","403725800","2034548393","2335830485","3278810572"
"21:42:46.840765","1500","47.74.8.123","80","100.64.0.5","50534","1448","403727248","2034548393","2335830496","3278810584"
"21:42:46.852843","1500","47.74.8.123","80","100.64.0.5","50534","1448","403728696","2034548393","2335830508","3278810596"
"21:42:46.864845","1500","47.74.8.123","80","100.64.0.5","50534","1448","403730144","2034548393","2335830520","3278810607"
"21:42:46.876185","1500","47.74.8.123","80","100.64.0.5","50534","1448","403731592","2034548393","2335830532","3278810619"
"21:42:46.888244","1500","47.74.8.123","80","100.64.0.5","50534","1448","403733040","2034548393","2335830544","3278810631"
"21:42:46.900265","1500","47.74.8.123","80","100.64.0.5","50534","1448","403734488","2034548393","2335830556","3278810643"
"21:42:46.912230","1500","47.74.8.123","80","100.64.0.5","50534","1448","403735936","2034548393","2335830568","3278810655"
"21:42:46.924390","1500","47.74.8.123","80","100.64.0.5","50534","1448","403737384","2034548393","2335830579","3278810667"
"21:42:46.936387","1500","47.74.8.123","80","100.64.0.5","50534","1448","403738832","2034548393","2335830592","3278810679"
"21:42:46.948709","1500","47.74.8.123","80","100.64.0.5","50534","1448","403740280","2034548393","2335830604","3278810691"
"21:42:46.961783","1500","47.74.8.123","80","100.64.0.5","50534","1448","403741728","2034548393","2335830616","3278810704"
"21:42:46.973871","1500","47.74.8.123","80","100.64.0.5","50534","1448","403743176","2034548393","2335830630","3278810717"
"21:42:46.985754","1500","47.74.8.123","80","100.64.0.5","50534","1448","403744624","2034548393","2335830641","3278810728"
"21:42:46.997822","1500","47.74.8.123","80","100.64.0.5","50534","1448","403746072","2034548393","2335830653","3278810740"
"21:42:47.010018","1500","47.74.8.123","80","100.64.0.5","50534","1448","403747520","2034548393","2335830665","3278810752"
"21:42:47.021193","1500","47.74.8.123","80","100.64.0.5","50534","1448","403748968","2034548393","2335830677","3278810764"
"21:42:47.033274","1500","47.74.8.123","80","100.64.0.5","50534","1448","403750416","2034548393","2335830677","3278810764"
"21:42:47.045346","1500","47.74.8.123","80","100.64.0.5","50534","1448","403751864","2034548393","2335830689","3278810776"
"21:42:47.057420","1500","47.74.8.123","80","100.64.0.5","50534","1448","403753312","2034548393","2335830701","3278810788"
"21:42:47.069325","1500","47.74.8.123","80","100.64.0.5","50534","1448","403754760","2034548393","2335830713","3278810800"
"21:42:47.081422","1500","47.74.8.123","80","100.64.0.5","50534","1448","403756208","2034548393","2335830725","3278810812"
"21:42:47.093182","1500","47.74.8.123","80","100.64.0.5","50534","1448","403757656","2034548393","2335830736","3278810825"
"21:42:47.105756","1500","47.74.8.123","80","100.64.0.5","50534","1448","403759104","2034548393","2335830749","3278810837"
"21:42:47.117904","1500","47.74.8.123","80","100.64.0.5","50534","1448","403760552","2034548393","2335830762","3278810849"
"21:42:47.129837","1500","47.74.8.123","80","100.64.0.5","50534","1448","403762000","2034548393","2335830774","3278810861"
"21:42:47.141876","1500","47.74.8.123","80","100.64.0.5","50534","1448","403763448","2034548393","2335830785","3278810872"
"21:42:47.153632","1500","47.74.8.123","80","100.64.0.5","50534","1448","403764896","2034548393","2335830797","3278810884"
"21:42:47.165657","1500","47.74.8.123","80","100.64.0.5","50534","1448","403766344","2034548393","2335830809","3278810896"
"21:42:47.177745","1500","47.74.8.123","80","100.64.0.5","50534","1448","403767792","2034548393","2335830821","3278810908"
"21:42:47.189294","1500","47.74.8.123","80","100.64.0.5","50534","1448","403769240","2034548393","2335830833","3278810920"
"21:42:47.201466","1500","47.74.8.123","80","100.64.0.5","50534","1448","403770688","2034548393","2335830845","3278810932"
"21:42:47.214350","1500","47.74.8.123","80","100.64.0.5","50534","1448","403772136","2034548393","2335830857","3278810944"
"21:42:47.226409","1500","47.74.8.123","80","100.64.0.5","50534","1448","403773584","2034548393","2335830870","3278810958"
"21:42:47.238116","1500","47.74.8.123","80","100.64.0.5","50534","1448","403775032","2034548393","2335830883","3278810970"
"21:42:47.250215","1500","47.74.8.123","80","100.64.0.5","50534","1448","403776480","2034548393","2335830894","3278810982"
"21:42:47.262822","1500","47.74.8.123","80","100.64.0.5","50534","1448","403777928","2034548393","2335830907","3278810994"
"21:42:47.275052","1500","47.74.8.123","80","100.64.0.5","50534","1448","403779376","2034548393","2335830918","3278811006"
"21:42:47.286902","1500","47.74.8.123","80","100.64.0.5","50534","1448","403780824","2034548393","2335830930","3278811017"
"21:42:47.298893","1500","47.74.8.123","80","100.64.0.5","50534","1448","403782272","2034548393","2335830942","3278811029"
"21:42:47.310658","1500","47.74.8.123","80","100.64.0.5","50534","1448","403783720","2034548393","2335830942","3278811029"
"21:42:47.322748","1500","47.74.8.123","80","100.64.0.5","50534","1448","403785168","2034548393","2335830954","3278811041"
"21:42:47.334801","1500","47.74.8.123","80","100.64.0.5","50534","1448","403786616","2034548393","2335830966","3278811053"
"21:42:47.346485","1500","47.74.8.123","80","100.64.0.5","50534","1448","403788064","2034548393","2335830978","3278811065"
"21:42:47.358629","1500","47.74.8.123","80","100.64.0.5","50534","1448","403789512","2034548393","2335830990","3278811077"
"21:42:47.370406","1500","47.74.8.123","80","100.64.0.5","50534","1448","403790960","2034548393","2335831002","3278811089"
"21:42:47.382510","1500","47.74.8.123","80","100.64.0.5","50534","1448","403792408","2034548393","2335831014","3278811102"
"21:42:47.394262","1500","47.74.8.123","80","100.64.0.5","50534","1448","403793856","2034548393","2335831027","3278811114"
"21:42:47.406325","1500","47.74.8.123","80","100.64.0.5","50534","1448","403795304","2034548393","2335831038","3278811126"
"21:42:47.419048","1500","47.74.8.123","80","100.64.0.5","50534","1448","403796752","2034548393","2335831051","3278811138"
"21:42:47.430869","1500","47.74.8.123","80","100.64.0.5","50534","1448","403798200","2034548393","2335831062","3278811149"
"21:42:47.443028","1500","47.74.8.123","80","100.64.0.5","50534","1448","403799648","2034548393","2335831074","3278811161"
"21:42:47.454798","1500","47.74.8.123","80","100.64.0.5","50534","1448","403801096","2034548393","2335831086","3278811173"
"21:42:47.467770","1500","47.74.8.123","80","100.64.0.5","50534","1448","403802544","2034548393","2335831098","3278811185"
"21:42:47.479401","1500","47.74.8.123","80","100.64.0.5","50534","1448","403803992","2034548393","2335831110","3278811197"
"21:42:47.491505","1500","47.74.8.123","80","100.64.0.5","50534","1448","403805440","2034548393","2335831123","3278811210"
"21:42:47.503609","1500","47.74.8.123","80","100.64.0.5","50534","1448","403806888","2034548393","2335831135","3278811222"
"21:42:47.515449","1500","47.74.8.123","80","100.64.0.5","50534","1448","403808336","2034548393","2335831147","3278811234"
"21:42:47.527383","1500","47.74.8.123","80","100.64.0.5","50534","1448","403809784","2034548393","2335831159","3278811246"
"21:42:47.539630","1500","47.74.8.123","80","100.64.0.5","50534","1448","403811232","2034548393","2335831171","3278811259"
"21:42:47.551853","1500","47.74.8.123","80","100.64.0.5","50534","1448","403812680","2034548393","2335831183","3278811271"
"21:42:47.563854","1500","47.74.8.123","80","100.64.0.5","50534","1448","403814128","2034548393","2335831196","3278811283"
"21:42:47.575083","1500","47.74.8.123","80","100.64.0.5","50534","1448","403815576","2034548393","2335831208","3278811295"
"21:42:47.587175","1500","47.74.8.123","80","100.64.0.5","50534","1448","403817024","2034548393","2335831219","3278811306"
"21:42:47.599267","1500","47.74.8.123","80","100.64.0.5","50534","1448","403818472","2034548393","2335831219","3278811306"
"21:42:47.611359","1500","47.74.8.123","80","100.64.0.5","50534","1448","403819920","2034548393","2335831231","3278811318"
"21:42:47.623450","1500","47.74.8.123","80","100.64.0.5","50534","1448","403821368","2034548393","2335831243","3278811331"
"21:42:47.635543","1500","47.74.8.123","80","100.64.0.5","50534","1448","403822816","2034548393","2335831255","3278811342"
"21:42:47.647640","1500","47.74.8.123","80","100.64.0.5","50534","1448","403824264","2034548393","2335831267","3278811354"
"21:42:47.659742","1500","47.74.8.123","80","100.64.0.5","50534","1448","403825712","2034548393","2335831279","3278811366"
"21:42:47.671841","1500","47.74.8.123","80","100.64.0.5","50534","1448","403827160","2034548393","2335831291","3278811378"
"21:42:47.683936","1500","47.74.8.123","80","100.64.0.5","50534","1448","403828608","2034548393","2335831303","3278811390"
"21:42:47.696026","1500","47.74.8.123","80","100.64.0.5","50534","1448","403830056","2034548393","2335831315","3278811402"
"21:42:47.720690","1500","47.74.8.123","80","100.64.0.5","50534","1448","403831504","2034548393","2335831327","3278811415"
"21:42:47.732783","1500","47.74.8.123","80","100.64.0.5","50534","1448","403832952","2034548393","2335831340","3278811427"
