_ws.col.Time,frame.len,ip.src,tcp.srcport,ip.dst,tcp.dstport,tcp.len,tcp.seq_raw,tcp.ack_raw,tcp.options.timestamp.tsval,tcp.options.timestamp.tsecr
"16:30:13.783379","52","47.74.8.123","80","100.64.0.5","59242","0","684989322","1202572812","2317077492","3260057539"
"16:30:13.795463","1500","47.74.8.123","80","100.64.0.5","59242","1448","684989322","1202572812","2317077493","3260057539"
"16:30:13.807555","1500","47.74.8.123","80","100.64.0.5","59242","1448","684990770","1202572812","2317077493","3260057539"
"16:30:13.819649","1500","47.74.8.123","80","100.64.0.5","59242","1448","684992218","1202572812","2317077493","3260057539"
"16:30:13.831737","1500","47.74.8.123","80","100.64.0.5","59242","1448","684993666","1202572812","2317077493","3260057539"
"16:30:13.843820","1500","47.74.8.123","80","100.64.0.5","59242","1448","684995114","1202572812","2317077493","3260057539"
"16:30:13.855902","1500","47.74.8.123","80","100.64.0.5","59242","1448","684996562","1202572812","2317077493","3260057539"
"16:30:13.868989","1500","47.74.8.123","80","100.64.0.5","59242","1448","684998010","1202572812","2317077493","3260057539"
"16:30:13.880076","1500","47.74.8.123","80","100.64.0.5","59242","1448","684999458","1202572812","2317077493","3260057539"
"16:30:13.892171","1500","47.74.8.123","80","100.64.0.5","59242","1448","685000906","1202572812","2317077493","3260057539"
"16:30:13.904256","1500","47.74.8.123","80","100.64.0.5","59242","1448","685002354","1202572812","2317077493","3260057539"
"16:30:14.036127","1500","47.74.8.123","80","100.64.0.5","59242","1448","685003802","1202572812","2317077744","3260057791"
"16:30:14.048181","1500","47.74.8.123","80","100.64.0.5","59242","1448","685005250","1202572812","2317077744","3260057791"
"16:30:14.060269","1500","47.74.8.123","80","100.64.0.5","59242","1448","685006698","1202572812","2317077756","3260057803"
"16:30:14.072371","1500","47.74.8.123","80","100.64.0.5","59242","1448","685008146","1202572812","2317077756","3260057803"
"16:30:14.084470","1500","47.74.8.123","80","100.64.0.5","59242","1448","685009594","1202572812","2317077768","3260057815"
"16:30:14.096511","1500","47.74.8.123","80","100.64.0.5","59242","1448","685011042","1202572812","2317077768","3260057815"
"16:30:14.108594","1500","47.74.8.123","80","100.64.0.5","59242","1448","685012490","1202572812","2317077780","3260057827"
"16:30:14.121675","1500","47.74.8.123","80","100.64.0.5","59242","1448","685013938","1202572812","2317077780","3260057827"
"16:30:14.133756","1500","47.74.8.123","80","100.64.0.5","59242","1448","685015386","1202572812","2317077792","3260057840"
"16:30:14.145861","1500","47.74.8.123","80","100.64.0.5","59242","1448","685016834","1202572812","2317077792","3260057840"
"16:30:14.157948","1500","47.74.8.123","80","100.64.0.5","59242","1448","685018282","1202572812","2317077806","3260057852"
"16:30:14.170033","1500","47.74.8.123","80","100.64.0.5","59242","1448","685019730","1202572812","2317077806","3260057852"
"16:30:14.181122","1500","47.74.8.123","80","100.64.0.5","59242","1448","685021178","1202572812","2317077818","3260057865"
"16:30:14.193208","1500","47.74.8.123","80","100.64.0.5","59242","1448","685022626","1202572812","2317077818","3260057865"
"16:30:14.205296","1500","47.74.8.123","80","100.64.0.5","59242","1448","685024074","1202572812","2317077830","3260057876"
"16:30:14.217385","1500","47.74.8.123","80","100.64.0.5","59242","1448","685025522","1202572812","2317077830","3260057876"
"16:30:14.229482","1500","47.74.8.123","80","100.64.0.5","59242","1448","685026970","1202572812","2317077842","3260057888"
"16:30:14.241573","1500","47.74.8.123","80","100.64.0.5","59242","1448","685028418","1202572812","2317077842","3260057888"
"16:30:14.253660","1500","47.74.8.123","80","100.64.0.5","59242","1448","685029866","1202572812","2317077854","3260057900"
"16:30:14.265747","1500","47.74.8.123","80","100.64.0.5","59242","1448","685031314","1202572812","2317077854","3260057900"
"16:30:14.277859","1500","47.74.8.123","80","100.64.0.5","59242","1448","685032762","1202572812","2317077986","3260058032"
"16:30:14.289922","1500","47.74.8.123","80","100.64.0.5","59242","1448","685034210","1202572812","2317077986","3260058032"
"16:30:14.301959","1500","47.74.8.123","80","100.64.0.5","59242","1448","685035658","1202572812","2317077998","3260058044"
"16:30:14.313054","1500","47.74.8.123","80","100.64.0.5","59242","1448","685037106","1202572812","2317077998","3260058044"
"16:30:14.325140","1500","47.74.8.123","80","100.64.0.5","59242","1448","685038554","1202572812","2317078010","3260058056"
"16:30:14.337230","1500","47.74.8.123","80","100.64.0.5","59242","1448","685040002","1202572812","2317078010","3260058056"
"16:30:14.349901","1500","47.74.8.123","80","100.64.0.5","59242","1448","685041450","1202572812","2317078021","3260058068"
"16:30:14.362412","1500","47.74.8.123","80","100.64.0.5","59242","1448","685042898","1202572812","2317078021","3260058068"
"16:30:14.374521","1500","47.74.8.123","80","100.64.0.5","59242","1448","685044346","1202572812","2317078033","3260058080"
"16:30:14.386613","1500","47.74.8.123","80","100.64.0.5","59242","1448","685045794","1202572812","2317078033","3260058080"
"16:30:14.398662","1500","47.74.8.123","80","100.64.0.5","59242","1448","685047242","1202572812","2317078045","3260058092"
"16:30:14.410799","1500","47.74.8.123","80","100.64.0.5","59242","1448","685048690","1202572812","2317078045","3260058092"
"16:30:14.422418","1500","47.74.8.123","80","100.64.0.5","59242","1448","685050138","1202572812","2317078057","3260058104"
"16:30:14.434980","1500","47.74.8.123","80","100.64.0.5","59242","1448","685051586","1202572812","2317078057","3260058104"
"16:30:14.446135","1500","47.74.8.123","80","100.64.0.5","59242","1448","685053034","1202572812","2317078070","3260058117"
"16:30:14.458241","1500","47.74.8.123","80","100.64.0.5","59242","1448","685054482","1202572812","2317078070","3260058117"
"16:30:14.470256","1500","47.74.8.123","80","100.64.0.5","59242","1448","685055930","1202572812","2317078082","3260058130"
"16:30:14.482349","1500","47.74.8.123","80","100.64.0.5","59242","1448","685057378","1202572812","2317078082","3260058130"
"16:30:14.494607","1500","47.74.8.123","80","100.64.0.5","59242","1448","685058826","1202572812","2317078095","3260058142"
"16:30:14.506696","1500","47.74.8.123","80","100.64.0.5","59242","1448","685060274","1202572812","2317078095","3260058142"
"16:30:14.518768","1500","47.74.8.123","80","100.64.0.5","59242","1448","685061722","1202572812","2317078108","3260058154"
"16:30:14.530838","1500","47.74.8.123","80","100.64.0.5","59242","1448","685063170","1202572812","2317078108","3260058154"
"16:30:14.542818","1500","47.74.8.123","80","100.64.0.5","59242","1448","685064618","1202572812","2317078119","3260058166"
"16:30:14.554928","1500","47.74.8.123","80","100.64.0.5","59242","1448","685066066","1202572812","2317078119","3260058166"
"16:30:14.566103","1500","47.74.8.123","80","100.64.0.5","59242","1448","685067514","1202572812","2317078131","3260058177"
"16:30:14.578197","1500","47.74.8.123","80","100.64.0.5","59242","1448","685068962","1202572812","2317078131","3260058177"
"16:30:14.590278","1500","47.74.8.123","80","100.64.0.5","59242","1448","685070410","1202572812","2317078142","3260058189"
"16:30:14.602366","1500","47.74.8.123","80","100.64.0.5","59242","1448","685071858","1202572812","2317078142","3260058189"
"16:30:14.615438","1500","47.74.8.123","80","100.64.0.5","59242","1448","685073306","1202572812","2317078154","3260058201"
"16:30:14.627560","1500","47.74.8.123","80","100.64.0.5","59242","1448","685074754","1202572812","2317078154","3260058201"
"16:30:14.639632","1500","47.74.8.123","80","100.64.0.5","59242","1448","685076202","1202572812","2317078166","3260058213"
"16:30:14.651721","1500","47.74.8.123","80","100.64.0.5","59242","1448","685077650","1202572812","2317078166","3260058213"
"16:30:14.663794","1500","47.74.8.123","80","100.64.0.5","59242","1448","685079098","1202572812","2317078178","3260058225"
"16:30:14.675863","1500","47.74.8.123","80","100.64.0.5","59242","1448","685080546","1202572812","2317078178","3260058225"
"16:30:14.687952","1500","47.74.8.123","80","100.64.0.5","59242","1448","685081994","1202572812","2317078190","3260058237"
"16:30:14.700042","1500","47.74.8.123","80","100.64.0.5","59242","1448","685083442","1202572812","2317078190","3260058237"
"16:30:14.711133","1500","47.74.8.123","80","100.64.0.5","59242","1448","685084890","1202572812","2317078202","3260058249"
"16:30:14.723224","1500","47.74.8.123","80","100.64.0.5","59242","1448","685087786","1202572812","2317078214","3260058261"
"16:30:14.735252","1500","47.74.8.123","80","100.64.0.5","59242","1448","685090682","1202572812","2317078228","3260058274"
"16:30:14.747361","1500","47.74.8.123","80","100.64.0.5","59242","1448","685093578","1202572812","2317078240","3260058286"
"16:30:14.759459","1500","47.74.8.123","80","100.64.0.5","59242","1448","685096474","1202572812","2317078252","3260058298"
"16:30:14.771544","1500","47.74.8.123","80","100.64.0.5","59242","1448","685099370","1202572812","2317078263","3260058309"
"16:30:14.783626","1500","47.74.8.123","80","100.64.0.5","59242","1448","685102266","1202572812","2317078275","3260058321"
"16:30:14.795742","1500","47.74.8.123","80","100.64.0.5","59242","1448","685105162","1202572812","2317078287","3260058333"
"16:30:14.807767","1500","47.74.8.123","80","100.64.0.5","59242","1448","685108058","1202572812","2317078299","3260058346"
"16:30:14.819830","1500","47.74.8.123","80","100.64.0.5","59242","1448","685110954","1202572812","2317078315","3260058358"
"16:30:14.831883","1500","47.74.8.123","80","100.64.0.5","59242","1448","685113850","1202572812","2317078323","3260058370"
"16:30:14.843978","1500","47.74.8.123","80","100.64.0.5","59242","1448","685116746","1202572812","2317078335","3260058382"
"16:30:14.855118","1500","47.74.8.123","80","100.64.0.5","59242","1448","685119642","1202572812","2317078347","3260058394"
"16:30:14.868173","1500","47.74.8.123","80","100.64.0.5","59242","1448","685122538","1202572812","2317078360","3260058407"
"16:30:14.880231","1500","47.74.8.123","80","100.64.0.5","59242","1448","685125434","1202572812","2317078372","3260058418"
"16:30:14.892331","1500","47.74.8.123","80","100.64.0.5","59242","1448","685128330","1202572812","2317078384","3260058431"
"16:30:14.904423","1500","47.74.8.123","80","100.64.0.5","59242","1448","685131226","1202572812","2317078419","3260058442"
"16:30:14.916471","1500","47.74.8.123","80","100.64.0.5","59242","1448","685132674","1202572812","2317078419","3260058442"
"16:30:14.928658","1500","47.74.8.123","80","100.64.0.5","59242","1448","685134122","1202572812","2317078419","3260058454"
"16:30:14.940741","1500","47.74.8.123","80","100.64.0.5","59242","1448","685139914","1202572812","2317078431","3260058478"
"16:30:14.952717","1500","47.74.8.123","80","100.64.0.5","59242","1448","685142810","1202572812","2317078443","3260058490"
"16:30:14.964810","1500","47.74.8.123","80","100.64.0.5","59242","1448","685145706","1202572812","2317078455","3260058502"
"16:30:14.976887","1500","47.74.8.123","80","100.64.0.5","59242","1448","685148602","1202572812","2317078467","3260058515"
"16:30:14.988996","1500","47.74.8.123","80","100.64.0.5","59242","1448","685151498","1202572812","2317078480","3260058527"
"16:30:15.000201","1500","47.74.8.123","80","100.64.0.5","59242","1448","685154394","1202572812","2317078492","3260058539"
"16:30:15.012301","1500","47.74.8.123","80","100.64.0.5","59242","1448","685157290","1202572812","2317078505","3260058551"
"16:30:15.024189","1500","47.74.8.123","80","100.64.0.5","59242","1448","685160186","1202572812","2317078516","3260058562"
"16:30:15.036271","1500","47.74.8.123","80","100.64.0.5","59242","1448","685161634","1202572812","2317078528","3260058574"
"16:30:15.048353","1500","47.74.8.123","80","100.64.0.5","59242","1448","685164530","1202572812","2317078539","3260058586"
"16:30:15.060436","1500","47.74.8.123","80","100.64.0.5","59242","1448","685167426","1202572812","2317078551","3260058598"
"16:30:15.072683","1500","47.74.8.123","80","100.64.0.5","59242","1448","685170322","1202572812","2317078564","3260058611"
"16:30:15.084796","1500","47.74.8.123","80","100.64.0.5","59242","1448","685173218","1202572812","2317078576","3260058623"
"16:30:15.096879","1500","47.74.8.123","80","100.64.0.5","59242","1448","685176114","1202572812","2317078588","3260058635"
"16:30:15.108733","1500","47.74.8.123","80","100.64.0.5","59242","1448","685179010","1202572812","2317078600","3260058647"
"16:30:15.121819","1500","47.74.8.123","80","100.64.0.5","59242","1448","685181906","1202572812","2317078612","3260058660"
"16:30:15.133114","1500","47.74.8.123","80","100.64.0.5","59242","1448","685184802","1202572812","2317078626","3260058672"
"16:30:15.145192","1500","47.74.8.123","80","100.64.0.5","59242","1448","685187698","1202572812","2317078638","3260058684"
"16:30:15.157275","1500","47.74.8.123","80","100.64.0.5","59242","1448","685190594","1202572812","2317078649","3260058696"
"16:30:15.169164","1500","47.74.8.123","80","100.64.0.5","59242","1448","685193490","1202572812","2317078661","3260058707"
"16:30:15.181228","1500","47.74.8.123","80","100.64.0.5","59242","1448","685196386","1202572812","2317078673","3260058719"
"16:30:15.193324","1500","47.74.8.123","80","100.64.0.5","59242","1448","685199282","1202572812","2317078685","3260058731"
"16:30:15.205408","1500","47.74.8.123","80","100.64.0.5","59242","1448","685086338","1202572812","2317078696","3260058743"
"16:30:15.217803","1500","47.74.8.123","80","100.64.0.5","59242","1448","685200730","1202572812","2317078708","3260058755"
"16:30:15.229877","1500","47.74.8.123","80","100.64.0.5","59242","1448","685202178","1202572812","2317078720","3260058767"
"16:30:15.241628","1500","47.74.8.123","80","100.64.0.5","59242","1448","685203626","1202572812","2317078744","3260058791"
"16:30:15.253709","1500","47.74.8.123","80","100.64.0.5","59242","1448","685205074","1202572812","2317078756","3260058804"
"16:30:15.265781","1500","47.74.8.123","80","100.64.0.5","59242","1448","685206522","1202572812","2317078782","3260058828"
"16:30:15.277200","1500","47.74.8.123","80","100.64.0.5","59242","1448","685207970","1202572812","2317078793","3260058840"
"16:30:15.289285","1500","47.74.8.123","80","100.64.0.5","59242","1448","685209418","1202572812","2317078818","3260058864"
"16:30:15.301372","1500","47.74.8.123","80","100.64.0.5","59242","1448","685210866","1202572812","2317078830","3260058876"
"16:30:15.313453","1500","47.74.8.123","80","100.64.0.5","59242","1448","685212314","1202572812","2317078853","3260058900"
"16:30:15.325169","1500","47.74.8.123","80","100.64.0.5","59242","1448","685213762","1202572812","2317078865","3260058912"
"16:30:15.337242","1500","47.74.8.123","80","100.64.0.5","59242","1448","685215210","1202572812","2317078889","3260058936"
"16:30:15.349326","1500","47.74.8.123","80","100.64.0.5","59242","1448","685216658","1202572812","2317078901","3260058948"
"16:30:15.362773","1500","47.74.8.123","80","100.64.0.5","59242","1448","685218106","1202572812","2317078927","3260058973"
"16:30:15.374811","1500","47.74.8.123","80","100.64.0.5","59242","1448","685219554","1202572812","2317078938","3260058985"
"16:30:15.386624","1500","47.74.8.123","80","100.64.0.5","59242","1448","685221002","1202572812","2317078961","3260059008"
"16:30:15.398673","1500","47.74.8.123","80","100.64.0.5","59242","1448","685222450","1202572812","2317078974","3260059020"
"16:30:15.410783","1500","47.74.8.123","80","100.64.0.5","59242","1448","685223898","1202572812","2317078997","3260059044"
"16:30:15.422194","1500","47.74.8.123","80","100.64.0.5","59242","1448","685225346","1202572812","2317079009","3260059056"
"16:30:15.434237","1500","47.74.8.123","80","100.64.0.5","59242","1448","685226794","1202572812","2317079033","3260059081"
"16:30:15.446316","1500","47.74.8.123","80","100.64.0.5","59242","1448","685228242","1202572812","2317079046","3260059093"
"16:30:15.458405","1500","47.74.8.123","80","100.64.0.5","59242","1448","685229690","1202572812","2317079071","3260059118"
"16:30:15.470241","1500","47.74.8.123","80","100.64.0.5","59242","1448","685231138","1202572812","2317079083","3260059129"
"16:30:15.482329","1500","47.74.8.123","80","100.64.0.5","59242","1448","685232586","1202572812","2317079107","3260059153"
"16:30:15.494414","1500","47.74.8.123","80","100.64.0.5","59242","1448","685234034","1202572812","2317079119","3260059165"
"16:30:15.506497","1500","47.74.8.123","80","100.64.0.5","59242","1448","685235482","1202572812","2317079142","3260059189"
"16:30:15.518748","1500","47.74.8.123","80","100.64.0.5","59242","1448","685089234","1202572812","2317079154","3260059201"
"16:30:15.530843","1500","47.74.8.123","80","100.64.0.5","59242","1448","685236930","1202572812","2317079166","3260059214"
"16:30:15.542932","1500","47.74.8.123","80","100.64.0.5","59242","1448","685238378","1202572812","2317079190","3260059237"
"16:30:15.554827","1500","47.74.8.123","80","100.64.0.5","59242","1448","685239826","1202572812","2317079202","3260059249"
"16:30:15.566901","1500","47.74.8.123","80","100.64.0.5","59242","1448","685241274","1202572812","2317079227","3260059273"
"16:30:15.578163","1500","47.74.8.123","80","100.64.0.5","59242","1448","685242722","1202572812","2317079239","3260059285"
"16:30:15.590307","1500","47.74.8.123","80","100.64.0.5","59242","1448","685244170","1202572812","2317079263","3260059309"
"16:30:15.602308","1500","47.74.8.123","80","100.64.0.5","59242","1448","685245618","1202572812","2317079275","3260059321"
"16:30:15.615220","1500","47.74.8.123","80","100.64.0.5","59242","1448","685247066","1202572812","2317079298","3260059345"
"16:30:15.627311","1500","47.74.8.123","80","100.64.0.5","59242","1448","685248514","1202572812","2317079311","3260059359"
"16:30:15.639416","1500","47.74.8.123","80","100.64.0.5","59242","1448","685249962","1202572812","2317079335","3260059382"
"16:30:15.651500","1500","47.74.8.123","80","100.64.0.5","59242","1448","685251410","1202572812","2317079347","3260059394"
"16:30:15.663765","1500","47.74.8.123","80","100.64.0.5","59242","1448","685252858","1202572812","2317079372","3260059418"
"16:30:15.675858","1500","47.74.8.123","80","100.64.0.5","59242","1448","685254306","1202572812","2317079384","3260059430"
"16:30:15.699810","1500","47.74.8.123","80","100.64.0.5","59242","1448","685255754","1202572812","2317079407","3260059454"
"16:30:15.711873","1500","47.74.8.123","80","100.64.0.5","59242","1448","685257202","1202572812","2317079420","3260059466"
"16:30:15.735312","1500","47.74.8.123","80","100.64.0.5","59242","1448","685258650","1202572812","2317079443","3260059490"
"16:30:15.747430","1500","47.74.8.123","80","100.64.0.5","59242","1448","685260098","1202572812","2317079455","3260059502"
"16:30:15.783396","1500","47.74.8.123","80","100.64.0.5","59242","1448","685092130","1202572812","2317079492","3260059539"
"16:30:15.795495","1500","47.74.8.123","80","100.64.0.5","59242","1448","685261546","1202572812","2317079503","3260059551"
"16:30:15.807269","1500","47.74.8.123","80","100.64.0.5","59242","1448","685262994","1202572812","2317079517","3260059563"
"16:30:15.819972","1500","47.74.8.123","80","100.64.0.5","59242","1448","685264442","1202572812","2317079528","3260059574"
"16:30:15.832011","1500","47.74.8.123","80","100.64.0.5","59242","1448","685265890","1202572812","2317079540","3260059586"
"16:30:15.843101","1500","47.74.8.123","80","100.64.0.5","59242","1448","685267338","1202572812","2317079551","3260059598"
"16:30:15.855898","1500","47.74.8.123","80","100.64.0.5","59242","1448","685268786","1202572812","2317079565","3260059611"
"16:30:15.868981","1500","47.74.8.123","80","100.64.0.5","59242","1448","685270234","1202572812","2317079576","3260059623"
"16:30:15.881062","1500","47.74.8.123","80","100.64.0.5","59242","1448","685271682","1202572812","2317079588","3260059635"
"16:30:15.892372","1500","47.74.8.123","80","100.64.0.5","59242","1448","685273130","1202572812","2317079601","3260059647"
"16:30:15.904458","1500","47.74.8.123","80","100.64.0.5","59242","1448","685274578","1202572812","2317079613","3260059660"
"16:30:15.916554","1500","47.74.8.123","80","100.64.0.5","59242","1448","685276026","1202572812","2317079625","3260059672"
"16:30:15.940487","1500","47.74.8.123","80","100.64.0.5","59242","1448","685277474","1202572812","2317079649","3260059696"
"16:30:15.952553","1500","47.74.8.123","80","100.64.0.5","59242","1448","685278922","1202572812","2317079662","3260059708"
"16:30:15.976925","1500","47.74.8.123","80","100.64.0.5","59242","1448","685280370","1202572812","2317079684","3260059731"
"16:30:15.989009","1500","47.74.8.123","80","100.64.0.5","59242","1448","685281818","1202572812","2317079696","3260059743"
"16:30:16.025019","1500","47.74.8.123","80","100.64.0.5","59242","1448","685095026","1202572812","2317079732","3260059779"
"16:30:16.036129","1500","47.74.8.123","80","100.64.0.5","59242","1448","685283266","1202572812","2317079732","3260059779"
"16:30:16.048384","1500","47.74.8.123","80","100.64.0.5","59242","1448","685284714","1202572812","2317079744","3260059791"
"16:30:16.060473","1500","47.74.8.123","80","100.64.0.5","59242","1448","685286162","1202572812","2317079756","3260059803"
"16:30:16.072562","1500","47.74.8.123","80","100.64.0.5","59242","1448","685287610","1202572812","2317079770","3260059816"
"16:30:16.084682","1500","47.74.8.123","80","100.64.0.5","59242","1448","685289058","1202572812","2317079781","3260059828"
"16:30:16.096539","1500","47.74.8.123","80","100.64.0.5","59242","1448","685290506","1202572812","2317079793","3260059839"
"16:30:16.108874","1500","47.74.8.123","80","100.64.0.5","59242","1448","685291954","1202572812","2317079806","3260059852"
"16:30:16.121671","1500","47.74.8.123","80","100.64.0.5","59242","1448","685293402","1202572812","2317079818","3260059865"
"16:30:16.146069","1500","47.74.8.123","80","100.64.0.5","59242","1448","685294850","1202572812","2317079830","3260059877"
"16:30:16.157182","1500","47.74.8.123","80","100.64.0.5","59242","1448","685296298","1202572812","2317079841","3260059888"
"16:30:16.169264","1500","47.74.8.123","80","100.64.0.5","59242","1448","685297746","1202572812","2317079853","3260059900"
"16:30:16.181506","1500","47.74.8.123","80","100.64.0.5","59242","1448","685299194","1202572812","2317079865","3260059912"
"16:30:16.193131","1500","47.74.8.123","80","100.64.0.5","59242","1448","685300642","1202572812","2317079889","3260059936"
"16:30:16.205215","1500","47.74.8.123","80","100.64.0.5","59242","1448","685302090","1202572812","2317079901","3260059948"
"16:30:16.217564","1500","47.74.8.123","80","100.64.0.5","59242","1448","685303538","1202572812","2317079927","3260059973"
"16:30:16.229663","1500","47.74.8.123","80","100.64.0.5","59242","1448","685304986","1202572812","2317079938","3260059985"
"16:30:16.265577","1500","47.74.8.123","80","100.64.0.5","59242","1448","685097922","1202572812","2317079973","3260060021"
"16:30:16.277916","1500","47.74.8.123","80","100.64.0.5","59242","1448","685306434","1202572812","2317079973","3260060021"
"16:30:16.289062","1500","47.74.8.123","80","100.64.0.5","59242","1448","685307882","1202572812","2317079986","3260060032"
"16:30:16.301067","1500","47.74.8.123","80","100.64.0.5","59242","1448","685309330","1202572812","2317079998","3260060044"
"16:30:16.313162","1500","47.74.8.123","80","100.64.0.5","59242","1448","685310778","1202572812","2317080009","3260060056"
"16:30:16.325248","1500","47.74.8.123","80","100.64.0.5","59242","1448","685312226","1202572812","2317080021","3260060068"
"16:30:16.337139","1500","47.74.8.123","80","100.64.0.5","59242","1448","685313674","1202572812","2317080033","3260060080"
"16:30:16.349432","1500","47.74.8.123","80","100.64.0.5","59242","1448","685315122","1202572812","2317080046","3260060092"
"16:30:16.362538","1500","47.74.8.123","80","100.64.0.5","59242","1448","685316570","1202572812","2317080058","3260060105"
"16:30:16.374632","1500","47.74.8.123","80","100.64.0.5","59242","1448","685318018","1202572812","2317080070","3260060117"
"16:30:16.386595","1500","47.74.8.123","80","100.64.0.5","59242","1448","685319466","1202572812","2317080095","3260060142"
"16:30:16.398656","1500","47.74.8.123","80","100.64.0.5","59242","1448","685320914","1202572812","2317080107","3260060153"
"16:30:16.410731","1500","47.74.8.123","80","100.64.0.5","59242","1448","685322362","1202572812","2317080119","3260060165"
"16:30:16.422967","1500","47.74.8.123","80","100.64.0.5","59242","1448","685323810","1202572812","2317080131","3260060177"
"16:30:16.434235","1500","47.74.8.123","80","100.64.0.5","59242","1448","685325258","1202572812","2317080142","3260060189"
"16:30:16.446104","1500","47.74.8.123","80","100.64.0.5","59242","1448","685326706","1202572812","2317080154","3260060201"
"16:30:16.459035","1500","47.74.8.123","80","100.64.0.5","59242","1448","685328154","1202572812","2317080166","3260060213"
"16:30:16.470125","1500","47.74.8.123","80","100.64.0.5","59242","1448","685329602","1202572812","2317080178","3260060225"
"16:30:16.506697","1500","47.74.8.123","80","100.64.0.5","59242","1448","685100818","1202572812","2317080215","3260060261"
"16:30:16.518420","1500","47.74.8.123","80","100.64.0.5","59242","1448","685331050","1202572812","2317080215","3260060261"
"16:30:16.530503","1500","47.74.8.123","80","100.64.0.5","59242","1448","685332498","1202572812","2317080228","3260060274"
"16:30:16.542579","1500","47.74.8.123","80","100.64.0.5","59242","1448","685333946","1202572812","2317080239","3260060285"
"16:30:16.554664","1500","47.74.8.123","80","100.64.0.5","59242","1448","685335394","1202572812","2317080251","3260060297"
"16:30:16.566069","1500","47.74.8.123","80","100.64.0.5","59242","1448","685336842","1202572812","2317080263","3260060309"
"16:30:16.578182","1500","47.74.8.123","80","100.64.0.5","59242","1448","685338290","1202572812","2317080275","3260060321"
"16:30:16.590873","1500","47.74.8.123","80","100.64.0.5","59242","1448","685339738","1202572812","2317080286","3260060333"
"16:30:16.603009","1500","47.74.8.123","80","100.64.0.5","59242","1448","685341186","1202572812","2317080298","3260060345"
"16:30:16.615913","1500","47.74.8.123","80","100.64.0.5","59242","1448","685342634","1202572812","2317080311","3260060358"
"16:30:16.628006","1500","47.74.8.123","80","100.64.0.5","59242","1448","685344082","1202572812","2317080323","3260060370"
"16:30:16.639103","1500","47.74.8.123","80","100.64.0.5","59242","1448","685345530","1202572812","2317080335","3260060382"
"16:30:16.651139","1500","47.74.8.123","80","100.64.0.5","59242","1448","685346978","1202572812","2317080347","3260060394"
"16:30:16.663395","1500","47.74.8.123","80","100.64.0.5","59242","1448","685348426","1202572812","2317080359","3260060406"
"16:30:16.675253","1500","47.74.8.123","80","100.64.0.5","59242","1448","685349874","1202572812","2317080372","3260060419"
"16:30:16.687359","1500","47.74.8.123","80","100.64.0.5","59242","1448","685351322","1202572812","2317080383","3260060430"
"16:30:16.699481","1500","47.74.8.123","80","100.64.0.5","59242","1448","685352770","1202572812","2317080396","3260060442"
"16:30:16.711593","1500","47.74.8.123","80","100.64.0.5","59242","1448","685354218","1202572812","2317080408","3260060455"
"16:30:16.723677","1500","47.74.8.123","80","100.64.0.5","59242","1448","685355666","1202572812","2317080420","3260060466"
"16:30:16.747766","1500","47.74.8.123","80","100.64.0.5","59242","1448","685103714","1202572812","2317080455","3260060502"
"16:30:16.759816","1500","47.74.8.123","80","100.64.0.5","59242","1448","685357114","1202572812","2317080455","3260060502"
"16:30:16.771902","1500","47.74.8.123","80","100.64.0.5","59242","1448","685358562","1202572812","2317080467","3260060514"
"16:30:16.784030","1500","47.74.8.123","80","100.64.0.5","59242","1448","685360010","1202572812","2317080479","3260060526"
"16:30:16.795040","1500","47.74.8.123","80","100.64.0.5","59242","1448","685361458","1202572812","2317080491","3260060538"
"16:30:16.807091","1500","47.74.8.123","80","100.64.0.5","59242","1448","685362906","1202572812","2317080503","3260060550"
"16:30:16.819171","1500","47.74.8.123","80","100.64.0.5","59242","1448","685364354","1202572812","2317080515","3260060562"
"16:30:16.831294","1500","47.74.8.123","80","100.64.0.5","59242","1448","685365802","1202572812","2317080528","3260060574"
"16:30:16.843393","1500","47.74.8.123","80","100.64.0.5","59242","1448","685367250","1202572812","2317080540","3260060587"
"16:30:16.855449","1500","47.74.8.123","80","100.64.0.5","59242","1448","685368698","1202572812","2317080551","3260060599"
"16:30:16.868532","1500","47.74.8.123","80","100.64.0.5","59242","1448","685370146","1202572812","2317080566","3260060612"
"16:30:16.880620","1500","47.74.8.123","80","100.64.0.5","59242","1448","685371594","1202572812","2317080577","3260060624"
"16:30:16.892681","1500","47.74.8.123","80","100.64.0.5","59242","1448","685373042","1202572812","2317080589","3260060635"
"16:30:16.904895","1500","47.74.8.123","80","100.64.0.5","59242","1448","685374490","1202572812","2317080601","3260060647"
"16:30:16.916988","1500","47.74.8.123","80","100.64.0.5","59242","1448","685375938","1202572812","2317080613","3260060659"
"16:30:16.928097","1500","47.74.8.123","80","100.64.0.5","59242","1448","685377386","1202572812","2317080625","3260060671"
"16:30:16.940185","1500","47.74.8.123","80","100.64.0.5","59242","1448","685378834","1202572812","2317080636","3260060683"
"16:30:16.988188","1500","47.74.8.123","80","100.64.0.5","59242","1448","685106610","1202572812","2317080696","3260060744"
"16:30:17.000278","1500","47.74.8.123","80","100.64.0.5","59242","1448","685380282","1202572812","2317080696","3260060744"
"16:30:17.012364","1500","47.74.8.123","80","100.64.0.5","59242","1448","685381730","1202572812","2317080696","3260060744"
"16:30:17.024446","1500","47.74.8.123","80","100.64.0.5","59242","1448","685383178","1202572812","2317080696","3260060744"
"16:30:17.036526","1500","47.74.8.123","80","100.64.0.5","59242","1448","685384626","1202572812","2317080696","3260060744"
"16:30:17.229233","1500","47.74.8.123","80","100.64.0.5","59242","1448","685109506","1202572812","2317080938","3260060984"
"16:30:17.241333","1500","47.74.8.123","80","100.64.0.5","59242","1448","685386074","1202572812","2317080938","3260060984"
"16:30:17.253419","1500","47.74.8.123","80","100.64.0.5","59242","1448","685387522","1202572812","2317080938","3260060984"
"16:30:17.265506","1500","47.74.8.123","80","100.64.0.5","59242","1448","685388970","1202572812","2317080938","3260060984"
"16:30:17.277590","1500","47.74.8.123","80","100.64.0.5","59242","1448","685390418","1202572812","2317080938","3260060984"
"16:30:17.470411","1500","47.74.8.123","80","100.64.0.5","59242","1448","685112402","1202572812","2317081179","3260061225"
"16:30:17.482509","1500","47.74.8.123","80","100.64.0.5","59242","1448","685391866","1202572812","2317081179","3260061225"
"16:30:17.494595","1500","47.74.8.123","80","100.64.0.5","59242","1448","685393314","1202572812","2317081179","3260061225"
"16:30:17.506678","1500","47.74.8.123","80","100.64.0.5","59242","1448","685394762","1202572812","2317081179","3260061225"
"16:30:17.518756","1500","47.74.8.123","80","100.64.0.5","59242","1448","685396210","1202572812","2317081179","3260061225"
"16:30:17.711487","1500","47.74.8.123","80","100.64.0.5","59242","1448","685115298","1202572812","2317081420","3260061466"
"16:30:17.723590","1500","47.74.8.123","80","100.64.0.5","59242","1448","685397658","1202572812","2317081420","3260061466"
"16:30:17.735681","1500","47.74.8.123","80","100.64.0.5","59242","1448","685399106","1202572812","2317081420","3260061466"
"16:30:17.747763","1500","47.74.8.123","80","100.64.0.5","59242","1448","685400554","1202572812","2317081420","3260061466"
"16:30:17.759842","1500","47.74.8.123","80","100.64.0.5","59242","1448","685402002","1202572812","2317081420","3260061466"
"16:30:17.952567","1500","47.74.8.123","80","100.64.0.5","59242","1448","685118194","1202572812","2317081661","3260061707"
"16:30:17.964665","1500","47.74.8.123","80","100.64.0.5","59242","1448","685403450","1202572812","2317081661","3260061707"
"16:30:17.976745","1500","47.74.8.123","80","100.64.0.5","59242","1448","685404898","1202572812","2317081661","3260061707"
"16:30:17.988825","1500","47.74.8.123","80","100.64.0.5","59242","1448","685406346","1202572812","2317081661","3260061707"
"16:30:18.000903","1500","47.74.8.123","80","100.64.0.5","59242","1448","685407794","1202572812","2317081661","3260061707"
"16:30:18.193562","1500","47.74.8.123","80","100.64.0.5","59242","1448","685121090","1202572812","2317081901","3260061948"
"16:30:18.205660","1500","47.74.8.123","80","100.64.0.5","59242","1448","685409242","1202572812","2317081901","3260061948"
"16:30:18.217743","1500","47.74.8.123","80","100.64.0.5","59242","1448","685410690","1202572812","2317081901","3260061948"
"16:30:18.229823","1500","47.74.8.123","80","100.64.0.5","59242","1448","685412138","1202572812","2317081901","3260061948"
"16:30:18.241901","1500","47.74.8.123","80","100.64.0.5","59242","1448","685413586","1202572812","2317081901","3260061948"
"16:30:18.434618","1500","47.74.8.123","80","100.64.0.5","59242","1448","685123986","1202572812","2317082142","3260062189"
"16:30:18.446716","1500","47.74.8.123","80","100.64.0.5","59242","1448","685415034","1202572812","2317082142","3260062189"
"16:30:18.458807","1500","47.74.8.123","80","100.64.0.5","59242","1448","685416482","1202572812","2317082142","3260062189"
"16:30:18.470894","1500","47.74.8.123","80","100.64.0.5","59242","1448","685417930","1202572812","2317082142","3260062189"
"16:30:18.482978","1500","47.74.8.123","80","100.64.0.5","59242","1448","685419378","1202572812","2317082142","3260062189"
"16:30:18.675767","1500","47.74.8.123","80","100.64.0.5","59242","1448","685126882","1202572812","2317082383","3260062430"
"16:30:18.687871","1500","47.74.8.123","80","100.64.0.5","59242","1448","685420826","1202572812","2317082383","3260062430"
"16:30:18.699957","1500","47.74.8.123","80","100.64.0.5","59242","1448","685422274","1202572812","2317082383","3260062430"
"16:30:18.712039","1500","47.74.8.123","80","100.64.0.5","59242","1448","685423722","1202572812","2317082383","3260062430"
"16:30:18.723118","1500","47.74.8.123","80","100.64.0.5","59242","1448","685425170","1202572812","2317082383","3260062430"
"16:30:18.735203","476","47.74.8.123","80","100.64.0.5","59242","424","685426618","1202572812","2317082383","3260062430"
"16:30:18.916913","1500","47.74.8.123","80","100.64.0.5","59242","1448","685129778","1202572812","2317082624","3260062672"
"16:30:18.929013","1500","47.74.8.123","80","100.64.0.5","59242","1448","685427042","1202572812","2317082624","3260062672"
"16:30:18.940099","1500","47.74.8.123","80","100.64.0.5","59242","1448","685428490","1202572812","2317082624","3260062672"
"16:30:18.952179","1500","47.74.8.123","80","100.64.0.5","59242","1448","685429938","1202572812","2317082624","3260062672"
"16:30:18.964258","1500","47.74.8.123","80","100.64.0.5","59242","1448","685431386","1202572812","2317082624","3260062672"
"16:30:19.157847","1500","47.74.8.123","80","100.64.0.5","59242","1448","685135570","1202572812","2317082866","3260062913"
"16:30:19.169979","1500","47.74.8.123","80","100.64.0.5","59242","1448","685432834","1202572812","2317082866","3260062913"
"16:30:19.182063","1500","47.74.8.123","80","100.64.0.5","59242","1448","685434282","1202572812","2317082866","3260062913"
"16:30:19.193152","1500","47.74.8.123","80","100.64.0.5","59242","1448","685435730","1202572812","2317082866","3260062913"
"16:30:19.205231","1500","47.74.8.123","80","100.64.0.5","59242","1448","685437178","1202572812","2317082877","3260062925"
"16:30:19.398790","1500","47.74.8.123","80","100.64.0.5","59242","1448","685137018","1202572812","2317083107","3260063154"
"16:30:19.639477","1500","47.74.8.123","80","100.64.0.5","59242","1448","685138466","1202572812","2317083348","3260063395"
"16:30:19.880186","1500","47.74.8.123","80","100.64.0.5","59242","1448","685141362","1202572812","2317083589","3260063635"
"16:30:20.121874","1500","47.74.8.123","80","100.64.0.5","59242","1448","685144258","1202572812","2317083829","3260063876"
"16:30:20.133970","1500","47.74.8.123","80","100.64.0.5","59242","1448","685438626","1202572812","2317083829","3260063876"
"16:30:20.362613","1500","47.74.8.123","80","100.64.0.5","59242","1448","685147154","1202572812","2317084071","3260064118"
"16:30:20.374714","1500","47.74.8.123","80","100.64.0.5","59242","1448","685440074","1202572812","2317084071","3260064118"
"16:30:20.386802","1500","47.74.8.123","80","100.64.0.5","59242","1448","685441522","1202572812","2317084071","3260064118"
"16:30:20.398886","1500","47.74.8.123","80","100.64.0.5","59242","1448","685442970","1202572812","2317084071","3260064118"
"16:30:20.410966","1500","47.74.8.123","80","100.64.0.5","59242","1448","685444418","1202572812","2317084082","3260064130"
"16:30:20.602589","1500","47.74.8.123","80","100.64.0.5","59242","1448","685150050","1202572812","2317084311","3260064358"
"16:30:20.615651","1500","47.74.8.123","80","100.64.0.5","59242","1448","685445866","1202572812","2317084311","3260064358"
"16:30:20.627736","1500","47.74.8.123","80","100.64.0.5","59242","1448","685447314","1202572812","2317084323","3260064370"
"16:30:20.843386","1500","47.74.8.123","80","100.64.0.5","59242","1448","685152946","1202572812","2317084552","3260064598"
"16:30:21.084090","1500","47.74.8.123","80","100.64.0.5","59242","1448","685155842","1202572812","2317084793","3260064839"
"16:30:21.325789","1500","47.74.8.123","80","100.64.0.5","59242","1448","685158738","1202572812","2317085033","3260065080"
"16:30:21.337900","1500","47.74.8.123","80","100.64.0.5","59242","1448","685448762","1202572812","2317085033","3260065080"
"16:30:21.349996","1500","47.74.8.123","80","100.64.0.5","59242","1448","685450210","1202572812","2317085033","3260065080"
"16:30:21.566625","1500","47.74.8.123","80","100.64.0.5","59242","1448","685163082","1202572812","2317085274","3260065322"
"16:30:21.807259","1500","47.74.8.123","80","100.64.0.5","59242","1448","685165978","1202572812","2317085516","3260065562"
"16:30:22.048919","1500","47.74.8.123","80","100.64.0.5","59242","1448","685168874","1202572812","2317085756","3260065803"
"16:30:22.289929","1500","47.74.8.123","80","100.64.0.5","59242","1448","685171770","1202572812","2317085998","3260066045"
"16:30:22.530697","1500","47.74.8.123","80","100.64.0.5","59242","1448","685174666","1202572812","2317086238","3260066286"
"16:30:22.771455","1500","47.74.8.123","80","100.64.0.5","59242","1448","685177562","1202572812","2317086480","3260066526"
"16:30:23.012191","1500","47.74.8.123","80","100.64.0.5","59242","1448","685180458","1202572812","2317086721","3260066767"
"16:30:23.253884","1500","47.74.8.123","80","100.64.0.5","59242","1448","685183354","1202572812","2317086961","3260067008"
"16:30:23.494920","1500","47.74.8.123","80","100.64.0.5","59242","1448","685186250","1202572812","2317087203","3260067250"
"16:30:23.735836","1500","47.74.8.123","80","100.64.0.5","59242","1448","685189146","1202572812","2317087443","3260067491"
"16:30:23.976604","1500","47.74.8.123","80","100.64.0.5","59242","1448","685192042","1202572812","2317087685","3260067732"
"16:30:24.217242","1500","47.74.8.123","80","100.64.0.5","59242","1448","685194938","1202572812","2317087926","3260067972"
"16:30:24.458925","1500","47.74.8.123","80","100.64.0.5","59242","1448","685197834","1202572812","2317088166","3260068213"
"16:30:24.699774","278","47.74.8.123","80","100.64.0.5","59242","226","685451658","1202572812","2317088407","3260068455"
"16:30:24.940566","52","47.74.8.123","80","100.64.0.5","59242","0","685451884","1202572958","2317088649","3260068697"
"16:30:24.952646","1500","47.74.8.123","80","100.64.0.5","59242","1448","685451884","1202572958","2317088649","3260068697"
"16:30:24.964844","1500","47.74.8.123","80","100.64.0.5","59242","1448","685453332","1202572958","2317088649","3260068697"
"16:30:24.976956","1500","47.74.8.123","80","100.64.0.5","59242","1448","685454780","1202572958","2317088649","3260068697"
"16:30:24.989063","1500","47.74.8.123","80","100.64.0.5","59242","1448","685456228","1202572958","2317088649","3260068697"
"16:30:25.000177","1500","47.74.8.123","80","100.64.0.5","59242","1448","685457676","1202572958","2317088649","3260068697"
"16:30:25.012282","1500","47.74.8.123","80","100.64.0.5","59242","1448","685459124","1202572958","2317088649","3260068697"
"16:30:25.024384","1500","47.74.8.123","80","100.64.0.5","59242","1448","685460572","1202572958","2317088649","3260068697"
"16:30:25.036487","1500","47.74.8.123","80","100.64.0.5","59242","1448","685462020","1202572958","2317088649","3260068697"
"16:30:25.048588","1500","47.74.8.123","80","100.64.0.5","59242","1448","685463468","1202572958","2317088649","3260068697"
"16:30:25.060782","1500","47.74.8.123","80","100.64.0.5","59242","1448","685464916","1202572958","2317088649","3260068697"
"16:30:25.072972","1500","47.74.8.123","80","100.64.0.5","59242","1448","685466364","1202572958","2317088649","3260068697"
"16:30:25.084115","1500","47.74.8.123","80","100.64.0.5","59242","1448","685467812","1202572958","2317088649","3260068697"
"16:30:25.096239","1500","47.74.8.123","80","100.64.0.5","59242","1448","685469260","1202572958","2317088649","3260068697"
"16:30:25.108371","1500","47.74.8.123","80","100.64.0.5","59242","1448","685470708","1202572958","2317088649","3260068697"
"16:30:25.121507","1500","47.74.8.123","80","100.64.0.5","59242","1448","685472156","1202572958","2317088649","3260068697"
"16:30:25.133636","1500","47.74.8.123","80","100.64.0.5","59242","1448","685473604","1202572958","2317088649","3260068697"
"16:30:25.145756","1500","47.74.8.123","80","100.64.0.5","59242","1448","685475052","1202572958","2317088649","3260068697"
"16:30:25.157871","1500","47.74.8.123","80","100.64.0.5","59242","1448","685476500","1202572958","2317088649","3260068697"
"16:30:25.169998","1500","47.74.8.123","80","100.64.0.5","59242","1448","685477948","1202572958","2317088649","3260068697"
"16:30:25.194009","1500","47.74.8.123","80","100.64.0.5","59242","1448","685531524","1202572958","2317088902","3260068948"
"16:30:25.205093","1500","47.74.8.123","80","100.64.0.5","59242","1448","685532972","1202572958","2317088914","3260068961"
"16:30:25.217197","1500","47.74.8.123","80","100.64.0.5","59242","1448","685534420","1202572958","2317088926","3260068973"
"16:30:25.229278","1500","47.74.8.123","80","100.64.0.5","59242","1448","685535868","1202572958","2317088937","3260068985"
"16:30:25.241449","1500","47.74.8.123","80","100.64.0.5","59242","1448","685537316","1202572958","2317088949","3260068996"
"16:30:25.253392","1500","47.74.8.123","80","100.64.0.5","59242","1448","685538764","1202572958","2317088961","3260069008"
"16:30:25.265522","1500","47.74.8.123","80","100.64.0.5","59242","1448","685540212","1202572958","2317088973","3260069020"
"16:30:25.277569","1500","47.74.8.123","80","100.64.0.5","59242","1448","685541660","1202572958","2317088986","3260069032"
"16:30:25.289651","1500","47.74.8.123","80","100.64.0.5","59242","1448","685543108","1202572958","2317088998","3260069044"
"16:30:25.301755","1500","47.74.8.123","80","100.64.0.5","59242","1448","685544556","1202572958","2317089011","3260069057"
"16:30:25.313824","1500","47.74.8.123","80","100.64.0.5","59242","1448","685546004","1202572958","2317089021","3260069069"
"16:30:25.325925","1500","47.74.8.123","80","100.64.0.5","59242","1448","685547452","1202572958","2317089033","3260069080"
"16:30:25.337991","1500","47.74.8.123","80","100.64.0.5","59242","1448","685548900","1202572958","2317089045","3260069092"
"16:30:25.349086","1500","47.74.8.123","80","100.64.0.5","59242","1448","685550348","1202572958","2317089057","3260069104"
"16:30:25.362143","1500","47.74.8.123","80","100.64.0.5","59242","1448","685551796","1202572958","2317089070","3260069117"
"16:30:25.374211","1500","47.74.8.123","80","100.64.0.5","59242","1448","685553244","1202572958","2317089070","3260069117"
"16:30:25.386292","1500","47.74.8.123","80","100.64.0.5","59242","1448","685554692","1202572958","2317089082","3260069129"
"16:30:25.398348","1500","47.74.8.123","80","100.64.0.5","59242","1448","685556140","1202572958","2317089094","3260069142"
"16:30:25.410429","1500","47.74.8.123","80","100.64.0.5","59242","1448","685557588","1202572958","2317089108","3260069154"
"16:30:25.422519","1500","47.74.8.123","80","100.64.0.5","59242","1448","685559036","1202572958","2317089119","3260069166"
"16:30:25.434622","1500","47.74.8.123","80","100.64.0.5","59242","1448","685560484","1202572958","2317089143","3260069190"
"16:30:25.446714","1500","47.74.8.123","80","100.64.0.5","59242","1448","685561932","1202572958","2317089155","3260069201"
"16:30:25.458749","1500","47.74.8.123","80","100.64.0.5","59242","1448","685479396","1202572958","2317089167","3260069213"
"16:30:25.470779","1500","47.74.8.123","80","100.64.0.5","59242","1448","685563380","1202572958","2317089179","3260069225"
"16:30:25.482909","1500","47.74.8.123","80","100.64.0.5","59242","1448","685564828","1202572958","2317089190","3260069237"
"16:30:25.495008","1500","47.74.8.123","80","100.64.0.5","59242","1448","685566276","1202572958","2317089202","3260069249"
"16:30:25.506057","1500","47.74.8.123","80","100.64.0.5","59242","1448","685567724","1202572958","2317089214","3260069261"
"16:30:25.518143","1500","47.74.8.123","80","100.64.0.5","59242","1448","685569172","1202572958","2317089226","3260069273"
"16:30:25.530224","1500","47.74.8.123","80","100.64.0.5","59242","1448","685570620","1202572958","2317089238","3260069285"
"16:30:25.554266","1500","47.74.8.123","80","100.64.0.5","59242","1448","685572068","1202572958","2317089262","3260069310"
"16:30:25.566444","1500","47.74.8.123","80","100.64.0.5","59242","1448","685573516","1202572958","2317089275","3260069322"
"16:30:25.578520","1500","47.74.8.123","80","100.64.0.5","59242","1448","685574964","1202572958","2317089287","3260069334"
"16:30:25.590627","1500","47.74.8.123","80","100.64.0.5","59242","1448","685576412","1202572958","2317089299","3260069345"
"16:30:25.602681","1500","47.74.8.123","80","100.64.0.5","59242","1448","685577860","1202572958","2317089312","3260069358"
"16:30:25.615743","1500","47.74.8.123","80","100.64.0.5","59242","1448","685579308","1202572958","2317089324","3260069370"
"16:30:25.627771","1500","47.74.8.123","80","100.64.0.5","59242","1448","685580756","1202572958","2317089336","3260069382"
"16:30:25.651967","1500","47.74.8.123","80","100.64.0.5","59242","1448","685582204","1202572958","2317089359","3260069406"
"16:30:25.663117","1500","47.74.8.123","80","100.64.0.5","59242","1448","685583652","1202572958","2317089371","3260069418"
"16:30:25.675131","1500","47.74.8.123","80","100.64.0.5","59242","1448","685585100","1202572958","2317089383","3260069430"
"16:30:25.687215","1500","47.74.8.123","80","100.64.0.5","59242","1448","685586548","1202572958","2317089395","3260069442"
"16:30:25.699207","1500","47.74.8.123","80","100.64.0.5","59242","1448","685480844","1202572958","2317089407","3260069454"
"16:30:25.711308","1500","47.74.8.123","80","100.64.0.5","59242","1448","685587996","1202572958","2317089419","3260069467"
"16:30:25.723448","1500","47.74.8.123","80","100.64.0.5","59242","1448","685589444","1202572958","2317089433","3260069479"
"16:30:25.747557","1500","47.74.8.123","80","100.64.0.5","59242","1448","685590892","1202572958","2317089456","3260069502"
"16:30:25.759637","1500","47.74.8.123","80","100.64.0.5","59242","1448","685592340","1202572958","2317089468","3260069514"
"16:30:25.771697","1500","47.74.8.123","80","100.64.0.5","59242","1448","685593788","1202572958","2317089480","3260069526"
"16:30:25.795776","1500","47.74.8.123","80","100.64.0.5","59242","1448","685595236","1202572958","2317089504","3260069550"
"16:30:25.807962","1500","47.74.8.123","80","100.64.0.5","59242","1448","685596684","1202572958","2317089515","3260069562"
"16:30:25.819115","1500","47.74.8.123","80","100.64.0.5","59242","1448","685598132","1202572958","2317089527","3260069574"
"16:30:25.831170","1500","47.74.8.123","80","100.64.0.5","59242","1448","685599580","1202572958","2317089539","3260069586"
"16:30:25.868460","1500","47.74.8.123","80","100.64.0.5","59242","1448","685601028","1202572958","2317089576","3260069624"
"16:30:25.892910","1500","47.74.8.123","80","100.64.0.5","59242","1448","685602476","1202572958","2317089601","3260069648"
"16:30:25.904927","1500","47.74.8.123","80","100.64.0.5","59242","1448","685603924","1202572958","2317089613","3260069659"
"16:30:25.917040","1500","47.74.8.123","80","100.64.0.5","59242","1448","685605372","1202572958","2317089625","3260069671"
"16:30:25.928992","1500","47.74.8.123","80","100.64.0.5","59242","1448","685606820","1202572958","2317089637","3260069683"
"16:30:25.940090","1500","47.74.8.123","80","100.64.0.5","59242","1448","685482292","1202572958","2317089649","3260069695"
"16:30:25.952285","1500","47.74.8.123","80","100.64.0.5","59242","1448","685608268","1202572958","2317089649","3260069695"
"16:30:25.964554","1500","47.74.8.123","80","100.64.0.5","59242","1448","685609716","1202572958","2317089661","3260069707"
"16:30:25.976454","1500","47.74.8.123","80","100.64.0.5","59242","1448","685611164","1202572958","2317089672","3260069719"
"16:30:25.988540","1500","47.74.8.123","80","100.64.0.5","59242","1448","685612612","1202572958","2317089696","3260069743"
"16:30:26.000619","1500","47.74.8.123","80","100.64.0.5","59242","1448","685614060","1202572958","2317089708","3260069755"
"16:30:26.012709","1500","47.74.8.123","80","100.64.0.5","59242","1448","685615508","1202572958","2317089721","3260069767"
"16:30:26.036764","1500","47.74.8.123","80","100.64.0.5","59242","1448","685616956","1202572958","2317089745","3260069792"
"16:30:26.048886","1500","47.74.8.123","80","100.64.0.5","59242","1448","685618404","1202572958","2317089756","3260069804"
"16:30:26.060973","1500","47.74.8.123","80","100.64.0.5","59242","1448","685619852","1202572958","2317089768","3260069815"
"16:30:26.072144","1500","47.74.8.123","80","100.64.0.5","59242","1448","685621300","1202572958","2317089780","3260069827"
"16:30:26.108263","1500","47.74.8.123","80","100.64.0.5","59242","1448","685622748","1202572958","2317089817","3260069864"
"16:30:26.133443","1500","47.74.8.123","80","100.64.0.5","59242","1448","685624196","1202572958","2317089843","3260069889"
"16:30:26.145584","1500","47.74.8.123","80","100.64.0.5","59242","1448","685625644","1202572958","2317089855","3260069901"
"16:30:26.157721","1500","47.74.8.123","80","100.64.0.5","59242","1448","685627092","1202572958","2317089866","3260069913"
"16:30:26.169814","1500","47.74.8.123","80","100.64.0.5","59242","1448","685628540","1202572958","2317089878","3260069925"
"16:30:26.181865","1500","47.74.8.123","80","100.64.0.5","59242","1448","685483740","1202572958","2317089890","3260069936"
"16:30:26.193744","1500","47.74.8.123","80","100.64.0.5","59242","1448","685629988","1202572958","2317089890","3260069936"
"16:30:26.205893","1500","47.74.8.123","80","100.64.0.5","59242","1448","685631436","1202572958","2317089902","3260069948"
"16:30:26.217134","1500","47.74.8.123","80","100.64.0.5","59242","1448","685632884","1202572958","2317089913","3260069960"
"16:30:26.229211","1500","47.74.8.123","80","100.64.0.5","59242","1448","685634332","1202572958","2317089925","3260069972"
"16:30:26.241284","1500","47.74.8.123","80","100.64.0.5","59242","1448","685635780","1202572958","2317089937","3260069984"
"16:30:26.253363","1500","47.74.8.123","80","100.64.0.5","59242","1448","685637228","1202572958","2317089949","3260069996"
"16:30:26.265199","1500","47.74.8.123","80","100.64.0.5","59242","1448","685638676","1202572958","2317089961","3260070008"
"16:30:26.277282","1500","47.74.8.123","80","100.64.0.5","59242","1448","685640124","1202572958","2317089985","3260070033"
"16:30:26.289605","1500","47.74.8.123","80","100.64.0.5","59242","1448","685641572","1202572958","2317089999","3260070045"
"16:30:26.301694","1500","47.74.8.123","80","100.64.0.5","59242","1448","685643020","1202572958","2317090010","3260070057"
"16:30:26.313711","1500","47.74.8.123","80","100.64.0.5","59242","1448","685644468","1202572958","2317090022","3260070068"
"16:30:26.349750","1500","47.74.8.123","80","100.64.0.5","59242","1448","685645916","1202572958","2317090058","3260070104"
"16:30:26.374157","1500","47.74.8.123","80","100.64.0.5","59242","1448","685647364","1202572958","2317090082","3260070129"
"16:30:26.386146","1500","47.74.8.123","80","100.64.0.5","59242","1448","685648812","1202572958","2317090094","3260070141"
"16:30:26.398229","1500","47.74.8.123","80","100.64.0.5","59242","1448","685650260","1202572958","2317090106","3260070153"
"16:30:26.410388","1500","47.74.8.123","80","100.64.0.5","59242","1448","685651708","1202572958","2317090118","3260070166"
"16:30:26.422231","1500","47.74.8.123","80","100.64.0.5","59242","1448","685485188","1202572958","2317090131","3260070178"
"16:30:26.434641","1500","47.74.8.123","80","100.64.0.5","59242","1448","685653156","1202572958","2317090131","3260070178"
"16:30:26.446522","1500","47.74.8.123","80","100.64.0.5","59242","1448","685654604","1202572958","2317090142","3260070189"
"16:30:26.458634","1500","47.74.8.123","80","100.64.0.5","59242","1448","685656052","1202572958","2317090156","3260070202"
"16:30:26.470745","1500","47.74.8.123","80","100.64.0.5","59242","1448","685657500","1202572958","2317090167","3260070213"
"16:30:26.482803","1500","47.74.8.123","80","100.64.0.5","59242","1448","685658948","1202572958","2317090179","3260070225"
"16:30:26.494886","1500","47.74.8.123","80","100.64.0.5","59242","1448","685660396","1202572958","2317090191","3260070237"
"16:30:26.506108","1500","47.74.8.123","80","100.64.0.5","59242","1448","685661844","1202572958","2317090203","3260070249"
"16:30:26.518190","1500","47.74.8.123","80","100.64.0.5","59242","1448","685663292","1202572958","2317090215","3260070261"
"16:30:26.530132","1500","47.74.8.123","80","100.64.0.5","59242","1448","685664740","1202572958","2317090227","3260070273"
"16:30:26.542134","1500","47.74.8.123","80","100.64.0.5","59242","1448","685666188","1202572958","2317090238","3260070285"
"16:30:26.554215","1500","47.74.8.123","80","100.64.0.5","59242","1448","685667636","1202572958","2317090250","3260070297"
"16:30:26.566297","1500","47.74.8.123","80","100.64.0.5","59242","1448","685669084","1202572958","2317090262","3260070309"
"16:30:26.590655","1500","47.74.8.123","80","100.64.0.5","59242","1448","685670532","1202572958","2317090299","3260070346"
"16:30:26.615560","1500","47.74.8.123","80","100.64.0.5","59242","1448","685671980","1202572958","2317090324","3260070370"
"16:30:26.627652","1500","47.74.8.123","80","100.64.0.5","59242","1448","685673428","1202572958","2317090336","3260070382"
"16:30:26.639766","1500","47.74.8.123","80","100.64.0.5","59242","1448","685674876","1202572958","2317090348","3260070394"
"16:30:26.651850","1500","47.74.8.123","80","100.64.0.5","59242","1448","685676324","1202572958","2317090359","3260070406"
"16:30:26.663146","1500","47.74.8.123","80","100.64.0.5","59242","1448","685486636","1202572958","2317090371","3260070418"
"16:30:26.675271","1500","47.74.8.123","80","100.64.0.5","59242","1448","685677772","1202572958","2317090371","3260070418"
"16:30:26.688024","1500","47.74.8.123","80","100.64.0.5","59242","1448","685679220","1202572958","2317090383","3260070430"
"16:30:26.699125","1500","47.74.8.123","80","100.64.0.5","59242","1448","685680668","1202572958","2317090395","3260070442"
"16:30:26.711226","1500","47.74.8.123","80","100.64.0.5","59242","1448","685682116","1202572958","2317090407","3260070454"
"16:30:26.723323","1500","47.74.8.123","80","100.64.0.5","59242","1448","685683564","1202572958","2317090419","3260070466"
"16:30:26.735369","1500","47.74.8.123","80","100.64.0.5","59242","1448","685685012","1202572958","2317090431","3260070479"
"16:30:26.747728","1500","47.74.8.123","80","100.64.0.5","59242","1448","685686460","1202572958","2317090444","3260070491"
"16:30:26.759605","1500","47.74.8.123","80","100.64.0.5","59242","1448","685687908","1202572958","2317090456","3260070502"
"16:30:26.771610","1500","47.74.8.123","80","100.64.0.5","59242","1448","685689356","1202572958","2317090468","3260070514"
"16:30:26.783697","1500","47.74.8.123","80","100.64.0.5","59242","1448","685690804","1202572958","2317090480","3260070526"
"16:30:26.795804","1500","47.74.8.123","80","100.64.0.5","59242","1448","685692252","1202572958","2317090492","3260070538"
"16:30:26.807819","1500","47.74.8.123","80","100.64.0.5","59242","1448","685693700","1202572958","2317090504","3260070550"
"16:30:26.819903","1500","47.74.8.123","80","100.64.0.5","59242","1448","685695148","1202572958","2317090516","3260070562"
"16:30:26.832079","1500","47.74.8.123","80","100.64.0.5","59242","1448","685696596","1202572958","2317090539","3260070586"
"16:30:26.855466","1500","47.74.8.123","80","100.64.0.5","59242","1448","685698044","1202572958","2317090564","3260070611"
"16:30:26.868239","1500","47.74.8.123","80","100.64.0.5","59242","1448","685699492","1202572958","2317090576","3260070623"
"16:30:26.880286","1500","47.74.8.123","80","100.64.0.5","59242","1448","685700940","1202572958","2317090588","3260070636"
"16:30:26.892401","1500","47.74.8.123","80","100.64.0.5","59242","1448","685702388","1202572958","2317090600","3260070648"
"16:30:26.904636","1500","47.74.8.123","80","100.64.0.5","59242","1448","685488084","1202572958","2317090613","3260070659"
"16:30:26.916738","1500","47.74.8.123","80","100.64.0.5","59242","1448","685703836","1202572958","2317090613","3260070659"
"16:30:26.928995","1500","47.74.8.123","80","100.64.0.5","59242","1448","685705284","1202572958","2317090625","3260070671"
"16:30:26.940756","1500","47.74.8.123","80","100.64.0.5","59242","1448","685706732","1202572958","2317090637","3260070684"
"16:30:26.952837","1500","47.74.8.123","80","100.64.0.5","59242","1448","685708180","1202572958","2317090649","3260070695"
"16:30:26.964963","1500","47.74.8.123","80","100.64.0.5","59242","1448","685709628","1202572958","2317090661","3260070707"
"16:30:26.976155","1500","47.74.8.123","80","100.64.0.5","59242","1448","685711076","1202572958","2317090673","3260070719"
"16:30:26.988277","1500","47.74.8.123","80","100.64.0.5","59242","1448","685712524","1202572958","2317090684","3260070731"
"16:30:27.000194","1500","47.74.8.123","80","100.64.0.5","59242","1448","685713972","1202572958","2317090696","3260070743"
"16:30:27.012231","1500","47.74.8.123","80","100.64.0.5","59242","1448","685715420","1202572958","2317090708","3260070755"
"16:30:27.024325","1500","47.74.8.123","80","100.64.0.5","59242","1448","685716868","1202572958","2317090721","3260070767"
"16:30:27.036407","1500","47.74.8.123","80","100.64.0.5","59242","1448","685718316","1202572958","2317090732","3260070779"
"16:30:27.048642","1500","47.74.8.123","80","100.64.0.5","59242","1448","685719764","1202572958","2317090744","3260070792"
"16:30:27.060742","1500","47.74.8.123","80","100.64.0.5","59242","1448","685721212","1202572958","2317090757","3260070804"
"16:30:27.072646","1500","47.74.8.123","80","100.64.0.5","59242","1448","685722660","1202572958","2317090770","3260070816"
"16:30:27.084761","1500","47.74.8.123","80","100.64.0.5","59242","1448","685724108","1202572958","2317090781","3260070828"
"16:30:27.096757","1500","47.74.8.123","80","100.64.0.5","59242","1448","685725556","1202572958","2317090805","3260070851"
"16:30:27.108843","1500","47.74.8.123","80","100.64.0.5","59242","1448","685727004","1202572958","2317090818","3260070864"
"16:30:27.121103","1500","47.74.8.123","80","100.64.0.5","59242","1448","685728452","1202572958","2317090829","3260070876"
"16:30:27.133185","1500","47.74.8.123","80","100.64.0.5","59242","1448","685729900","1202572958","2317090841","3260070888"
"16:30:27.145118","1500","47.74.8.123","80","100.64.0.5","59242","1448","685489532","1202572958","2317090853","3260070900"
"16:30:27.157142","1500","47.74.8.123","80","100.64.0.5","59242","1448","685731348","1202572958","2317090853","3260070900"
"16:30:27.169224","1500","47.74.8.123","80","100.64.0.5","59242","1448","685732796","1202572958","2317090865","3260070912"
"16:30:27.181308","1500","47.74.8.123","80","100.64.0.5","59242","1448","685734244","1202572958","2317090877","3260070925"
"16:30:27.193547","1500","47.74.8.123","80","100.64.0.5","59242","1448","685735692","1202572958","2317090889","3260070937"
"16:30:27.205533","1500","47.74.8.123","80","100.64.0.5","59242","1448","685737140","1202572958","2317090901","3260070949"
"16:30:27.217521","1500","47.74.8.123","80","100.64.0.5","59242","1448","685738588","1202572958","2317090915","3260070961"
"16:30:27.229603","1500","47.74.8.123","80","100.64.0.5","59242","1448","685740036","1202572958","2317090926","3260070972"
"16:30:27.241653","1500","47.74.8.123","80","100.64.0.5","59242","1448","685741484","1202572958","2317090938","3260070984"
"16:30:27.253772","1500","47.74.8.123","80","100.64.0.5","59242","1448","685742932","1202572958","2317090950","3260070996"
"16:30:27.265910","1500","47.74.8.123","80","100.64.0.5","59242","1448","685744380","1202572958","2317090962","3260071008"
"16:30:27.277921","1500","47.74.8.123","80","100.64.0.5","59242","1448","685745828","1202572958","2317090974","3260071020"
"16:30:27.290042","1500","47.74.8.123","80","100.64.0.5","59242","1448","685747276","1202572958","2317090985","3260071032"
"16:30:27.301159","1500","47.74.8.123","80","100.64.0.5","59242","1448","685748724","1202572958","2317090997","3260071044"
"16:30:27.313127","1500","47.74.8.123","80","100.64.0.5","59242","1448","685750172","1202572958","2317091009","3260071056"
"16:30:27.325211","1500","47.74.8.123","80","100.64.0.5","59242","1448","685751620","1202572958","2317091021","3260071068"
"16:30:27.337360","1500","47.74.8.123","80","100.64.0.5","59242","1448","685753068","1202572958","2317091033","3260071081"
"16:30:27.349472","1500","47.74.8.123","80","100.64.0.5","59242","1448","685754516","1202572958","2317091045","3260071093"
"16:30:27.362542","1500","47.74.8.123","80","100.64.0.5","59242","1448","685755964","1202572958","2317091058","3260071105"
"16:30:27.374550","1500","47.74.8.123","80","100.64.0.5","59242","1448","685757412","1202572958","2317091071","3260071117"
"16:30:27.386589","1500","47.74.8.123","80","100.64.0.5","59242","1448","685758860","1202572958","2317091083","3260071129"
"16:30:27.398682","1500","47.74.8.123","80","100.64.0.5","59242","1448","685490980","1202572958","2317091095","3260071141"
"16:30:27.410844","1500","47.74.8.123","80","100.64.0.5","59242","1448","685760308","1202572958","2317091095","3260071141"
"16:30:27.422948","1500","47.74.8.123","80","100.64.0.5","59242","1448","685761756","1202572958","2317091107","3260071153"
"16:30:27.434939","1500","47.74.8.123","80","100.64.0.5","59242","1448","685763204","1202572958","2317091119","3260071165"
"16:30:27.447015","1500","47.74.8.123","80","100.64.0.5","59242","1448","685764652","1202572958","2317091130","3260071177"
"16:30:27.458121","1500","47.74.8.123","80","100.64.0.5","59242","1448","685766100","1202572958","2317091142","3260071189"
"16:30:27.470182","1500","47.74.8.123","80","100.64.0.5","59242","1448","685767548","1202572958","2317091154","3260071201"
"16:30:27.482275","1500","47.74.8.123","80","100.64.0.5","59242","1448","685768996","1202572958","2317091166","3260071213"
"16:30:27.494360","1500","47.74.8.123","80","100.64.0.5","59242","1448","685770444","1202572958","2317091178","3260071225"
"16:30:27.506355","1500","47.74.8.123","80","100.64.0.5","59242","1448","685771892","1202572958","2317091190","3260071237"
"16:30:27.518474","1500","47.74.8.123","80","100.64.0.5","59242","1448","685773340","1202572958","2317091202","3260071250"
"16:30:27.530596","1500","47.74.8.123","80","100.64.0.5","59242","1448","685774788","1202572958","2317091216","3260071262"
"16:30:27.542702","1500","47.74.8.123","80","100.64.0.5","59242","1448","685776236","1202572958","2317091228","3260071274"
"16:30:27.554805","1500","47.74.8.123","80","100.64.0.5","59242","1448","685777684","1202572958","2317091239","3260071286"
"16:30:27.566718","1500","47.74.8.123","80","100.64.0.5","59242","1448","685779132","1202572958","2317091251","3260071297"
"16:30:27.578825","1500","47.74.8.123","80","100.64.0.5","59242","1448","685780580","1202572958","2317091263","3260071309"
"16:30:27.590938","1500","47.74.8.123","80","100.64.0.5","59242","1448","685782028","1202572958","2317091275","3260071321"
"16:30:27.602151","1500","47.74.8.123","80","100.64.0.5","59242","1448","685783476","1202572958","2317091286","3260071333"
"16:30:27.615250","1500","47.74.8.123","80","100.64.0.5","59242","1448","685784924","1202572958","2317091298","3260071345"
"16:30:27.627165","1500","47.74.8.123","80","100.64.0.5","59242","1448","685786372","1202572958","2317091311","3260071358"
"16:30:27.639248","1500","47.74.8.123","80","100.64.0.5","59242","1448","685787820","1202572958","2317091323","3260071370"
"16:30:27.651352","1500","47.74.8.123","80","100.64.0.5","59242","1448","685789268","1202572958","2317091335","3260071382"
"16:30:27.663458","1500","47.74.8.123","80","100.64.0.5","59242","1448","685492428","1202572958","2317091347","3260071394"
"16:30:27.675624","1500","47.74.8.123","80","100.64.0.5","59242","1448","685790716","1202572958","2317091347","3260071394"
"16:30:27.687749","1500","47.74.8.123","80","100.64.0.5","59242","1448","685792164","1202572958","2317091359","3260071407"
"16:30:27.699657","1500","47.74.8.123","80","100.64.0.5","59242","1448","685793612","1202572958","2317091372","3260071419"
"16:30:27.711724","1500","47.74.8.123","80","100.64.0.5","59242","1448","685795060","1202572958","2317091385","3260071431"
"16:30:27.723841","1500","47.74.8.123","80","100.64.0.5","59242","1448","685796508","1202572958","2317091396","3260071443"
"16:30:27.736018","1500","47.74.8.123","80","100.64.0.5","59242","1448","685797956","1202572958","2317091408","3260071454"
"16:30:27.747121","1500","47.74.8.123","80","100.64.0.5","59242","1448","685799404","1202572958","2317091420","3260071466"
"16:30:27.759259","1500","47.74.8.123","80","100.64.0.5","59242","1448","685800852","1202572958","2317091432","3260071478"
"16:30:27.771077","1500","47.74.8.123","80","100.64.0.5","59242","1448","685802300","1202572958","2317091444","3260071490"
"16:30:27.783159","1500","47.74.8.123","80","100.64.0.5","59242","1448","685803748","1202572958","2317091455","3260071502"
"16:30:27.795240","1500","47.74.8.123","80","100.64.0.5","59242","1448","685805196","1202572958","2317091467","3260071514"
"16:30:27.807509","1500","47.74.8.123","80","100.64.0.5","59242","1448","685806644","1202572958","2317091479","3260071526"
"16:30:27.819693","1500","47.74.8.123","80","100.64.0.5","59242","1448","685808092","1202572958","2317091491","3260071538"
"16:30:27.831696","1500","47.74.8.123","80","100.64.0.5","59242","1448","685809540","1202572958","2317091503","3260071551"
"16:30:27.843516","1500","47.74.8.123","80","100.64.0.5","59242","1448","685810988","1202572958","2317091515","3260071562"
"16:30:27.855602","1500","47.74.8.123","80","100.64.0.5","59242","1448","685812436","1202572958","2317091528","3260071575"
"16:30:27.868700","1500","47.74.8.123","80","100.64.0.5","59242","1448","685813884","1202572958","2317091541","3260071587"
"16:30:27.880965","1500","47.74.8.123","80","100.64.0.5","59242","1448","685815332","1202572958","2317091552","3260071598"
"16:30:27.892138","1500","47.74.8.123","80","100.64.0.5","59242","1448","685816780","1202572958","2317091565","3260071611"
"16:30:27.904220","1500","47.74.8.123","80","100.64.0.5","59242","1448","685818228","1202572958","2317091577","3260071623"
"16:30:27.916983","1500","47.74.8.123","80","100.64.0.5","59242","1448","685819676","1202572958","2317091589","3260071635"
"16:30:27.928091","1500","47.74.8.123","80","100.64.0.5","59242","1448","685821124","1202572958","2317091600","3260071647"
"16:30:27.940124","1500","47.74.8.123","80","100.64.0.5","59242","1448","685493876","1202572958","2317091612","3260071659"
"16:30:27.952362","1500","47.74.8.123","80","100.64.0.5","59242","1448","685822572","1202572958","2317091612","3260071659"
"16:30:27.964600","1500","47.74.8.123","80","100.64.0.5","59242","1448","685824020","1202572958","2317091624","3260071671"
"16:30:27.976688","1500","47.74.8.123","80","100.64.0.5","59242","1448","685825468","1202572958","2317091636","3260071684"
"16:30:27.988444","1500","47.74.8.123","80","100.64.0.5","59242","1448","685826916","1202572958","2317091648","3260071695"
"16:30:28.000545","1500","47.74.8.123","80","100.64.0.5","59242","1448","685828364","1202572958","2317091660","3260071707"
"16:30:28.012750","1500","47.74.8.123","80","100.64.0.5","59242","1448","685829812","1202572958","2317091673","3260071720"
"16:30:28.024868","1500","47.74.8.123","80","100.64.0.5","59242","1448","685831260","1202572958","2317091685","3260071732"
"16:30:28.036973","1500","47.74.8.123","80","100.64.0.5","59242","1448","685832708","1202572958","2317091697","3260071743"
"16:30:28.048088","1500","47.74.8.123","80","100.64.0.5","59242","1448","685834156","1202572958","2317091709","3260071755"
"16:30:28.060919","1500","47.74.8.123","80","100.64.0.5","59242","1448","685835604","1202572958","2317091721","3260071767"
"16:30:28.072110","1500","47.74.8.123","80","100.64.0.5","59242","1448","685837052","1202572958","2317091733","3260071779"
"16:30:28.084227","1500","47.74.8.123","80","100.64.0.5","59242","1448","685838500","1202572958","2317091744","3260071791"
"16:30:28.096477","1500","47.74.8.123","80","100.64.0.5","59242","1448","685839948","1202572958","2317091756","3260071803"
"16:30:28.108452","1500","47.74.8.123","80","100.64.0.5","59242","1448","685841396","1202572958","2317091768","3260071815"
"16:30:28.121323","1500","47.74.8.123","80","100.64.0.5","59242","1448","685842844","1202572958","2317091780","3260071827"
"16:30:28.133404","1500","47.74.8.123","80","100.64.0.5","59242","1448","685844292","1202572958","2317091792","3260071839"
"16:30:28.145604","1500","47.74.8.123","80","100.64.0.5","59242","1448","685845740","1202572958","2317091804","3260071851"
"16:30:28.157708","1500","47.74.8.123","80","100.64.0.5","59242","1448","685847188","1202572958","2317091817","3260071864"
"16:30:28.169882","1500","47.74.8.123","80","100.64.0.5","59242","1448","685848636","1202572958","2317091831","3260071877"
"16:30:28.181729","1500","47.74.8.123","80","100.64.0.5","59242","1448","685850084","1202572958","2317091842","3260071888"
"16:30:28.193546","1500","47.74.8.123","80","100.64.0.5","59242","1448","685851532","1202572958","2317091854","3260071900"
"16:30:28.205837","1500","47.74.8.123","80","100.64.0.5","59242","1448","685852980","1202572958","2317091866","3260071913"
"16:30:28.217133","1500","47.74.8.123","80","100.64.0.5","59242","1448","685854428","1202572958","2317091878","3260071924"
"16:30:28.229192","1500","47.74.8.123","80","100.64.0.5","59242","1448","685495324","1202572958","2317091889","3260071936"
"16:30:28.241275","1500","47.74.8.123","80","100.64.0.5","59242","1448","685855876","1202572958","2317091889","3260071936"
"16:30:28.253164","1500","47.74.8.123","80","100.64.0.5","59242","1448","685857324","1202572958","2317091901","3260071948"
"16:30:28.265543","1500","47.74.8.123","80","100.64.0.5","59242","1448","685858772","1202572958","2317091913","3260071960"
"16:30:28.277625","1500","47.74.8.123","80","100.64.0.5","59242","1448","685860220","1202572958","2317091925","3260071972"
"16:30:28.289579","1500","47.74.8.123","80","100.64.0.5","59242","1448","685861668","1202572958","2317091937","3260071984"
"16:30:28.301267","1500","47.74.8.123","80","100.64.0.5","59242","1448","685863116","1202572958","2317091949","3260071996"
"16:30:28.313322","1500","47.74.8.123","80","100.64.0.5","59242","1448","685864564","1202572958","2317091962","3260072008"
"16:30:28.325444","1500","47.74.8.123","80","100.64.0.5","59242","1448","685866012","1202572958","2317091975","3260072021"
"16:30:28.338001","1500","47.74.8.123","80","100.64.0.5","59242","1448","685867460","1202572958","2317091985","3260072033"
"16:30:28.349091","1500","47.74.8.123","80","100.64.0.5","59242","1448","685868908","1202572958","2317091997","3260072044"
"16:30:28.362157","1500","47.74.8.123","80","100.64.0.5","59242","1448","685870356","1202572958","2317092011","3260072057"
"16:30:28.374240","1500","47.74.8.123","80","100.64.0.5","59242","1448","685871804","1202572958","2317092022","3260072068"
"16:30:28.386317","1500","47.74.8.123","80","100.64.0.5","59242","1448","685873252","1202572958","2317092033","3260072080"
"16:30:28.398186","1500","47.74.8.123","80","100.64.0.5","59242","1448","685874700","1202572958","2317092046","3260072092"
"16:30:28.410547","1500","47.74.8.123","80","100.64.0.5","59242","1448","685876148","1202572958","2317092058","3260072104"
"16:30:28.422630","1500","47.74.8.123","80","100.64.0.5","59242","1448","685877596","1202572958","2317092070","3260072117"
"16:30:28.434710","1500","47.74.8.123","80","100.64.0.5","59242","1448","685879044","1202572958","2317092082","3260072129"
"16:30:28.446800","1500","47.74.8.123","80","100.64.0.5","59242","1448","685880492","1202572958","2317092094","3260072141"
"16:30:28.458886","1500","47.74.8.123","80","100.64.0.5","59242","1448","685881940","1202572958","2317092106","3260072153"
"16:30:28.482316","1500","47.74.8.123","80","100.64.0.5","59242","1448","685883388","1202572958","2317092119","3260072166"
"16:30:28.494397","1500","47.74.8.123","80","100.64.0.5","59242","1448","685884836","1202572958","2317092131","3260072177"
