_ws.col.Time,frame.len,ip.src,tcp.srcport,ip.dst,tcp.dstport,tcp.len,tcp.seq_raw,tcp.ack_raw,tcp.options.timestamp.tsval,tcp.options.timestamp.tsecr
"15:01:34.698813","60","47.76.60.27","80","100.64.0.5","33044","0","1667820376","1200822236","3641081128","3503285027"
"15:01:34.819804","52","47.76.60.27","80","100.64.0.5","33044","0","1667820377","1200822382","3641081250","3503285137"
"15:01:34.849310","1500","47.76.60.27","80","100.64.0.5","33044","1448","1667820377","1200822382","3641081250","3503285137"
"15:01:34.880931","1500","47.76.60.27","80","100.64.0.5","33044","1448","1667821825","1200822382","3641081250","3503285137"
"15:01:34.910685","1500","47.76.60.27","80","100.64.0.5","33044","1448","1667823273","1200822382","3641081250","3503285137"
"15:01:34.940782","1500","47.76.60.27","80","100.64.0.5","33044","1448","1667837753","1200822382","3641081261","3503285137"
"15:01:34.971649","1500","47.76.60.27","80","100.64.0.5","33044","1448","1667855129","1200822382","3641081292","3503285137"
"15:01:35.001519","1500","47.76.60.27","80","100.64.0.5","33044","1448","1667872505","1200822382","3641081324","3503285137"
"15:01:35.031270","1500","47.76.60.27","80","100.64.0.5","33044","1448","1667884089","1200822382","3641081402","3503285287"
"15:01:35.062360","1500","47.76.60.27","80","100.64.0.5","33044","1448","1667885537","1200822382","3641081402","3503285287"
"15:01:35.092469","1500","47.76.60.27","80","100.64.0.5","33044","1448","1667889881","1200822382","3641081431","3503285319"
"15:01:35.122101","1500","47.76.60.27","80","100.64.0.5","33044","1448","1667892777","1200822382","3641081462","3503285348"
"15:01:35.152193","1500","47.76.60.27","80","100.64.0.5","33044","1448","1667824721","1200822382","3641081553","3503285439"
"15:01:35.274863","1500","47.76.60.27","80","100.64.0.5","33044","1448","1667826169","1200822382","3641081704","3503285590"
"15:01:35.304971","1500","47.76.60.27","80","100.64.0.5","33044","1448","1667898569","1200822382","3641081706","3503285590"
"15:01:35.335069","1500","47.76.60.27","80","100.64.0.5","33044","1448","1667900017","1200822382","3641081706","3503285590"
"15:01:35.365169","492","47.76.60.27","80","100.64.0.5","33044","440","1667902913","1200822382","3641081711","3503285590"
"15:01:35.395501","1500","47.76.60.27","80","100.64.0.5","33044","1448","1667827617","1200822382","3641081826","3503285713"
"15:01:35.425598","1500","47.76.60.27","80","100.64.0.5","33044","1448","1667903353","1200822382","3641081828","3503285713"
"15:01:35.455693","1500","47.76.60.27","80","100.64.0.5","33044","1448","1667904801","1200822382","3641081828","3503285713"
"15:01:35.516519","1500","47.76.60.27","80","100.64.0.5","33044","1448","1667829065","1200822382","3641081947","3503285833"
"15:01:35.546634","1500","47.76.60.27","80","100.64.0.5","33044","1448","1667907697","1200822382","3641081948","3503285833"
"15:01:35.577725","1500","47.76.60.27","80","100.64.0.5","33044","1448","1667909145","1200822382","3641081948","3503285833"
"15:01:35.637222","1500","47.76.60.27","80","100.64.0.5","33044","1448","1667830513","1200822382","3641082068","3503285954"
"15:01:35.668324","1500","47.76.60.27","80","100.64.0.5","33044","1448","1667910593","1200822382","3641082069","3503285954"
"15:01:35.698420","1500","47.76.60.27","80","100.64.0.5","33044","1448","1667912041","1200822382","3641082069","3503285954"
"15:01:35.758267","1500","47.76.60.27","80","100.64.0.5","33044","1448","1667831961","1200822382","3641082189","3503286075"
"15:01:35.789370","1500","47.76.60.27","80","100.64.0.5","33044","1448","1667916385","1200822382","3641082191","3503286075"
"15:01:35.819460","1500","47.76.60.27","80","100.64.0.5","33044","1448","1667917833","1200822382","3641082191","3503286075"
"15:01:35.880706","1500","47.76.60.27","80","100.64.0.5","33044","1448","1667833409","1200822382","3641082311","3503286196"
"15:01:35.910807","1500","47.76.60.27","80","100.64.0.5","33044","1448","1667919281","1200822382","3641082312","3503286196"
"15:01:35.940908","1500","47.76.60.27","80","100.64.0.5","33044","1448","1667920729","1200822382","3641082312","3503286196"
"15:01:35.971998","1060","47.76.60.27","80","100.64.0.5","33044","1008","1667923625","1200822382","3641082320","3503286196"
"15:01:36.001381","1500","47.76.60.27","80","100.64.0.5","33044","1448","1667834857","1200822382","3641082432","3503286318"
"15:01:36.031482","1500","47.76.60.27","80","100.64.0.5","33044","1448","1667924633","1200822382","3641082433","3503286318"
"15:01:36.062584","1500","47.76.60.27","80","100.64.0.5","33044","1448","1667926081","1200822382","3641082433","3503286318"
"15:01:36.122090","1500","47.76.60.27","80","100.64.0.5","33044","1448","1667836305","1200822382","3641082553","3503286439"
"15:01:36.152191","1500","47.76.60.27","80","100.64.0.5","33044","1448","1667928977","1200822382","3641082554","3503286439"
"15:01:36.183289","1500","47.76.60.27","80","100.64.0.5","33044","1448","1667930425","1200822382","3641082554","3503286439"
"15:01:36.243413","1500","47.76.60.27","80","100.64.0.5","33044","1448","1667839201","1200822382","3641082673","3503286560"
"15:01:36.274511","1500","47.76.60.27","80","100.64.0.5","33044","1448","1667933321","1200822382","3641082675","3503286560"
"15:01:36.304603","1500","47.76.60.27","80","100.64.0.5","33044","1448","1667934769","1200822382","3641082675","3503286560"
"15:01:36.365709","1500","47.76.60.27","80","100.64.0.5","33044","1448","1667840649","1200822382","3641082796","3503286681"
"15:01:36.395788","1500","47.76.60.27","80","100.64.0.5","33044","1448","1667939113","1200822382","3641082797","3503286681"
"15:01:36.425881","1500","47.76.60.27","80","100.64.0.5","33044","1448","1667940561","1200822382","3641082797","3503286681"
"15:01:36.487016","1500","47.76.60.27","80","100.64.0.5","33044","1448","1667842097","1200822382","3641082917","3503286803"
"15:01:36.516118","1500","47.76.60.27","80","100.64.0.5","33044","1448","1667943457","1200822382","3641082918","3503286803"
"15:01:36.546214","1500","47.76.60.27","80","100.64.0.5","33044","1448","1667944905","1200822382","3641082918","3503286803"
"15:01:36.607316","1500","47.76.60.27","80","100.64.0.5","33044","1448","1667843545","1200822382","3641083037","3503286925"
"15:01:36.637415","1500","47.76.60.27","80","100.64.0.5","33044","1448","1667947801","1200822382","3641083039","3503286925"
"15:01:36.668507","1500","47.76.60.27","80","100.64.0.5","33044","1448","1667949249","1200822382","3641083039","3503286925"
"15:01:36.728629","1500","47.76.60.27","80","100.64.0.5","33044","1448","1667844993","1200822382","3641083159","3503287045"
"15:01:36.758749","1500","47.76.60.27","80","100.64.0.5","33044","1448","1667952145","1200822382","3641083160","3503287045"
"15:01:36.789840","1500","47.76.60.27","80","100.64.0.5","33044","1448","1667953593","1200822382","3641083160","3503287045"
"15:01:36.849957","1500","47.76.60.27","80","100.64.0.5","33044","1448","1667846441","1200822382","3641083280","3503287166"
"15:01:36.881061","1500","47.76.60.27","80","100.64.0.5","33044","1448","1667956489","1200822382","3641083281","3503287166"
"15:01:36.910261","1500","47.76.60.27","80","100.64.0.5","33044","1448","1667957937","1200822382","3641083281","3503287166"
"15:01:36.971282","1500","47.76.60.27","80","100.64.0.5","33044","1448","1667847889","1200822382","3641083401","3503287288"
"15:01:37.001378","1500","47.76.60.27","80","100.64.0.5","33044","1448","1667960833","1200822382","3641083403","3503287288"
"15:01:37.031466","1500","47.76.60.27","80","100.64.0.5","33044","1448","1667962281","1200822382","3641083403","3503287288"
"15:01:37.092577","1500","47.76.60.27","80","100.64.0.5","33044","1448","1667849337","1200822382","3641083523","3503287409"
"15:01:37.122685","1500","47.76.60.27","80","100.64.0.5","33044","1448","1667965177","1200822382","3641083524","3503287409"
"15:01:37.152784","1500","47.76.60.27","80","100.64.0.5","33044","1448","1667966625","1200822382","3641083524","3503287409"
"15:01:37.213880","1500","47.76.60.27","80","100.64.0.5","33044","1448","1667850785","1200822382","3641083644","3503287530"
"15:01:37.243978","1500","47.76.60.27","80","100.64.0.5","33044","1448","1667969521","1200822382","3641083645","3503287530"
"15:01:37.275072","1500","47.76.60.27","80","100.64.0.5","33044","1448","1667970969","1200822382","3641083645","3503287530"
"15:01:37.334202","1500","47.76.60.27","80","100.64.0.5","33044","1448","1667852233","1200822382","3641083765","3503287652"
"15:01:37.365301","1500","47.76.60.27","80","100.64.0.5","33044","1448","1667973865","1200822382","3641083766","3503287652"
"15:01:37.395399","1500","47.76.60.27","80","100.64.0.5","33044","1448","1667975313","1200822382","3641083766","3503287652"
"15:01:37.455468","1500","47.76.60.27","80","100.64.0.5","33044","1448","1667853681","1200822382","3641083886","3503287772"
"15:01:37.486567","1500","47.76.60.27","80","100.64.0.5","33044","1448","1667978209","1200822382","3641083888","3503287772"
"15:01:37.516669","1500","47.76.60.27","80","100.64.0.5","33044","1448","1667979657","1200822382","3641083888","3503287772"
"15:01:37.577781","1500","47.76.60.27","80","100.64.0.5","33044","1448","1667856577","1200822382","3641084008","3503287893"
"15:01:37.607880","1500","47.76.60.27","80","100.64.0.5","33044","1448","1667982553","1200822382","3641084009","3503287893"
"15:01:37.637972","1500","47.76.60.27","80","100.64.0.5","33044","1448","1667984001","1200822382","3641084009","3503287893"
"15:01:37.698753","1500","47.76.60.27","80","100.64.0.5","33044","1448","1667858025","1200822382","3641084129","3503288016"
"15:01:37.728857","1500","47.76.60.27","80","100.64.0.5","33044","1448","1667988345","1200822382","3641084130","3503288016"
"15:01:37.758932","1500","47.76.60.27","80","100.64.0.5","33044","1448","1667989793","1200822382","3641084130","3503288016"
"15:01:37.819865","1500","47.76.60.27","80","100.64.0.5","33044","1448","1667859473","1200822382","3641084250","3503288137"
"15:01:37.850079","1500","47.76.60.27","80","100.64.0.5","33044","1448","1667992689","1200822382","3641084252","3503288137"
"15:01:37.880314","1500","47.76.60.27","80","100.64.0.5","33044","1448","1667994137","1200822382","3641084252","3503288137"
"15:01:37.940082","1500","47.76.60.27","80","100.64.0.5","33044","1448","1667860921","1200822382","3641084371","3503288258"
"15:01:37.971184","1500","47.76.60.27","80","100.64.0.5","33044","1448","1667997033","1200822382","3641084373","3503288258"
"15:01:38.001279","1500","47.76.60.27","80","100.64.0.5","33044","1448","1667998481","1200822382","3641084373","3503288258"
"15:01:38.031373","1500","47.76.60.27","80","100.64.0.5","33044","1448","1667999929","1200822382","3641084379","3503288258"
"15:01:38.062294","1500","47.76.60.27","80","100.64.0.5","33044","1448","1667862369","1200822382","3641084492","3503288378"
"15:01:38.092422","1500","47.76.60.27","80","100.64.0.5","33044","1448","1668001377","1200822382","3641084494","3503288378"
"15:01:38.122521","1500","47.76.60.27","80","100.64.0.5","33044","1448","1668002825","1200822382","3641084494","3503288378"
"15:01:38.183320","1500","47.76.60.27","80","100.64.0.5","33044","1448","1667863817","1200822382","3641084614","3503288500"
"15:01:38.213426","1500","47.76.60.27","80","100.64.0.5","33044","1448","1668005721","1200822382","3641084615","3503288500"
"15:01:38.243582","1500","47.76.60.27","80","100.64.0.5","33044","1448","1668007169","1200822382","3641084615","3503288500"
"15:01:38.304345","1500","47.76.60.27","80","100.64.0.5","33044","1448","1667865265","1200822382","3641084735","3503288621"
"15:01:38.334453","1500","47.76.60.27","80","100.64.0.5","33044","1448","1668010065","1200822382","3641084736","3503288621"
"15:01:38.365550","1500","47.76.60.27","80","100.64.0.5","33044","1448","1668011513","1200822382","3641084736","3503288621"
"15:01:38.425424","1500","47.76.60.27","80","100.64.0.5","33044","1448","1667866713","1200822382","3641084856","3503288742"
"15:01:38.455525","1500","47.76.60.27","80","100.64.0.5","33044","1448","1668014409","1200822382","3641084857","3503288742"
"15:01:38.486620","1500","47.76.60.27","80","100.64.0.5","33044","1448","1668015857","1200822382","3641084857","3503288742"
"15:01:38.546541","1500","47.76.60.27","80","100.64.0.5","33044","1448","1667868161","1200822382","3641084977","3503288863"
"15:01:38.577640","1500","47.76.60.27","80","100.64.0.5","33044","1448","1668018753","1200822382","3641084978","3503288863"
"15:01:38.607745","1500","47.76.60.27","80","100.64.0.5","33044","1448","1668020201","1200822382","3641084981","3503288863"
"15:01:38.668555","1500","47.76.60.27","80","100.64.0.5","33044","1448","1667869609","1200822382","3641085099","3503288984"
"15:01:38.698649","1500","47.76.60.27","80","100.64.0.5","33044","1448","1668023097","1200822382","3641085100","3503288984"
"15:01:38.728754","1500","47.76.60.27","80","100.64.0.5","33044","1448","1668024545","1200822382","3641085100","3503288984"
"15:01:38.789592","1500","47.76.60.27","80","100.64.0.5","33044","1448","1667871057","1200822382","3641085220","3503289106"
"15:01:38.819698","1500","47.76.60.27","80","100.64.0.5","33044","1448","1668027441","1200822382","3641085221","3503289106"
"15:01:38.849792","1500","47.76.60.27","80","100.64.0.5","33044","1448","1668028889","1200822382","3641085221","3503289106"
"15:01:38.910882","1500","47.76.60.27","80","100.64.0.5","33044","1448","1667873953","1200822382","3641085341","3503289227"
"15:01:38.940974","1500","47.76.60.27","80","100.64.0.5","33044","1448","1668031785","1200822382","3641085342","3503289227"
"15:01:38.972062","1500","47.76.60.27","80","100.64.0.5","33044","1448","1668033233","1200822382","3641085342","3503289227"
"15:01:39.031984","1500","47.76.60.27","80","100.64.0.5","33044","1448","1667875401","1200822382","3641085462","3503289349"
"15:01:39.062076","1500","47.76.60.27","80","100.64.0.5","33044","1448","1668037577","1200822382","3641085464","3503289349"
"15:01:39.092168","1500","47.76.60.27","80","100.64.0.5","33044","1448","1668039025","1200822382","3641085464","3503289349"
"15:01:39.152934","1500","47.76.60.27","80","100.64.0.5","33044","1448","1667876849","1200822382","3641085583","3503289470"
"15:01:39.184034","1500","47.76.60.27","80","100.64.0.5","33044","1448","1668041921","1200822382","3641085585","3503289470"
"15:01:39.213132","1500","47.76.60.27","80","100.64.0.5","33044","1448","1668043369","1200822382","3641085585","3503289470"
"15:01:39.274181","1500","47.76.60.27","80","100.64.0.5","33044","1448","1667878297","1200822382","3641085705","3503289591"
"15:01:39.304282","1500","47.76.60.27","80","100.64.0.5","33044","1448","1668046265","1200822382","3641085707","3503289591"
"15:01:39.334374","1500","47.76.60.27","80","100.64.0.5","33044","1448","1668047713","1200822382","3641085707","3503289591"
"15:01:39.396095","1500","47.76.60.27","80","100.64.0.5","33044","1448","1667879745","1200822382","3641085825","3503289712"
"15:01:39.425325","1500","47.76.60.27","80","100.64.0.5","33044","1448","1668050609","1200822382","3641085827","3503289712"
"15:01:39.455422","1500","47.76.60.27","80","100.64.0.5","33044","1448","1668052057","1200822382","3641085829","3503289712"
"15:01:39.516508","1500","47.76.60.27","80","100.64.0.5","33044","1448","1667881193","1200822382","3641085946","3503289834"
"15:01:39.546617","1500","47.76.60.27","80","100.64.0.5","33044","1448","1668054953","1200822382","3641085948","3503289834"
"15:01:39.577712","1500","47.76.60.27","80","100.64.0.5","33044","1448","1668056401","1200822382","3641085948","3503289834"
"15:01:39.637857","1500","47.76.60.27","80","100.64.0.5","33044","1448","1667882641","1200822382","3641086068","3503289954"
"15:01:39.668961","1500","47.76.60.27","80","100.64.0.5","33044","1448","1668059297","1200822382","3641086069","3503289954"
"15:01:39.699058","1500","47.76.60.27","80","100.64.0.5","33044","1448","1668060745","1200822382","3641086069","3503289954"
"15:01:39.758489","1500","47.76.60.27","80","100.64.0.5","33044","1448","1667886985","1200822382","3641086190","3503290076"
"15:01:39.789565","1500","47.76.60.27","80","100.64.0.5","33044","1448","1668063641","1200822382","3641086191","3503290076"
"15:01:39.819670","1500","47.76.60.27","80","100.64.0.5","33044","1448","1668065089","1200822382","3641086191","3503290076"
"15:01:39.849762","1500","47.76.60.27","80","100.64.0.5","33044","1448","1668069433","1200822382","3641086202","3503290076"
"15:01:39.880852","1500","47.76.60.27","80","100.64.0.5","33044","1448","1667888433","1200822382","3641086311","3503290196"
"15:01:39.910949","1500","47.76.60.27","80","100.64.0.5","33044","1448","1668070881","1200822382","3641086312","3503290196"
"15:01:39.941040","1500","47.76.60.27","80","100.64.0.5","33044","1448","1668072329","1200822382","3641086312","3503290196"
"15:01:40.001226","1500","47.76.60.27","80","100.64.0.5","33044","1448","1667891329","1200822382","3641086432","3503290319"
"15:01:40.031327","1500","47.76.60.27","80","100.64.0.5","33044","1448","1668075225","1200822382","3641086433","3503290319"
"15:01:40.062425","1500","47.76.60.27","80","100.64.0.5","33044","1448","1668076673","1200822382","3641086433","3503290319"
"15:01:40.122636","1500","47.76.60.27","80","100.64.0.5","33044","1448","1667894225","1200822382","3641086552","3503290439"
"15:01:40.152726","1500","47.76.60.27","80","100.64.0.5","33044","1448","1668081017","1200822382","3641086554","3503290439"
"15:01:40.183874","1500","47.76.60.27","80","100.64.0.5","33044","1448","1668082465","1200822382","3641086554","3503290439"
"15:01:40.244012","1500","47.76.60.27","80","100.64.0.5","33044","1448","1667895673","1200822382","3641086674","3503290560"
"15:01:40.274122","1500","47.76.60.27","80","100.64.0.5","33044","1448","1668086809","1200822382","3641086675","3503290560"
"15:01:40.304225","1500","47.76.60.27","80","100.64.0.5","33044","1448","1668088257","1200822382","3641086675","3503290560"
"15:01:40.365316","1500","47.76.60.27","80","100.64.0.5","33044","1448","1667897121","1200822382","3641086795","3503290682"
"15:01:40.395424","1500","47.76.60.27","80","100.64.0.5","33044","1448","1668091153","1200822382","3641086797","3503290682"
"15:01:40.425530","1500","47.76.60.27","80","100.64.0.5","33044","1448","1668092601","1200822382","3641086797","3503290682"
"15:01:40.849188","1500","47.76.60.27","80","100.64.0.5","33044","1448","1667901465","1200822382","3641087285","3503290863"
"15:01:40.972054","1500","47.76.60.27","80","100.64.0.5","33044","1448","1668095497","1200822382","3641087402","3503291287"
"15:01:41.001326","1500","47.76.60.27","80","100.64.0.5","33044","1448","1668096945","1200822382","3641087402","3503291287"
"15:01:41.031947","1500","47.76.60.27","80","100.64.0.5","33044","1448","1667906249","1200822382","3641087404","3503291287"
"15:01:41.062079","1500","47.76.60.27","80","100.64.0.5","33044","1448","1667910593","1200822382","3641087413","3503291287"
"15:01:41.092133","1060","47.76.60.27","80","100.64.0.5","33044","1008","1667923625","1200822382","3641087437","3503291287"
"15:01:41.122719","1500","47.76.60.27","80","100.64.0.5","33044","1448","1667927529","1200822382","3641087445","3503291287"
"15:01:41.152744","1500","47.76.60.27","80","100.64.0.5","33044","1448","1667942009","1200822382","3641087473","3503291287"
"15:01:41.183206","1500","47.76.60.27","80","100.64.0.5","33044","1448","1667956489","1200822382","3641087500","3503291287"
"15:01:41.213928","1500","47.76.60.27","80","100.64.0.5","33044","1448","1667973865","1200822382","3641087533","3503291410"
"15:01:41.243235","1500","47.76.60.27","80","100.64.0.5","33044","1448","1667988345","1200822382","3641087561","3503291439"
"15:01:41.274322","1500","47.76.60.27","80","100.64.0.5","33044","1448","1668004273","1200822382","3641087591","3503291470"
"15:01:41.304417","1500","47.76.60.27","80","100.64.0.5","33044","1448","1668023097","1200822382","3641087627","3503291500"
"15:01:41.334511","1500","47.76.60.27","80","100.64.0.5","33044","1448","1668037577","1200822382","3641087655","3503291530"
"15:01:41.546130","1500","47.76.60.27","80","100.64.0.5","33044","1448","1667913489","1200822382","3641087957","3503291772"
"15:01:41.668106","1500","47.76.60.27","80","100.64.0.5","33044","1448","1667914937","1200822382","3641088098","3503291984"
"15:01:41.698106","1500","47.76.60.27","80","100.64.0.5","33044","1448","1667916385","1200822382","3641088100","3503291984"
"15:01:41.728894","1500","47.76.60.27","80","100.64.0.5","33044","1448","1667917833","1200822382","3641088100","3503291984"
"15:01:41.758869","1500","47.76.60.27","80","100.64.0.5","33044","1448","1667922177","1200822382","3641088111","3503291984"
"15:01:41.789676","1060","47.76.60.27","80","100.64.0.5","33044","1008","1667923625","1200822382","3641088114","3503291984"
"15:01:41.819512","1500","47.76.60.27","80","100.64.0.5","33044","1448","1667936217","1200822382","3641088138","3503291984"
"15:01:41.849721","1500","47.76.60.27","80","100.64.0.5","33044","1448","1667952145","1200822382","3641088168","3503291984"
"15:01:41.880758","1500","47.76.60.27","80","100.64.0.5","33044","1448","1667968073","1200822382","3641088198","3503291984"
"15:01:41.910500","1500","47.76.60.27","80","100.64.0.5","33044","1448","1667985449","1200822382","3641088232","3503292106"
"15:01:41.940796","1500","47.76.60.27","80","100.64.0.5","33044","1448","1667999929","1200822382","3641088259","3503292136"
"15:01:41.971135","1500","47.76.60.27","80","100.64.0.5","33044","1448","1668017305","1200822382","3641088292","3503292167"
"15:01:42.001229","1500","47.76.60.27","80","100.64.0.5","33044","1448","1668031785","1200822382","3641088320","3503292197"
"15:01:42.031325","1500","47.76.60.27","80","100.64.0.5","33044","1448","1668049161","1200822382","3641088353","3503292227"
"15:01:42.062419","1500","47.76.60.27","80","100.64.0.5","33044","1448","1668063641","1200822382","3641088381","3503292257"
"15:01:42.304174","1500","47.76.60.27","80","100.64.0.5","33044","1448","1667931873","1200822382","3641088725","3503292500"
"15:01:42.425147","1500","47.76.60.27","80","100.64.0.5","33044","1448","1667937665","1200822382","3641088856","3503292742"
"15:01:42.455102","1500","47.76.60.27","80","100.64.0.5","33044","1448","1667939113","1200822382","3641088857","3503292742"
"15:01:42.486233","1500","47.76.60.27","80","100.64.0.5","33044","1448","1667940561","1200822382","3641088857","3503292742"
"15:01:42.516788","1500","47.76.60.27","80","100.64.0.5","33044","1448","1667943457","1200822382","3641088865","3503292742"
"15:01:42.546996","1500","47.76.60.27","80","100.64.0.5","33044","1448","1667959385","1200822382","3641088896","3503292742"
"15:01:42.577232","1500","47.76.60.27","80","100.64.0.5","33044","1448","1667976761","1200822382","3641088929","3503292742"
"15:01:42.607712","1500","47.76.60.27","80","100.64.0.5","33044","1448","1667991241","1200822382","3641088956","3503292742"
"15:01:42.637094","1500","47.76.60.27","80","100.64.0.5","33044","1448","1668008617","1200822382","3641088990","3503292863"
"15:01:42.668482","1500","47.76.60.27","80","100.64.0.5","33044","1448","1668023097","1200822382","3641089017","3503292893"
"15:01:42.698798","1500","47.76.60.27","80","100.64.0.5","33044","1448","1668040473","1200822382","3641089050","3503292924"
"15:01:42.728894","1500","47.76.60.27","80","100.64.0.5","33044","1448","1668054953","1200822382","3641089078","3503292955"
"15:01:42.758989","1500","47.76.60.27","80","100.64.0.5","33044","1448","1668070881","1200822382","3641089108","3503292985"
"15:01:42.940124","1500","47.76.60.27","80","100.64.0.5","33044","1448","1667946353","1200822382","3641089365","3503293197"
"15:01:43.062974","1500","47.76.60.27","80","100.64.0.5","33044","1448","1667950697","1200822382","3641089492","3503293378"
"15:01:43.092938","1500","47.76.60.27","80","100.64.0.5","33044","1448","1667952145","1200822382","3641089494","3503293378"
"15:01:43.122978","1500","47.76.60.27","80","100.64.0.5","33044","1448","1667953593","1200822382","3641089494","3503293378"
"15:01:43.152687","1500","47.76.60.27","80","100.64.0.5","33044","1448","1667956489","1200822382","3641089502","3503293378"
"15:01:43.183790","1500","47.76.60.27","80","100.64.0.5","33044","1448","1667972417","1200822382","3641089532","3503293378"
"15:01:43.213872","1500","47.76.60.27","80","100.64.0.5","33044","1448","1667988345","1200822382","3641089563","3503293378"
"15:01:43.243636","1500","47.76.60.27","80","100.64.0.5","33044","1448","1668004273","1200822382","3641089593","3503293378"
"15:01:43.274882","1500","47.76.60.27","80","100.64.0.5","33044","1448","1668020201","1200822382","3641089624","3503293501"
"15:01:43.304508","1500","47.76.60.27","80","100.64.0.5","33044","1448","1668037577","1200822382","3641089657","3503293531"
"15:01:43.334831","1500","47.76.60.27","80","100.64.0.5","33044","1448","1668052057","1200822382","3641089684","3503293561"
"15:01:43.365922","1500","47.76.60.27","80","100.64.0.5","33044","1448","1668069433","1200822382","3641089718","3503293590"
"15:01:43.396013","1500","47.76.60.27","80","100.64.0.5","33044","1448","1668083913","1200822382","3641089745","3503293622"
"15:01:43.577151","1500","47.76.60.27","80","100.64.0.5","33044","1448","1667955041","1200822382","3641090005","3503293834"
"15:01:43.698973","1500","47.76.60.27","80","100.64.0.5","33044","1448","1667963729","1200822382","3641090128","3503294015"
"15:01:43.728529","1500","47.76.60.27","80","100.64.0.5","33044","1448","1667965177","1200822382","3641090130","3503294015"
"15:01:43.758738","1500","47.76.60.27","80","100.64.0.5","33044","1448","1667966625","1200822382","3641090130","3503294015"
"15:01:43.789702","1500","47.76.60.27","80","100.64.0.5","33044","1448","1667969521","1200822382","3641090138","3503294015"
"15:01:43.819405","1500","47.76.60.27","80","100.64.0.5","33044","1448","1667985449","1200822382","3641090168","3503294015"
"15:01:43.849377","1500","47.76.60.27","80","100.64.0.5","33044","1448","1668001377","1200822382","3641090199","3503294015"
"15:01:43.880119","1500","47.76.60.27","80","100.64.0.5","33044","1448","1668017305","1200822382","3641090229","3503294015"
"15:01:43.910120","1500","47.76.60.27","80","100.64.0.5","33044","1448","1668034681","1200822382","3641090262","3503294137"
"15:01:43.940206","1500","47.76.60.27","80","100.64.0.5","33044","1448","1668049161","1200822382","3641090290","3503294166"
"15:01:43.971982","1500","47.76.60.27","80","100.64.0.5","33044","1448","1668066537","1200822382","3641090323","3503294196"
"15:01:44.001682","1500","47.76.60.27","80","100.64.0.5","33044","1448","1668081017","1200822382","3641090351","3503294227"
"15:01:44.031776","1500","47.76.60.27","80","100.64.0.5","33044","1448","1668098393","1200822382","3641090384","3503294257"
"15:01:44.062798","1500","47.76.60.27","80","100.64.0.5","33044","1448","1668112873","1200822382","3641090411","3503294287"
"15:01:44.092683","1500","47.76.60.27","80","100.64.0.5","33044","1448","1668117217","1200822382","3641090461","3503294348"
"15:01:44.122258","1500","47.76.60.27","80","100.64.0.5","33044","1448","1668118665","1200822382","3641090492","3503294378"
"15:01:44.152337","1500","47.76.60.27","80","100.64.0.5","33044","1448","1668120113","1200822382","3641090522","3503294410"
"15:01:44.183454","1500","47.76.60.27","80","100.64.0.5","33044","1448","1668121561","1200822382","3641090553","3503294439"
"15:01:44.213112","1500","47.76.60.27","80","100.64.0.5","33044","1448","1668123009","1200822382","3641090584","3503294470"
"15:01:44.243616","1500","47.76.60.27","80","100.64.0.5","33044","1448","1668124457","1200822382","3641090614","3503294501"
"15:01:44.274816","1500","47.76.60.27","80","100.64.0.5","33044","1448","1668125905","1200822382","3641090644","3503294530"
"15:01:44.304243","1500","47.76.60.27","80","100.64.0.5","33044","1448","1667982553","1200822382","3641090673","3503294560"
"15:01:44.334825","1500","47.76.60.27","80","100.64.0.5","33044","1448","1667988345","1200822382","3641090682","3503294560"
"15:01:44.365951","1500","47.76.60.27","80","100.64.0.5","33044","1448","1668005721","1200822382","3641090715","3503294590"
"15:01:44.395852","1500","47.76.60.27","80","100.64.0.5","33044","1448","1668020201","1200822382","3641090743","3503294621"
"15:01:44.425219","1500","47.76.60.27","80","100.64.0.5","33044","1448","1668037577","1200822382","3641090776","3503294651"
"15:01:44.455602","1500","47.76.60.27","80","100.64.0.5","33044","1448","1668054953","1200822382","3641090809","3503294681"
"15:01:44.486926","1500","47.76.60.27","80","100.64.0.5","33044","1448","1668069433","1200822382","3641090836","3503294713"
"15:01:44.517018","1500","47.76.60.27","80","100.64.0.5","33044","1448","1668083913","1200822382","3641090864","3503294742"
"15:01:44.546114","1500","47.76.60.27","80","100.64.0.5","33044","1448","1668101289","1200822382","3641090897","3503294773"
"15:01:45.001140","1500","47.76.60.27","80","100.64.0.5","33044","1448","1667981105","1200822382","3641091413","3503294984"
"15:01:45.122986","1500","47.76.60.27","80","100.64.0.5","33044","1448","1668127353","1200822382","3641091552","3503295439"
"15:01:45.152979","1500","47.76.60.27","80","100.64.0.5","33044","1448","1668128801","1200822382","3641091552","3503295439"
"15:01:45.183289","1500","47.76.60.27","80","100.64.0.5","33044","1448","1667986897","1200822382","3641091555","3503295439"
"15:01:45.213666","1500","47.76.60.27","80","100.64.0.5","33044","1448","1667991241","1200822382","3641091563","3503295439"
"15:01:45.243128","1500","47.76.60.27","80","100.64.0.5","33044","1448","1668005721","1200822382","3641091591","3503295439"
"15:01:45.274477","1500","47.76.60.27","80","100.64.0.5","33044","1448","1668023097","1200822382","3641091624","3503295439"
"15:01:45.304568","1500","47.76.60.27","80","100.64.0.5","33044","1448","1668037577","1200822382","3641091652","3503295439"
"15:01:45.334198","1500","47.76.60.27","80","100.64.0.5","33044","1448","1668054953","1200822382","3641091685","3503295561"
"15:01:45.365323","1500","47.76.60.27","80","100.64.0.5","33044","1448","1668070881","1200822382","3641091715","3503295591"
"15:01:45.395146","1500","47.76.60.27","80","100.64.0.5","33044","1448","1668085361","1200822382","3641091743","3503295621"
"15:01:45.425857","1500","47.76.60.27","80","100.64.0.5","33044","1448","1668101289","1200822382","3641091773","3503295651"
"15:01:45.455789","1500","47.76.60.27","80","100.64.0.5","33044","1448","1668118665","1200822382","3641091807","3503295681"
"15:01:45.486846","1500","47.76.60.27","80","100.64.0.5","33044","1448","1668136041","1200822382","3641091834","3503295712"
"15:01:45.546490","1500","47.76.60.27","80","100.64.0.5","33044","1448","1668143281","1200822382","3641091886","3503295772"
"15:01:45.577362","1500","47.76.60.27","80","100.64.0.5","33044","1448","1668144729","1200822382","3641091917","3503295803"
"15:01:45.607491","1500","47.76.60.27","80","100.64.0.5","33044","1448","1668146177","1200822382","3641091946","3503295833"
"15:01:45.637579","1500","47.76.60.27","80","100.64.0.5","33044","1448","1668147625","1200822382","3641091977","3503295864"
"15:01:45.668134","1500","47.76.60.27","80","100.64.0.5","33044","1448","1668149073","1200822382","3641092008","3503295894"
"15:01:45.698155","1500","47.76.60.27","80","100.64.0.5","33044","1448","1668150521","1200822382","3641092038","3503295925"
"15:01:45.728083","1500","47.76.60.27","80","100.64.0.5","33044","1448","1668151969","1200822382","3641092099","3503295984"
"15:01:45.758110","1500","47.76.60.27","80","100.64.0.5","33044","1448","1667995585","1200822382","3641092121","3503295984"
"15:01:45.789864","1500","47.76.60.27","80","100.64.0.5","33044","1448","1667997033","1200822382","3641092129","3503296015"
"15:01:45.819174","1500","47.76.60.27","80","100.64.0.5","33044","1448","1668004273","1200822382","3641092140","3503296015"
"15:01:45.849673","1500","47.76.60.27","80","100.64.0.5","33044","1448","1668018753","1200822382","3641092167","3503296045"
"15:01:45.880495","1500","47.76.60.27","80","100.64.0.5","33044","1448","1668034681","1200822382","3641092198","3503296075"
"15:01:45.910365","1500","47.76.60.27","80","100.64.0.5","33044","1448","1668050609","1200822382","3641092228","3503296106"
"15:01:45.940359","1500","47.76.60.27","80","100.64.0.5","33044","1448","1668066537","1200822382","3641092258","3503296136"
"15:01:45.971392","1500","47.76.60.27","80","100.64.0.5","33044","1448","1668083913","1200822382","3641092292","3503296166"
"15:01:46.001945","1500","47.76.60.27","80","100.64.0.5","33044","1448","1668098393","1200822382","3641092319","3503296196"
"15:01:46.031963","1500","47.76.60.27","80","100.64.0.5","33044","1448","1668114321","1200822382","3641092350","3503296228"
"15:01:46.062983","1500","47.76.60.27","80","100.64.0.5","33044","1448","1668130249","1200822382","3641092380","3503296257"
"15:01:46.092960","1500","47.76.60.27","80","100.64.0.5","33044","1448","1668146177","1200822382","3641092410","3503296287"
"15:01:46.122542","1500","47.76.60.27","80","100.64.0.5","33044","1448","1668162105","1200822382","3641092462","3503296348"
"15:01:46.152518","1500","47.76.60.27","80","100.64.0.5","33044","1448","1668163553","1200822382","3641092493","3503296378"
"15:01:46.183584","1500","47.76.60.27","80","100.64.0.5","33044","1448","1668165001","1200822382","3641092523","3503296409"
"15:01:46.213515","1500","47.76.60.27","80","100.64.0.5","33044","1448","1668166449","1200822382","3641092553","3503296440"
"15:01:46.243122","1500","47.76.60.27","80","100.64.0.5","33044","1448","1668167897","1200822382","3641092583","3503296470"
"15:01:46.275018","1500","47.76.60.27","80","100.64.0.5","33044","1448","1668169345","1200822382","3641092613","3503296501"
"15:01:46.304301","1500","47.76.60.27","80","100.64.0.5","33044","1448","1668170793","1200822382","3641092644","3503296531"
"15:01:46.334281","1500","47.76.60.27","80","100.64.0.5","33044","1448","1668172241","1200822382","3641092674","3503296560"
"15:01:46.365381","1500","47.76.60.27","80","100.64.0.5","33044","1448","1668173689","1200822382","3641092705","3503296590"
"15:01:46.395344","1500","47.76.60.27","80","100.64.0.5","33044","1448","1668012961","1200822382","3641092725","3503296590"
"15:01:46.425096","1500","47.76.60.27","80","100.64.0.5","33044","1448","1668020201","1200822382","3641092743","3503296621"
"15:01:46.455108","1500","47.76.60.27","80","100.64.0.5","33044","1448","1668037577","1200822382","3641092776","3503296651"
"15:01:46.486157","1500","47.76.60.27","80","100.64.0.5","33044","1448","1668054953","1200822382","3641092809","3503296681"
"15:01:46.516936","1500","47.76.60.27","80","100.64.0.5","33044","1448","1668069433","1200822382","3641092837","3503296713"
"15:01:46.546999","1500","47.76.60.27","80","100.64.0.5","33044","1448","1668083913","1200822382","3641092865","3503296742"
"15:01:46.577274","1500","47.76.60.27","80","100.64.0.5","33044","1448","1668101289","1200822382","3641092898","3503296772"
"15:01:46.607531","1500","47.76.60.27","80","100.64.0.5","33044","1448","1668115769","1200822382","3641092925","3503296803"
"15:01:46.637517","1500","47.76.60.27","80","100.64.0.5","33044","1448","1668133145","1200822382","3641092958","3503296833"
"15:01:46.668595","1500","47.76.60.27","80","100.64.0.5","33044","1448","1668147625","1200822382","3641092986","3503296863"
"15:01:46.698915","1500","47.76.60.27","80","100.64.0.5","33044","1448","1668163553","1200822382","3641093016","3503296893"
"15:01:46.728121","1500","47.76.60.27","80","100.64.0.5","33044","1448","1668179481","1200822382","3641093047","3503296924"
"15:01:46.758155","1500","47.76.60.27","80","100.64.0.5","33044","1448","1668182377","1200822382","3641093098","3503296985"
"15:01:46.789251","1500","47.76.60.27","80","100.64.0.5","33044","1448","1668183825","1200822382","3641093128","3503297015"
"15:01:46.819446","1500","47.76.60.27","80","100.64.0.5","33044","1448","1668185273","1200822382","3641093159","3503297045"
"15:01:46.849684","1500","47.76.60.27","80","100.64.0.5","33044","1448","1668186721","1200822382","3641093190","3503297075"
"15:01:46.880737","1500","47.76.60.27","80","100.64.0.5","33044","1448","1668188169","1200822382","3641093220","3503297106"
"15:01:46.910800","1500","47.76.60.27","80","100.64.0.5","33044","1448","1668189617","1200822382","3641093250","3503297137"
"15:01:46.940848","1500","47.76.60.27","80","100.64.0.5","33044","1448","1668191065","1200822382","3641093279","3503297166"
"15:01:46.972017","1500","47.76.60.27","80","100.64.0.5","33044","1448","1668192513","1200822382","3641093310","3503297196"
"15:01:47.001569","1500","47.76.60.27","80","100.64.0.5","33044","1448","1668193961","1200822382","3641093340","3503297227"
"15:01:47.031975","1500","47.76.60.27","80","100.64.0.5","33044","1448","1668021649","1200822382","3641093365","3503297227"
"15:01:47.062359","1500","47.76.60.27","80","100.64.0.5","33044","1448","1668030337","1200822382","3641093382","3503297257"
"15:01:47.092807","1500","47.76.60.27","80","100.64.0.5","33044","1448","1668046265","1200822382","3641093412","3503297287"
"15:01:47.122168","1500","47.76.60.27","80","100.64.0.5","33044","1448","1668062193","1200822382","3641093442","3503297318"
"15:01:47.152474","1500","47.76.60.27","80","100.64.0.5","33044","1448","1668078121","1200822382","3641093473","3503297349"
"15:01:47.183106","1500","47.76.60.27","80","100.64.0.5","33044","1448","1668094049","1200822382","3641093503","3503297379"
"15:01:47.213209","1500","47.76.60.27","80","100.64.0.5","33044","1448","1668109977","1200822382","3641093534","3503297410"
"15:01:47.243564","1500","47.76.60.27","80","100.64.0.5","33044","1448","1668124457","1200822382","3641093561","3503297439"
"15:01:47.274855","1500","47.76.60.27","80","100.64.0.5","33044","1448","1668141833","1200822382","3641093594","3503297470"
"15:01:47.304946","1500","47.76.60.27","80","100.64.0.5","33044","1448","1668156313","1200822382","3641093622","3503297500"
"15:01:47.335035","1500","47.76.60.27","80","100.64.0.5","33044","1448","1668172241","1200822382","3641093652","3503297531"
"15:01:47.365125","1500","47.76.60.27","80","100.64.0.5","33044","1448","1668188169","1200822382","3641093683","3503297560"
"15:01:47.577156","1500","47.76.60.27","80","100.64.0.5","33044","1448","1668025993","1200822382","3641094005","3503297803"
"15:01:47.698957","1500","47.76.60.27","80","100.64.0.5","33044","1448","1668036129","1200822382","3641094128","3503298015"
"15:01:47.728822","1500","47.76.60.27","80","100.64.0.5","33044","1448","1668037577","1200822382","3641094130","3503298015"
"15:01:47.758995","1500","47.76.60.27","80","100.64.0.5","33044","1448","1668039025","1200822382","3641094130","3503298015"
"15:01:47.789780","1500","47.76.60.27","80","100.64.0.5","33044","1448","1668041921","1200822382","3641094138","3503298015"
"15:01:47.819477","1500","47.76.60.27","80","100.64.0.5","33044","1448","1668057849","1200822382","3641094168","3503298015"
"15:01:47.849898","1500","47.76.60.27","80","100.64.0.5","33044","1448","1668073777","1200822382","3641094199","3503298015"
"15:01:47.880301","1500","47.76.60.27","80","100.64.0.5","33044","1448","1668089705","1200822382","3641094229","3503298015"
"15:01:47.910617","1500","47.76.60.27","80","100.64.0.5","33044","1448","1668107081","1200822382","3641094262","3503298137"
"15:01:47.941022","1500","47.76.60.27","80","100.64.0.5","33044","1448","1668121561","1200822382","3641094290","3503298167"
"15:01:47.971346","1500","47.76.60.27","80","100.64.0.5","33044","1448","1668136041","1200822382","3641094318","3503298197"
"15:01:48.001855","1500","47.76.60.27","80","100.64.0.5","33044","1448","1668153417","1200822382","3641094351","3503298228"
"15:01:48.031411","1500","47.76.60.27","80","100.64.0.5","33044","1448","1668169345","1200822382","3641094381","3503298257"
"15:01:48.062715","1500","47.76.60.27","80","100.64.0.5","33044","1448","1668185273","1200822382","3641094412","3503298288"
"15:01:48.092961","1500","47.76.60.27","80","100.64.0.5","33044","1448","1668201201","1200822382","3641094442","3503298318"
"15:01:48.123065","1500","47.76.60.27","80","100.64.0.5","33044","1448","1668206993","1200822382","3641094492","3503298379"
"15:01:48.152361","1500","47.76.60.27","80","100.64.0.5","33044","1448","1668208441","1200822382","3641094523","3503298409"
"15:01:48.183305","1500","47.76.60.27","80","100.64.0.5","33044","1448","1668209889","1200822382","3641094553","3503298440"
"15:01:48.213579","1500","47.76.60.27","80","100.64.0.5","33044","1448","1668211337","1200822382","3641094584","3503298469"
"15:01:48.243078","1500","47.76.60.27","80","100.64.0.5","33044","1448","1668212785","1200822382","3641094614","3503298500"
"15:01:48.274105","1500","47.76.60.27","80","100.64.0.5","33044","1448","1668214233","1200822382","3641094645","3503298531"
"15:01:48.304440","1500","47.76.60.27","80","100.64.0.5","33044","1448","1668215681","1200822382","3641094673","3503298561"
"15:01:48.334173","1500","47.76.60.27","80","100.64.0.5","33044","1448","1668046265","1200822382","3641094705","3503298590"
"15:01:48.365201","1500","47.76.60.27","80","100.64.0.5","33044","1448","1668052057","1200822382","3641094713","3503298590"
"15:01:48.395259","1500","47.76.60.27","80","100.64.0.5","33044","1448","1668069433","1200822382","3641094746","3503298621"
"15:01:48.425968","1500","47.76.60.27","80","100.64.0.5","33044","1448","1668083913","1200822382","3641094774","3503298651"
"15:01:48.456042","1500","47.76.60.27","80","100.64.0.5","33044","1448","1668101289","1200822382","3641094807","3503298681"
"15:01:48.486041","1500","47.76.60.27","80","100.64.0.5","33044","1448","1668115769","1200822382","3641094834","3503298712"
"15:01:48.516776","1500","47.76.60.27","80","100.64.0.5","33044","1448","1668133145","1200822382","3641094868","3503298742"
"15:01:48.546795","1500","47.76.60.27","80","100.64.0.5","33044","1448","1668147625","1200822382","3641094895","3503298772"
"15:01:48.577101","1500","47.76.60.27","80","100.64.0.5","33044","1448","1668163553","1200822382","3641094926","3503298803"
"15:01:48.607193","1500","47.76.60.27","80","100.64.0.5","33044","1448","1668179481","1200822382","3641094956","3503298833"
"15:01:48.637283","1500","47.76.60.27","80","100.64.0.5","33044","1448","1668195409","1200822382","3641094986","3503298864"
"15:01:49.062395","1500","47.76.60.27","80","100.64.0.5","33044","1448","1668044817","1200822382","3641095477","3503299075"
"15:01:49.213278","1500","47.76.60.27","80","100.64.0.5","33044","1448","1668217129","1200822382","3641095614","3503299500"
"15:01:49.243107","1500","47.76.60.27","80","100.64.0.5","33044","1448","1668218577","1200822382","3641095614","3503299500"
"15:01:49.274581","1500","47.76.60.27","80","100.64.0.5","33044","1448","1668053505","1200822382","3641095617","3503299500"
"15:01:49.304129","1500","47.76.60.27","80","100.64.0.5","33044","1448","1668073777","1200822382","3641095655","3503299500"
"15:01:49.335045","1500","47.76.60.27","80","100.64.0.5","33044","1448","1668089705","1200822382","3641095686","3503299500"
"15:01:49.365494","1500","47.76.60.27","80","100.64.0.5","33044","1448","1668104185","1200822382","3641095713","3503299500"
"15:01:49.395249","1500","47.76.60.27","80","100.64.0.5","33044","1448","1668120113","1200822382","3641095744","3503299500"
"15:01:49.426048","1500","47.76.60.27","80","100.64.0.5","33044","1448","1668136041","1200822382","3641095774","3503299651"
"15:01:49.455327","1500","47.76.60.27","80","100.64.0.5","33044","1448","1668151969","1200822382","3641095804","3503299681"
"15:01:49.486100","1500","47.76.60.27","80","100.64.0.5","33044","1448","1668167897","1200822382","3641095835","3503299712"
"15:01:49.516993","1500","47.76.60.27","80","100.64.0.5","33044","1448","1668183825","1200822382","3641095865","3503299742"
"15:01:49.546815","1500","47.76.60.27","80","100.64.0.5","33044","1448","1668201201","1200822382","3641095898","3503299773"
"15:01:49.577969","1500","47.76.60.27","80","100.64.0.5","33044","1448","1668215681","1200822382","3641095926","3503299803"
"15:01:49.608056","1500","47.76.60.27","80","100.64.0.5","33044","1448","1668234505","1200822382","3641095956","3503299833"
"15:01:49.637149","1500","47.76.60.27","80","100.64.0.5","33044","1448","1668237401","1200822382","3641095991","3503299864"
