_ws.col.Time,frame.len,ip.src,tcp.srcport,ip.dst,tcp.dstport,tcp.len,tcp.seq_raw,tcp.ack_raw,tcp.options.timestamp.tsval,tcp.options.timestamp.tsecr
"10:15:33.923742","60","47.74.8.123","80","100.64.0.2","44400","0","3556865134","2499229768","2380997733","3323977801"
"10:15:34.120889","52","47.74.8.123","80","100.64.0.2","44400","0","3556865135","2499229914","2380997929","3323977989"
"10:15:34.120968","1500","47.74.8.123","80","100.64.0.2","44400","1448","3556865135","2499229914","2380997930","3323977989"
"10:15:34.120976","1500","47.74.8.123","80","100.64.0.2","44400","1448","3556866583","2499229914","2380997930","3323977989"
"10:15:34.120982","1500","47.74.8.123","80","100.64.0.2","44400","1448","3556868031","2499229914","2380997930","3323977989"
"10:15:34.120990","1500","47.74.8.123","80","100.64.0.2","44400","1448","3556869479","2499229914","2380997930","3323977989"
"10:15:34.120998","1500","47.74.8.123","80","100.64.0.2","44400","1448","3556870927","2499229914","2380997930","3323977989"
"10:15:34.121004","1500","47.74.8.123","80","100.64.0.2","44400","1448","3556872375","2499229914","2380997930","3323977989"
"10:15:34.121010","1500","47.74.8.123","80","100.64.0.2","44400","1448","3556873823","2499229914","2380997930","3323977989"
"10:15:34.121020","1500","47.74.8.123","80","100.64.0.2","44400","1448","3556875271","2499229914","2380997930","3323977989"
"10:15:34.121032","1500","47.74.8.123","80","100.64.0.2","44400","1448","3556876719","2499229914","2380997930","3323977989"
"10:15:34.121039","1500","47.74.8.123","80","100.64.0.2","44400","1448","3556878167","2499229914","2380997930","3323977989"
"10:15:34.331953","1500","47.74.8.123","80","100.64.0.2","44400","1448","3556879615","2499229914","2380998141","3323978200"
"10:15:34.331964","1500","47.74.8.123","80","100.64.0.2","44400","1448","3556881063","2499229914","2380998141","3323978200"
"10:15:34.347982","1500","47.74.8.123","80","100.64.0.2","44400","1448","3556882511","2499229914","2380998157","3323978215"
"10:15:34.347992","1500","47.74.8.123","80","100.64.0.2","44400","1448","3556883959","2499229914","2380998157","3323978215"
"10:15:34.363032","1500","47.74.8.123","80","100.64.0.2","44400","1448","3556885407","2499229914","2380998172","3323978232"
"10:15:34.363042","1500","47.74.8.123","80","100.64.0.2","44400","1448","3556886855","2499229914","2380998172","3323978232"
"10:15:34.379126","1500","47.74.8.123","80","100.64.0.2","44400","1448","3556888303","2499229914","2380998188","3323978247"
"10:15:34.379137","1500","47.74.8.123","80","100.64.0.2","44400","1448","3556889751","2499229914","2380998188","3323978247"
"10:15:34.394249","1500","47.74.8.123","80","100.64.0.2","44400","1448","3556891199","2499229914","2380998203","3323978262"
"10:15:34.394258","1500","47.74.8.123","80","100.64.0.2","44400","1448","3556892647","2499229914","2380998203","3323978262"
"10:15:34.408307","1500","47.74.8.123","80","100.64.0.2","44400","1448","3556894095","2499229914","2380998217","3323978277"
"10:15:34.408317","1500","47.74.8.123","80","100.64.0.2","44400","1448","3556895543","2499229914","2380998217","3323978277"
"10:15:34.423410","1500","47.74.8.123","80","100.64.0.2","44400","1448","3556896991","2499229914","2380998232","3323978291"
"10:15:34.423421","1500","47.74.8.123","80","100.64.0.2","44400","1448","3556898439","2499229914","2380998232","3323978291"
"10:15:34.439488","1500","47.74.8.123","80","100.64.0.2","44400","1448","3556899887","2499229914","2380998249","3323978306"
"10:15:34.439497","1500","47.74.8.123","80","100.64.0.2","44400","1448","3556901335","2499229914","2380998249","3323978306"
"10:15:34.454534","1500","47.74.8.123","80","100.64.0.2","44400","1448","3556902783","2499229914","2380998264","3323978322"
"10:15:34.454545","1500","47.74.8.123","80","100.64.0.2","44400","1448","3556904231","2499229914","2380998264","3323978322"
"10:15:34.469453","1500","47.74.8.123","80","100.64.0.2","44400","1448","3556905679","2499229914","2380998278","3323978337"
"10:15:34.469468","1500","47.74.8.123","80","100.64.0.2","44400","1448","3556907127","2499229914","2380998278","3323978337"
"10:15:34.529780","1500","47.74.8.123","80","100.64.0.2","44400","1448","3556908575","2499229914","2380998339","3323978397"
"10:15:34.529790","1500","47.74.8.123","80","100.64.0.2","44400","1448","3556910023","2499229914","2380998339","3323978397"
"10:15:34.545655","1500","47.74.8.123","80","100.64.0.2","44400","1448","3556911471","2499229914","2380998355","3323978412"
"10:15:34.545665","1500","47.74.8.123","80","100.64.0.2","44400","1448","3556912919","2499229914","2380998355","3323978412"
"10:15:34.560710","1500","47.74.8.123","80","100.64.0.2","44400","1448","3556914367","2499229914","2380998370","3323978428"
"10:15:34.560722","1500","47.74.8.123","80","100.64.0.2","44400","1448","3556915815","2499229914","2380998370","3323978428"
"10:15:34.575795","1500","47.74.8.123","80","100.64.0.2","44400","1448","3556917263","2499229914","2380998385","3323978443"
"10:15:34.575807","1500","47.74.8.123","80","100.64.0.2","44400","1448","3556918711","2499229914","2380998385","3323978443"
"10:15:34.589873","1500","47.74.8.123","80","100.64.0.2","44400","1448","3556920159","2499229914","2380998399","3323978459"
"10:15:34.589886","1500","47.74.8.123","80","100.64.0.2","44400","1448","3556921607","2499229914","2380998399","3323978459"
"10:15:34.604954","1500","47.74.8.123","80","100.64.0.2","44400","1448","3556923055","2499229914","2380998414","3323978473"
"10:15:34.604963","1500","47.74.8.123","80","100.64.0.2","44400","1448","3556924503","2499229914","2380998414","3323978473"
"10:15:34.620009","1500","47.74.8.123","80","100.64.0.2","44400","1448","3556925951","2499229914","2380998429","3323978489"
"10:15:34.620020","1500","47.74.8.123","80","100.64.0.2","44400","1448","3556927399","2499229914","2380998429","3323978489"
"10:15:34.636169","1500","47.74.8.123","80","100.64.0.2","44400","1448","3556928847","2499229914","2380998445","3323978504"
"10:15:34.636181","1500","47.74.8.123","80","100.64.0.2","44400","1448","3556930295","2499229914","2380998445","3323978504"
"10:15:34.652199","1500","47.74.8.123","80","100.64.0.2","44400","1448","3556931743","2499229914","2380998461","3323978520"
"10:15:34.652210","1500","47.74.8.123","80","100.64.0.2","44400","1448","3556933191","2499229914","2380998461","3323978520"
"10:15:34.666045","1500","47.74.8.123","80","100.64.0.2","44400","1448","3556934639","2499229914","2380998475","3323978535"
"10:15:34.666056","1500","47.74.8.123","80","100.64.0.2","44400","1448","3556936087","2499229914","2380998475","3323978535"
"10:15:34.681118","1500","47.74.8.123","80","100.64.0.2","44400","1448","3556937535","2499229914","2380998490","3323978549"
"10:15:34.681128","1500","47.74.8.123","80","100.64.0.2","44400","1448","3556938983","2499229914","2380998490","3323978549"
"10:15:34.696237","1500","47.74.8.123","80","100.64.0.2","44400","1448","3556940431","2499229914","2380998505","3323978564"
"10:15:34.696248","1500","47.74.8.123","80","100.64.0.2","44400","1448","3556941879","2499229914","2380998505","3323978564"
"10:15:34.711374","1500","47.74.8.123","80","100.64.0.2","44400","1448","3556943327","2499229914","2380998520","3323978579"
"10:15:34.711386","1500","47.74.8.123","80","100.64.0.2","44400","1448","3556944775","2499229914","2380998520","3323978579"
"10:15:34.726387","1500","47.74.8.123","80","100.64.0.2","44400","1448","3556946223","2499229914","2380998535","3323978594"
"10:15:34.726398","1500","47.74.8.123","80","100.64.0.2","44400","1448","3556947671","2499229914","2380998535","3323978594"
"10:15:34.742234","1500","47.74.8.123","80","100.64.0.2","44400","1448","3556949119","2499229914","2380998551","3323978609"
"10:15:34.742244","1500","47.74.8.123","80","100.64.0.2","44400","1448","3556950567","2499229914","2380998551","3323978609"
"10:15:34.757299","1500","47.74.8.123","80","100.64.0.2","44400","1448","3556952015","2499229914","2380998566","3323978625"
"10:15:34.757310","1500","47.74.8.123","80","100.64.0.2","44400","1448","3556953463","2499229914","2380998566","3323978625"
"10:15:34.772454","1500","47.74.8.123","80","100.64.0.2","44400","1448","3556954911","2499229914","2380998582","3323978640"
"10:15:34.772465","1500","47.74.8.123","80","100.64.0.2","44400","1448","3556956359","2499229914","2380998582","3323978640"
"10:15:34.787541","1500","47.74.8.123","80","100.64.0.2","44400","1448","3556957807","2499229914","2380998597","3323978655"
"10:15:34.787552","1500","47.74.8.123","80","100.64.0.2","44400","1448","3556959255","2499229914","2380998597","3323978655"
"10:15:34.802577","1500","47.74.8.123","80","100.64.0.2","44400","1448","3556960703","2499229914","2380998612","3323978670"
"10:15:34.802588","1500","47.74.8.123","80","100.64.0.2","44400","1448","3556962151","2499229914","2380998612","3323978670"
"10:15:34.817440","1500","47.74.8.123","80","100.64.0.2","44400","1448","3556963599","2499229914","2380998627","3323978685"
"10:15:34.817451","1500","47.74.8.123","80","100.64.0.2","44400","1448","3556965047","2499229914","2380998627","3323978685"
"10:15:34.832472","1500","47.74.8.123","80","100.64.0.2","44400","1448","3556966495","2499229914","2380998642","3323978700"
"10:15:34.832482","1500","47.74.8.123","80","100.64.0.2","44400","1448","3556967943","2499229914","2380998642","3323978700"
"10:15:34.848712","1500","47.74.8.123","80","100.64.0.2","44400","1448","3556969391","2499229914","2380998658","3323978715"
"10:15:34.848721","1500","47.74.8.123","80","100.64.0.2","44400","1448","3556970839","2499229914","2380998658","3323978715"
"10:15:34.863717","1500","47.74.8.123","80","100.64.0.2","44400","1448","3556972287","2499229914","2380998673","3323978731"
"10:15:34.863729","1500","47.74.8.123","80","100.64.0.2","44400","1448","3556973735","2499229914","2380998673","3323978731"
"10:15:34.878715","1500","47.74.8.123","80","100.64.0.2","44400","1448","3556975183","2499229914","2380998688","3323978746"
"10:15:34.878725","1500","47.74.8.123","80","100.64.0.2","44400","1448","3556976631","2499229914","2380998688","3323978746"
"10:15:34.893623","1500","47.74.8.123","80","100.64.0.2","44400","1448","3556978079","2499229914","2380998703","3323978761"
"10:15:34.893633","1500","47.74.8.123","80","100.64.0.2","44400","1448","3556979527","2499229914","2380998703","3323978761"
"10:15:34.908648","1500","47.74.8.123","80","100.64.0.2","44400","1448","3556980975","2499229914","2380998718","3323978776"
"10:15:34.908659","1500","47.74.8.123","80","100.64.0.2","44400","1448","3556982423","2499229914","2380998718","3323978776"
"10:15:34.922847","1500","47.74.8.123","80","100.64.0.2","44400","1448","3556983871","2499229914","2380998732","3323978792"
"10:15:34.922857","1500","47.74.8.123","80","100.64.0.2","44400","1448","3556985319","2499229914","2380998732","3323978792"
"10:15:34.938890","1500","47.74.8.123","80","100.64.0.2","44400","1448","3556986767","2499229914","2380998748","3323978807"
"10:15:34.938899","1500","47.74.8.123","80","100.64.0.2","44400","1448","3556988215","2499229914","2380998748","3323978807"
"10:15:34.953910","1500","47.74.8.123","80","100.64.0.2","44400","1448","3556989663","2499229914","2380998763","3323978822"
"10:15:34.953920","1500","47.74.8.123","80","100.64.0.2","44400","1448","3556991111","2499229914","2380998763","3323978822"
"10:15:34.969810","1500","47.74.8.123","80","100.64.0.2","44400","1448","3556992559","2499229914","2380998779","3323978837"
"10:15:34.969820","1500","47.74.8.123","80","100.64.0.2","44400","1448","3556994007","2499229914","2380998779","3323978837"
"10:15:34.985787","1500","47.74.8.123","80","100.64.0.2","44400","1448","3556995455","2499229914","2380998795","3323978853"
"10:15:34.985797","1500","47.74.8.123","80","100.64.0.2","44400","1448","3556996903","2499229914","2380998795","3323978853"
"10:15:34.999960","1500","47.74.8.123","80","100.64.0.2","44400","1448","3556998351","2499229914","2380998809","3323978868"
"10:15:35.015034","1500","47.74.8.123","80","100.64.0.2","44400","1448","3556999799","2499229914","2380998824","3323978883"
"10:15:35.029060","1500","47.74.8.123","80","100.64.0.2","44400","1448","3556924503","2499229914","2380998838","3323978898"
"10:15:35.044948","1500","47.74.8.123","80","100.64.0.2","44400","1448","3557001247","2499229914","2380998854","3323978913"
"10:15:35.075107","1500","47.74.8.123","80","100.64.0.2","44400","1448","3557002695","2499229914","2380998884","3323978943"
"10:15:35.105230","1500","47.74.8.123","80","100.64.0.2","44400","1448","3557004143","2499229914","2380998914","3323978974"
"10:15:35.136179","1500","47.74.8.123","80","100.64.0.2","44400","1448","3557005591","2499229914","2380998945","3323979003"
"10:15:35.166357","1500","47.74.8.123","80","100.64.0.2","44400","1448","3557007039","2499229914","2380998975","3323979034"
"10:15:35.196461","1500","47.74.8.123","80","100.64.0.2","44400","1448","3557008487","2499229914","2380999006","3323979064"
"10:15:35.226414","1500","47.74.8.123","80","100.64.0.2","44400","1448","3557009935","2499229914","2380999035","3323979094"
"10:15:35.257593","1500","47.74.8.123","80","100.64.0.2","44400","1448","3557011383","2499229914","2380999067","3323979125"
"10:15:35.287711","1500","47.74.8.123","80","100.64.0.2","44400","1448","3557012831","2499229914","2380999097","3323979155"
"10:15:35.317635","1500","47.74.8.123","80","100.64.0.2","44400","1448","3557014279","2499229914","2380999127","3323979185"
"10:15:35.347838","1500","47.74.8.123","80","100.64.0.2","44400","1448","3557015727","2499229914","2380999157","3323979216"
"10:15:35.377957","1500","47.74.8.123","80","100.64.0.2","44400","1448","3557017175","2499229914","2380999187","3323979246"
"10:15:35.408827","1500","47.74.8.123","80","100.64.0.2","44400","1448","3556927399","2499229914","2380999218","3323979277"
"10:15:35.439012","1500","47.74.8.123","80","100.64.0.2","44400","1448","3557018623","2499229914","2380999248","3323979307"
"10:15:35.470183","1500","47.74.8.123","80","100.64.0.2","44400","1448","3557020071","2499229914","2380999279","3323979338"
"10:15:35.499027","1500","47.74.8.123","80","100.64.0.2","44400","1448","3557021519","2499229914","2380999308","3323979367"
"10:15:35.529210","1500","47.74.8.123","80","100.64.0.2","44400","1448","3557022967","2499229914","2380999338","3323979397"
"10:15:35.560402","1500","47.74.8.123","80","100.64.0.2","44400","1448","3557024415","2499229914","2380999370","3323979428"
"10:15:35.590230","1500","47.74.8.123","80","100.64.0.2","44400","1448","3557025863","2499229914","2380999399","3323979458"
"10:15:35.636542","1500","47.74.8.123","80","100.64.0.2","44400","1448","3556930295","2499229914","2380999446","3323979503"
"10:15:35.696426","1500","47.74.8.123","80","100.64.0.2","44400","1448","3557027311","2499229914","2380999506","3323979564"
"10:15:35.787599","1500","47.74.8.123","80","100.64.0.2","44400","1448","3557028759","2499229914","2380999597","3323979656"
"10:15:35.832680","1500","47.74.8.123","80","100.64.0.2","44400","1448","3556933191","2499229914","2380999642","3323979700"
"10:15:35.832690","1500","47.74.8.123","80","100.64.0.2","44400","1448","3557030207","2499229914","2380999642","3323979700"
"10:15:35.893794","1500","47.74.8.123","80","100.64.0.2","44400","1448","3557031655","2499229914","2380999703","3323979761"
"10:15:35.985077","1500","47.74.8.123","80","100.64.0.2","44400","1448","3557033103","2499229914","2380999794","3323979853"
"10:15:36.029066","1500","47.74.8.123","80","100.64.0.2","44400","1448","3556936087","2499229914","2380999838","3323979898"
"10:15:36.029077","1500","47.74.8.123","80","100.64.0.2","44400","1448","3557034551","2499229914","2380999838","3323979898"
"10:15:36.045092","1500","47.74.8.123","80","100.64.0.2","44400","1448","3557035999","2499229914","2380999854","3323979912"
"10:15:36.090209","1500","47.74.8.123","80","100.64.0.2","44400","1448","3557037447","2499229914","2380999899","3323979958"
"10:15:36.181494","1500","47.74.8.123","80","100.64.0.2","44400","1448","3557038895","2499229914","2380999991","3323980049"
"10:15:36.226522","1500","47.74.8.123","80","100.64.0.2","44400","1448","3556938983","2499229914","2381000036","3323980094"
"10:15:36.226533","1500","47.74.8.123","80","100.64.0.2","44400","1448","3557040343","2499229914","2381000036","3323980094"
"10:15:36.242590","1500","47.74.8.123","80","100.64.0.2","44400","1448","3557041791","2499229914","2381000052","3323980109"
"10:15:36.257651","1500","47.74.8.123","80","100.64.0.2","44400","1448","3557043239","2499229914","2381000067","3323980125"
"10:15:36.287773","1500","47.74.8.123","80","100.64.0.2","44400","1448","3557044687","2499229914","2381000097","3323980155"
"10:15:36.378073","1500","47.74.8.123","80","100.64.0.2","44400","1448","3557046135","2499229914","2381000187","3323980247"
"10:15:36.423168","1500","47.74.8.123","80","100.64.0.2","44400","1448","3556941879","2499229914","2381000232","3323980292"
"10:15:36.423179","1500","47.74.8.123","80","100.64.0.2","44400","1448","3557047583","2499229914","2381000232","3323980292"
"10:15:36.439220","1500","47.74.8.123","80","100.64.0.2","44400","1448","3557049031","2499229914","2381000248","3323980307"
"10:15:36.454282","1500","47.74.8.123","80","100.64.0.2","44400","1448","3557050479","2499229914","2381000263","3323980322"
"10:15:36.469378","1500","47.74.8.123","80","100.64.0.2","44400","1448","3557051927","2499229914","2381000278","3323980337"
"10:15:36.484422","1500","47.74.8.123","80","100.64.0.2","44400","1448","3557053375","2499229914","2381000294","3323980352"
"10:15:36.575649","1500","47.74.8.123","80","100.64.0.2","44400","1448","3557054823","2499229914","2381000385","3323980443"
"10:15:36.619915","1500","47.74.8.123","80","100.64.0.2","44400","1448","3556944775","2499229914","2381000429","3323980488"
"10:15:36.619927","1500","47.74.8.123","80","100.64.0.2","44400","1448","3557056271","2499229914","2381000429","3323980488"
"10:15:36.635915","1500","47.74.8.123","80","100.64.0.2","44400","1448","3557057719","2499229914","2381000445","3323980503"
"10:15:36.651017","1500","47.74.8.123","80","100.64.0.2","44400","1448","3557059167","2499229914","2381000460","3323980520"
"10:15:36.666090","1500","47.74.8.123","80","100.64.0.2","44400","1448","3557060615","2499229914","2381000475","3323980535"
"10:15:36.682175","1500","47.74.8.123","80","100.64.0.2","44400","1448","3557062063","2499229914","2381000491","3323980550"
"10:15:36.696244","1500","47.74.8.123","80","100.64.0.2","44400","1448","3557063511","2499229914","2381000505","3323980565"
"10:15:36.772468","1500","47.74.8.123","80","100.64.0.2","44400","1448","3557064959","2499229914","2381000582","3323980640"
"10:15:36.817709","1500","47.74.8.123","80","100.64.0.2","44400","1448","3556947671","2499229914","2381000627","3323980685"
"10:15:36.817720","1500","47.74.8.123","80","100.64.0.2","44400","1448","3557066407","2499229914","2381000627","3323980685"
"10:15:36.832747","1500","47.74.8.123","80","100.64.0.2","44400","1448","3557067855","2499229914","2381000642","3323980700"
"10:15:36.847793","1500","47.74.8.123","80","100.64.0.2","44400","1448","3557069303","2499229914","2381000657","3323980715"
"10:15:36.862862","1500","47.74.8.123","80","100.64.0.2","44400","1448","3557070751","2499229914","2381000672","3323980731"
"10:15:36.877974","1500","47.74.8.123","80","100.64.0.2","44400","1448","3557072199","2499229914","2381000687","3323980746"
"10:15:36.908883","1500","47.74.8.123","80","100.64.0.2","44400","1448","3557073647","2499229914","2381000718","3323980777"
"10:15:36.923949","1500","47.74.8.123","80","100.64.0.2","44400","1448","3557075095","2499229914","2381000733","3323980792"
"10:15:36.970235","1500","47.74.8.123","80","100.64.0.2","44400","1448","3557076543","2499229914","2381000779","3323980838"
"10:15:37.014247","1500","47.74.8.123","80","100.64.0.2","44400","1448","3556950567","2499229914","2381000823","3323980882"
"10:15:37.014285","1500","47.74.8.123","80","100.64.0.2","44400","1448","3557077991","2499229914","2381000823","3323980882"
"10:15:37.029228","1500","47.74.8.123","80","100.64.0.2","44400","1448","3557079439","2499229914","2381000838","3323980897"
"10:15:37.045323","1500","47.74.8.123","80","100.64.0.2","44400","1448","3557080887","2499229914","2381000854","3323980912"
"10:15:37.060395","1500","47.74.8.123","80","100.64.0.2","44400","1448","3557082335","2499229914","2381000870","3323980928"
"10:15:37.075508","1500","47.74.8.123","80","100.64.0.2","44400","1448","3557083783","2499229914","2381000885","3323980943"
"10:15:37.090628","1500","47.74.8.123","80","100.64.0.2","44400","1448","3557085231","2499229914","2381000900","3323980958"
"10:15:37.105387","1500","47.74.8.123","80","100.64.0.2","44400","1448","3557086679","2499229914","2381000914","3323980973"
"10:15:37.120444","1500","47.74.8.123","80","100.64.0.2","44400","1448","3557088127","2499229914","2381000930","3323980988"
"10:15:37.165877","1500","47.74.8.123","80","100.64.0.2","44400","1448","3557089575","2499229914","2381000975","3323981034"
"10:15:37.211695","1500","47.74.8.123","80","100.64.0.2","44400","1448","3556953463","2499229914","2381001021","3323981079"
"10:15:37.211706","1500","47.74.8.123","80","100.64.0.2","44400","1448","3557091023","2499229914","2381001021","3323981079"
"10:15:37.228047","1500","47.74.8.123","80","100.64.0.2","44400","1448","3557092471","2499229914","2381001037","3323981095"
"10:15:37.242018","1500","47.74.8.123","80","100.64.0.2","44400","1448","3557093919","2499229914","2381001051","3323981109"
"10:15:37.257105","1500","47.74.8.123","80","100.64.0.2","44400","1448","3557095367","2499229914","2381001066","3323981125"
"10:15:37.272189","1500","47.74.8.123","80","100.64.0.2","44400","1448","3557096815","2499229914","2381001081","3323981140"
"10:15:37.287268","1500","47.74.8.123","80","100.64.0.2","44400","1448","3557098263","2499229914","2381001096","3323981156"
"10:15:37.302551","1500","47.74.8.123","80","100.64.0.2","44400","1448","3557099711","2499229914","2381001112","3323981170"
"10:15:37.317606","1500","47.74.8.123","80","100.64.0.2","44400","1448","3557101159","2499229914","2381001127","3323981185"
"10:15:37.332749","1500","47.74.8.123","80","100.64.0.2","44400","1448","3557102607","2499229914","2381001142","3323981200"
"10:15:37.363421","1500","47.74.8.123","80","100.64.0.2","44400","1448","3557104055","2499229914","2381001173","3323981231"
"10:15:37.407891","1500","47.74.8.123","80","100.64.0.2","44400","1448","3556956359","2499229914","2381001217","3323981276"
"10:15:37.407902","1500","47.74.8.123","80","100.64.0.2","44400","1448","3557105503","2499229914","2381001217","3323981276"
"10:15:37.422926","1500","47.74.8.123","80","100.64.0.2","44400","1448","3557106951","2499229914","2381001232","3323981291"
"10:15:37.439530","1500","47.74.8.123","80","100.64.0.2","44400","1448","3557108399","2499229914","2381001249","3323981307"
"10:15:37.454611","1500","47.74.8.123","80","100.64.0.2","44400","1448","3557109847","2499229914","2381001264","3323981323"
"10:15:37.470645","1500","47.74.8.123","80","100.64.0.2","44400","1448","3557111295","2499229914","2381001280","3323981338"
"10:15:37.484767","1500","47.74.8.123","80","100.64.0.2","44400","1448","3557112743","2499229914","2381001294","3323981353"
"10:15:37.499058","1500","47.74.8.123","80","100.64.0.2","44400","1448","3557114191","2499229914","2381001308","3323981367"
"10:15:37.520101","1500","47.74.8.123","80","100.64.0.2","44400","1448","3557115639","2499229914","2381001329","3323981382"
"10:15:37.529195","1500","47.74.8.123","80","100.64.0.2","44400","1448","3557117087","2499229914","2381001338","3323981398"
"10:15:37.545786","1500","47.74.8.123","80","100.64.0.2","44400","1448","3557118535","2499229914","2381001355","3323981413"
"10:15:37.559880","1500","47.74.8.123","80","100.64.0.2","44400","1448","3557119983","2499229914","2381001369","3323981428"
"10:15:37.605346","1500","47.74.8.123","80","100.64.0.2","44400","1448","3556959255","2499229914","2381001414","3323981474"
"10:15:37.605357","1500","47.74.8.123","80","100.64.0.2","44400","1448","3557121431","2499229914","2381001414","3323981474"
"10:15:37.619913","1500","47.74.8.123","80","100.64.0.2","44400","1448","3557122879","2499229914","2381001429","3323981489"
"10:15:37.635989","1500","47.74.8.123","80","100.64.0.2","44400","1448","3557124327","2499229914","2381001445","3323981503"
"10:15:37.651089","1500","47.74.8.123","80","100.64.0.2","44400","1448","3557125775","2499229914","2381001460","3323981519"
"10:15:37.666157","1500","47.74.8.123","80","100.64.0.2","44400","1448","3557127223","2499229914","2381001475","3323981534"
"10:15:37.681470","1500","47.74.8.123","80","100.64.0.2","44400","1448","3557128671","2499229914","2381001491","3323981550"
"10:15:37.696018","1500","47.74.8.123","80","100.64.0.2","44400","1448","3557130119","2499229914","2381001505","3323981564"
"10:15:37.711106","1500","47.74.8.123","80","100.64.0.2","44400","1448","3557131567","2499229914","2381001520","3323981579"
"10:15:37.726192","1500","47.74.8.123","80","100.64.0.2","44400","1448","3557133015","2499229914","2381001535","3323981594"
"10:15:37.742299","1500","47.74.8.123","80","100.64.0.2","44400","1448","3557134463","2499229914","2381001551","3323981609"
"10:15:37.757588","1500","47.74.8.123","80","100.64.0.2","44400","1448","3557135911","2499229914","2381001567","3323981625"
"10:15:37.772126","1500","47.74.8.123","80","100.64.0.2","44400","1448","3557137359","2499229914","2381001581","3323981640"
"10:15:37.802313","1500","47.74.8.123","80","100.64.0.2","44400","1448","3556962151","2499229914","2381001611","3323981670"
"10:15:37.802324","1500","47.74.8.123","80","100.64.0.2","44400","1448","3557138807","2499229914","2381001611","3323981670"
"10:15:37.817389","1500","47.74.8.123","80","100.64.0.2","44400","1448","3557140255","2499229914","2381001627","3323981685"
"10:15:37.832691","1500","47.74.8.123","80","100.64.0.2","44400","1448","3557141703","2499229914","2381001642","3323981700"
"10:15:37.848201","1500","47.74.8.123","80","100.64.0.2","44400","1448","3557143151","2499229914","2381001657","3323981715"
"10:15:37.863327","1500","47.74.8.123","80","100.64.0.2","44400","1448","3557144599","2499229914","2381001672","3323981731"
"10:15:37.878522","1500","47.74.8.123","80","100.64.0.2","44400","1448","3557146047","2499229914","2381001688","3323981746"
"10:15:37.893495","1500","47.74.8.123","80","100.64.0.2","44400","1448","3557147495","2499229914","2381001703","3323981762"
"10:15:37.907768","1500","47.74.8.123","80","100.64.0.2","44400","1448","3557148943","2499229914","2381001717","3323981776"
"10:15:37.922893","1500","47.74.8.123","80","100.64.0.2","44400","1448","3557150391","2499229914","2381001732","3323981791"
"10:15:37.939541","1500","47.74.8.123","80","100.64.0.2","44400","1448","3557151839","2499229914","2381001749","3323981806"
"10:15:37.954641","1500","47.74.8.123","80","100.64.0.2","44400","1448","3557153287","2499229914","2381001764","3323981822"
"10:15:37.970599","1500","47.74.8.123","80","100.64.0.2","44400","1448","3557154735","2499229914","2381001780","3323981838"
"10:15:37.984906","1500","47.74.8.123","80","100.64.0.2","44400","1448","3557156183","2499229914","2381001794","3323981853"
"10:15:37.999053","1500","47.74.8.123","80","100.64.0.2","44400","1448","3556965047","2499229914","2381001808","3323981867"
"10:15:37.999069","1500","47.74.8.123","80","100.64.0.2","44400","1448","3557157631","2499229914","2381001808","3323981867"
"10:15:38.014664","1500","47.74.8.123","80","100.64.0.2","44400","1448","3557159079","2499229914","2381001824","3323981882"
"10:15:38.029742","1500","47.74.8.123","80","100.64.0.2","44400","1448","3557160527","2499229914","2381001839","3323981897"
"10:15:38.045683","1500","47.74.8.123","80","100.64.0.2","44400","1448","3557161975","2499229914","2381001855","3323981913"
"10:15:38.060007","1500","47.74.8.123","80","100.64.0.2","44400","1448","3557163423","2499229914","2381001869","3323981928"
"10:15:38.075193","1500","47.74.8.123","80","100.64.0.2","44400","1448","3557164871","2499229914","2381001884","3323981943"
"10:15:38.090771","1500","47.74.8.123","80","100.64.0.2","44400","1448","3557166319","2499229914","2381001900","3323981959"
"10:15:38.104832","1500","47.74.8.123","80","100.64.0.2","44400","1448","3557167767","2499229914","2381001914","3323981974"
"10:15:38.120788","1500","47.74.8.123","80","100.64.0.2","44400","1448","3557169215","2499229914","2381001930","3323981988"
"10:15:38.136140","1500","47.74.8.123","80","100.64.0.2","44400","1448","3557170663","2499229914","2381001945","3323982003"
"10:15:38.151303","1500","47.74.8.123","80","100.64.0.2","44400","1448","3557172111","2499229914","2381001960","3323982020"
"10:15:38.166894","1500","47.74.8.123","80","100.64.0.2","44400","1448","3557173559","2499229914","2381001976","3323982035"
"10:15:38.180921","1500","47.74.8.123","80","100.64.0.2","44400","1448","3557175007","2499229914","2381001990","3323982050"
"10:15:38.195942","1500","47.74.8.123","80","100.64.0.2","44400","1448","3557176455","2499229914","2381002005","3323982064"
"10:15:38.211294","1500","47.74.8.123","80","100.64.0.2","44400","1448","3556967943","2499229914","2381002020","3323982079"
"10:15:38.211304","1500","47.74.8.123","80","100.64.0.2","44400","1448","3557177903","2499229914","2381002020","3323982079"
"10:15:38.226444","1500","47.74.8.123","80","100.64.0.2","44400","1448","3557179351","2499229914","2381002036","3323982095"
"10:15:38.242006","1500","47.74.8.123","80","100.64.0.2","44400","1448","3557180799","2499229914","2381002051","3323982110"
"10:15:38.257032","1500","47.74.8.123","80","100.64.0.2","44400","1448","3557182247","2499229914","2381002066","3323982126"
"10:15:38.272073","1500","47.74.8.123","80","100.64.0.2","44400","1448","3557183695","2499229914","2381002081","3323982140"
"10:15:38.287423","1500","47.74.8.123","80","100.64.0.2","44400","1448","3557185143","2499229914","2381002097","3323982155"
"10:15:38.302584","1500","47.74.8.123","80","100.64.0.2","44400","1448","3557186591","2499229914","2381002112","3323982170"
"10:15:38.317119","1500","47.74.8.123","80","100.64.0.2","44400","1448","3557188039","2499229914","2381002126","3323982185"
"10:15:38.332174","1500","47.74.8.123","80","100.64.0.2","44400","1448","3557189487","2499229914","2381002141","3323982200"
"10:15:38.348183","1500","47.74.8.123","80","100.64.0.2","44400","1448","3557190935","2499229914","2381002157","3323982215"
"10:15:38.363563","1500","47.74.8.123","80","100.64.0.2","44400","1448","3557192383","2499229914","2381002173","3323982231"
"10:15:38.378755","1500","47.74.8.123","80","100.64.0.2","44400","1448","3557193831","2499229914","2381002188","3323982246"
"10:15:38.439752","1500","47.74.8.123","80","100.64.0.2","44400","1448","3556970839","2499229914","2381002249","3323982307"
"10:15:38.439767","1500","47.74.8.123","80","100.64.0.2","44400","1448","3557195279","2499229914","2381002249","3323982307"
"10:15:38.439772","1500","47.74.8.123","80","100.64.0.2","44400","1448","3557196727","2499229914","2381002249","3323982307"
"10:15:38.439776","1500","47.74.8.123","80","100.64.0.2","44400","1448","3557198175","2499229914","2381002249","3323982307"
"10:15:38.439785","1500","47.74.8.123","80","100.64.0.2","44400","1448","3557199623","2499229914","2381002249","3323982307"
"10:15:38.636484","1500","47.74.8.123","80","100.64.0.2","44400","1448","3556973735","2499229914","2381002445","3323982503"
"10:15:38.636498","1500","47.74.8.123","80","100.64.0.2","44400","1448","3557201071","2499229914","2381002445","3323982503"
"10:15:38.636503","1500","47.74.8.123","80","100.64.0.2","44400","1448","3557202519","2499229914","2381002445","3323982503"
"10:15:38.636508","1500","47.74.8.123","80","100.64.0.2","44400","1448","3557203967","2499229914","2381002445","3323982503"
"10:15:38.636513","1500","47.74.8.123","80","100.64.0.2","44400","1448","3557205415","2499229914","2381002445","3323982503"
"10:15:38.832178","1500","47.74.8.123","80","100.64.0.2","44400","1448","3556976631","2499229914","2381002641","3323982701"
"10:15:38.832189","1500","47.74.8.123","80","100.64.0.2","44400","1448","3557206863","2499229914","2381002641","3323982701"
"10:15:38.832221","1500","47.74.8.123","80","100.64.0.2","44400","1448","3557208311","2499229914","2381002641","3323982701"
"10:15:38.832229","1500","47.74.8.123","80","100.64.0.2","44400","1448","3557209759","2499229914","2381002641","3323982701"
"10:15:38.832234","1500","47.74.8.123","80","100.64.0.2","44400","1448","3557211207","2499229914","2381002641","3323982701"
"10:15:39.029930","1500","47.74.8.123","80","100.64.0.2","44400","1448","3556979527","2499229914","2381002839","3323982897"
"10:15:39.029942","1500","47.74.8.123","80","100.64.0.2","44400","1448","3557212655","2499229914","2381002839","3323982897"
"10:15:39.029946","1500","47.74.8.123","80","100.64.0.2","44400","1448","3557214103","2499229914","2381002839","3323982897"
"10:15:39.029951","1500","47.74.8.123","80","100.64.0.2","44400","1448","3557215551","2499229914","2381002839","3323982897"
"10:15:39.029955","1500","47.74.8.123","80","100.64.0.2","44400","1448","3557216999","2499229914","2381002839","3323982897"
"10:15:39.226734","1500","47.74.8.123","80","100.64.0.2","44400","1448","3556982423","2499229914","2381003036","3323983094"
"10:15:39.226748","1500","47.74.8.123","80","100.64.0.2","44400","1448","3557218447","2499229914","2381003036","3323983094"
"10:15:39.226753","1500","47.74.8.123","80","100.64.0.2","44400","1448","3557219895","2499229914","2381003036","3323983094"
"10:15:39.226771","1500","47.74.8.123","80","100.64.0.2","44400","1448","3557221343","2499229914","2381003036","3323983094"
"10:15:39.226780","1500","47.74.8.123","80","100.64.0.2","44400","1448","3557222791","2499229914","2381003036","3323983094"
"10:15:39.423390","1500","47.74.8.123","80","100.64.0.2","44400","1448","3556985319","2499229914","2381003232","3323983292"
"10:15:39.423402","1500","47.74.8.123","80","100.64.0.2","44400","1448","3557224239","2499229914","2381003232","3323983292"
"10:15:39.423408","1500","47.74.8.123","80","100.64.0.2","44400","1448","3557225687","2499229914","2381003232","3323983292"
"10:15:39.423412","1500","47.74.8.123","80","100.64.0.2","44400","1448","3557227135","2499229914","2381003232","3323983292"
"10:15:39.423421","1500","47.74.8.123","80","100.64.0.2","44400","1448","3557228583","2499229914","2381003232","3323983292"
"10:15:39.620022","1500","47.74.8.123","80","100.64.0.2","44400","1448","3556988215","2499229914","2381003429","3323983488"
"10:15:39.620033","1500","47.74.8.123","80","100.64.0.2","44400","1448","3557230031","2499229914","2381003429","3323983488"
"10:15:39.620038","1500","47.74.8.123","80","100.64.0.2","44400","1448","3557231479","2499229914","2381003429","3323983488"
"10:15:39.620075","1500","47.74.8.123","80","100.64.0.2","44400","1448","3557232927","2499229914","2381003429","3323983488"
"10:15:39.620087","1500","47.74.8.123","80","100.64.0.2","44400","1448","3557234375","2499229914","2381003429","3323983488"
"10:15:39.817709","1500","47.74.8.123","80","100.64.0.2","44400","1448","3556991111","2499229914","2381003627","3323983685"
"10:15:39.817721","1500","47.74.8.123","80","100.64.0.2","44400","1448","3557235823","2499229914","2381003627","3323983685"
"10:15:39.817726","1500","47.74.8.123","80","100.64.0.2","44400","1448","3557237271","2499229914","2381003627","3323983685"
"10:15:39.817730","1500","47.74.8.123","80","100.64.0.2","44400","1448","3557238719","2499229914","2381003627","3323983685"
"10:15:39.817736","1500","47.74.8.123","80","100.64.0.2","44400","1448","3557240167","2499229914","2381003627","3323983685"
"10:15:40.014391","1500","47.74.8.123","80","100.64.0.2","44400","1448","3556994007","2499229914","2381003823","3323983883"
"10:15:40.014404","1500","47.74.8.123","80","100.64.0.2","44400","1448","3557241615","2499229914","2381003823","3323983883"
"10:15:40.014409","1500","47.74.8.123","80","100.64.0.2","44400","1448","3557243063","2499229914","2381003823","3323983883"
"10:15:40.014414","1500","47.74.8.123","80","100.64.0.2","44400","1448","3557244511","2499229914","2381003823","3323983883"
"10:15:40.014418","1500","47.74.8.123","80","100.64.0.2","44400","1448","3557245959","2499229914","2381003823","3323983883"
"10:15:40.211047","1500","47.74.8.123","80","100.64.0.2","44400","1448","3556996903","2499229914","2381004020","3323984079"
"10:15:40.211059","1500","47.74.8.123","80","100.64.0.2","44400","1448","3557247407","2499229914","2381004020","3323984079"
"10:15:40.211064","1500","47.74.8.123","80","100.64.0.2","44400","1448","3557248855","2499229914","2381004020","3323984079"
"10:15:40.211070","1500","47.74.8.123","80","100.64.0.2","44400","1448","3557250303","2499229914","2381004020","3323984079"
"10:15:40.211108","1500","47.74.8.123","80","100.64.0.2","44400","1448","3557251751","2499229914","2381004020","3323984079"
"10:15:40.407051","1500","47.74.8.123","80","100.64.0.2","44400","1448","3557253199","2499229914","2381004217","3323984276"
"10:15:40.407096","1500","47.74.8.123","80","100.64.0.2","44400","1448","3557254647","2499229914","2381004217","3323984276"
"10:15:40.407102","1500","47.74.8.123","80","100.64.0.2","44400","1448","3557256095","2499229914","2381004217","3323984276"
"10:15:40.407106","1500","47.74.8.123","80","100.64.0.2","44400","1448","3557257543","2499229914","2381004217","3323984276"
"10:15:40.407112","1500","47.74.8.123","80","100.64.0.2","44400","1448","3557258991","2499229914","2381004217","3323984276"
"10:15:40.407120","1500","47.74.8.123","80","100.64.0.2","44400","1448","3557260439","2499229914","2381004217","3323984276"
"10:15:40.407127","1500","47.74.8.123","80","100.64.0.2","44400","1448","3557261887","2499229914","2381004217","3323984276"
"10:15:40.407132","1500","47.74.8.123","80","100.64.0.2","44400","1448","3557263335","2499229914","2381004217","3323984276"
"10:15:40.407141","1500","47.74.8.123","80","100.64.0.2","44400","1448","3557264783","2499229914","2381004217","3323984276"
"10:15:40.407148","1500","47.74.8.123","80","100.64.0.2","44400","1448","3557266231","2499229914","2381004217","3323984276"
"10:15:40.408316","1500","47.74.8.123","80","100.64.0.2","44400","1448","3557267679","2499229914","2381004217","3323984276"
"10:15:40.408325","1500","47.74.8.123","80","100.64.0.2","44400","1448","3557269127","2499229914","2381004217","3323984276"
"10:15:40.408329","1500","47.74.8.123","80","100.64.0.2","44400","1448","3557270575","2499229914","2381004217","3323984276"
"10:15:40.408335","1500","47.74.8.123","80","100.64.0.2","44400","1448","3557272023","2499229914","2381004217","3323984276"
"10:15:40.408343","1500","47.74.8.123","80","100.64.0.2","44400","1448","3557273471","2499229914","2381004217","3323984276"
"10:15:40.408347","1500","47.74.8.123","80","100.64.0.2","44400","1448","3557274919","2499229914","2381004217","3323984276"
"10:15:40.408355","1500","47.74.8.123","80","100.64.0.2","44400","1448","3557276367","2499229914","2381004217","3323984276"
"10:15:40.408361","1500","47.74.8.123","80","100.64.0.2","44400","1448","3557277815","2499229914","2381004217","3323984276"
"10:15:40.408381","1500","47.74.8.123","80","100.64.0.2","44400","1448","3557279263","2499229914","2381004217","3323984276"
"10:15:40.408386","1500","47.74.8.123","80","100.64.0.2","44400","1448","3557280711","2499229914","2381004217","3323984276"
"10:15:40.408392","1500","47.74.8.123","80","100.64.0.2","44400","1448","3557282159","2499229914","2381004217","3323984276"
"10:15:40.408396","1500","47.74.8.123","80","100.64.0.2","44400","1448","3557283607","2499229914","2381004217","3323984276"
"10:15:40.422903","1500","47.74.8.123","80","100.64.0.2","44400","1448","3557285055","2499229914","2381004232","3323984291"
"10:15:40.438940","1500","47.74.8.123","80","100.64.0.2","44400","1448","3557286503","2499229914","2381004248","3323984306"
"10:15:40.454015","1500","47.74.8.123","80","100.64.0.2","44400","1448","3557287951","2499229914","2381004263","3323984323"
"10:15:40.470139","1500","47.74.8.123","80","100.64.0.2","44400","1448","3557289399","2499229914","2381004279","3323984338"
"10:15:40.605815","1500","47.74.8.123","80","100.64.0.2","44400","1448","3557290847","2499229914","2381004415","3323984473"
"10:15:40.619902","1500","47.74.8.123","80","100.64.0.2","44400","1448","3557292295","2499229914","2381004429","3323984488"
"10:15:40.636027","1500","47.74.8.123","80","100.64.0.2","44400","1448","3557293743","2499229914","2381004445","3323984503"
"10:15:40.651116","1500","47.74.8.123","80","100.64.0.2","44400","1448","3557295191","2499229914","2381004460","3323984520"
"10:15:40.666252","1500","47.74.8.123","80","100.64.0.2","44400","1448","3557296639","2499229914","2381004475","3323984535"
"10:15:40.682396","1500","47.74.8.123","80","100.64.0.2","44400","1448","3557298087","2499229914","2381004492","3323984550"
"10:15:40.696511","1500","47.74.8.123","80","100.64.0.2","44400","1448","3557299535","2499229914","2381004506","3323984564"
"10:15:40.711690","1500","47.74.8.123","80","100.64.0.2","44400","1448","3557300983","2499229914","2381004521","3323984579"
"10:15:40.726781","1500","47.74.8.123","80","100.64.0.2","44400","1448","3557302431","2499229914","2381004536","3323984594"
"10:15:40.742408","1500","47.74.8.123","80","100.64.0.2","44400","1448","3557303879","2499229914","2381004552","3323984609"
"10:15:40.757524","1500","47.74.8.123","80","100.64.0.2","44400","1448","3557305327","2499229914","2381004567","3323984625"
"10:15:40.772664","1500","47.74.8.123","80","100.64.0.2","44400","1448","3557306775","2499229914","2381004582","3323984640"
"10:15:40.786809","1500","47.74.8.123","80","100.64.0.2","44400","1448","3557308223","2499229914","2381004596","3323984656"
"10:15:40.801900","1500","47.74.8.123","80","100.64.0.2","44400","1448","3557309671","2499229914","2381004611","3323984670"
"10:15:40.817578","1500","47.74.8.123","80","100.64.0.2","44400","1448","3557311119","2499229914","2381004627","3323984685"
"10:15:40.832670","1500","47.74.8.123","80","100.64.0.2","44400","1448","3557272023","2499229914","2381004642","3323984700"
"10:15:40.862937","1500","47.74.8.123","80","100.64.0.2","44400","1448","3557312567","2499229914","2381004672","3323984732"
"10:15:40.893699","1500","47.74.8.123","80","100.64.0.2","44400","1448","3557314015","2499229914","2381004703","3323984761"
"10:15:40.922890","1500","47.74.8.123","80","100.64.0.2","44400","1448","3557315463","2499229914","2381004732","3323984792"
"10:15:40.954112","1500","47.74.8.123","80","100.64.0.2","44400","1448","3557316911","2499229914","2381004763","3323984823"
"10:15:40.984931","1500","47.74.8.123","80","100.64.0.2","44400","1448","3557318359","2499229914","2381004794","3323984853"
"10:15:41.014129","1500","47.74.8.123","80","100.64.0.2","44400","1448","3557319807","2499229914","2381004823","3323984882"
"10:15:41.045341","1500","47.74.8.123","80","100.64.0.2","44400","1448","3557321255","2499229914","2381004854","3323984913"
"10:15:41.075127","1500","47.74.8.123","80","100.64.0.2","44400","1448","3557322703","2499229914","2381004884","3323984943"
"10:15:41.105378","1500","47.74.8.123","80","100.64.0.2","44400","1448","3557273471","2499229914","2381004914","3323984973"
"10:15:41.151241","1500","47.74.8.123","80","100.64.0.2","44400","1448","3557324151","2499229914","2381004960","3323985019"
"10:15:41.181536","1500","47.74.8.123","80","100.64.0.2","44400","1448","3557325599","2499229914","2381004991","3323985049"
"10:15:41.211585","702","47.74.8.123","80","100.64.0.2","44400","650","3557327047","2499229914","2381005021","3323985079"
"10:15:41.302815","1500","47.74.8.123","80","100.64.0.2","44400","1448","3557274919","2499229914","2381005112","3323985170"
"10:15:41.499088","1500","47.74.8.123","80","100.64.0.2","44400","1448","3557276367","2499229914","2381005308","3323985368"
"10:15:41.696408","1500","47.74.8.123","80","100.64.0.2","44400","1448","3557277815","2499229914","2381005505","3323985564"
"10:15:41.893666","1500","47.74.8.123","80","100.64.0.2","44400","1448","3557279263","2499229914","2381005703","3323985761"
"10:15:42.090897","1500","47.74.8.123","80","100.64.0.2","44400","1448","3557280711","2499229914","2381005900","3323985959"
"10:15:42.287235","1500","47.74.8.123","80","100.64.0.2","44400","1448","3557282159","2499229914","2381006096","3323986155"
"10:15:42.484546","1500","47.74.8.123","80","100.64.0.2","44400","1448","3557283607","2499229914","2381006294","3323986352"
"10:15:42.681384","52","47.74.8.123","80","100.64.0.2","44400","0","3557327697","2499230060","2381006490","3323986551"
"10:15:42.681400","1500","47.74.8.123","80","100.64.0.2","44400","1448","3557327697","2499230060","2381006490","3323986551"
"10:15:42.681405","1500","47.74.8.123","80","100.64.0.2","44400","1448","3557329145","2499230060","2381006490","3323986551"
"10:15:42.681410","1500","47.74.8.123","80","100.64.0.2","44400","1448","3557330593","2499230060","2381006490","3323986551"
"10:15:42.681414","1500","47.74.8.123","80","100.64.0.2","44400","1448","3557332041","2499230060","2381006490","3323986551"
"10:15:42.681422","1500","47.74.8.123","80","100.64.0.2","44400","1448","3557333489","2499230060","2381006490","3323986551"
"10:15:42.681429","1500","47.74.8.123","80","100.64.0.2","44400","1448","3557334937","2499230060","2381006490","3323986551"
"10:15:42.681434","1500","47.74.8.123","80","100.64.0.2","44400","1448","3557336385","2499230060","2381006490","3323986551"
"10:15:42.681439","1500","47.74.8.123","80","100.64.0.2","44400","1448","3557337833","2499230060","2381006490","3323986551"
"10:15:42.681446","1500","47.74.8.123","80","100.64.0.2","44400","1448","3557339281","2499230060","2381006490","3323986551"
"10:15:42.681452","1500","47.74.8.123","80","100.64.0.2","44400","1448","3557340729","2499230060","2381006490","3323986551"
"10:15:42.681459","1500","47.74.8.123","80","100.64.0.2","44400","1448","3557342177","2499230060","2381006490","3323986551"
"10:15:42.681467","1500","47.74.8.123","80","100.64.0.2","44400","1448","3557343625","2499230060","2381006490","3323986551"
"10:15:42.681473","1500","47.74.8.123","80","100.64.0.2","44400","1448","3557345073","2499230060","2381006490","3323986551"
"10:15:42.895506","1500","47.74.8.123","80","100.64.0.2","44400","1448","3557346521","2499230060","2381006703","3323986762"
"10:15:42.908316","1500","47.74.8.123","80","100.64.0.2","44400","1448","3557347969","2499230060","2381006717","3323986777"
"10:15:42.923412","1500","47.74.8.123","80","100.64.0.2","44400","1448","3557349417","2499230060","2381006733","3323986791"
"10:15:42.939529","1500","47.74.8.123","80","100.64.0.2","44400","1448","3557350865","2499230060","2381006749","3323986806"
"10:15:42.954631","1500","47.74.8.123","80","100.64.0.2","44400","1448","3557352313","2499230060","2381006764","3323986822"
"10:15:42.969751","1500","47.74.8.123","80","100.64.0.2","44400","1448","3557353761","2499230060","2381006779","3323986837"
"10:15:42.983893","1500","47.74.8.123","80","100.64.0.2","44400","1448","3557355209","2499230060","2381006793","3323986852"
"10:15:42.999016","1500","47.74.8.123","80","100.64.0.2","44400","1448","3557356657","2499230060","2381006808","3323986867"
"10:15:43.014166","1500","47.74.8.123","80","100.64.0.2","44400","1448","3557358105","2499230060","2381006823","3323986882"
"10:15:43.029773","1500","47.74.8.123","80","100.64.0.2","44400","1448","3557359553","2499230060","2381006839","3323986898"
"10:15:43.044886","1500","47.74.8.123","80","100.64.0.2","44400","1448","3557361001","2499230060","2381006854","3323986913"
"10:15:43.060094","1500","47.74.8.123","80","100.64.0.2","44400","1448","3557362449","2499230060","2381006869","3323986928"
"10:15:43.060105","1500","47.74.8.123","80","100.64.0.2","44400","1448","3557363897","2499230060","2381006869","3323986928"
"10:15:43.075165","1500","47.74.8.123","80","100.64.0.2","44400","1448","3557365345","2499230060","2381006884","3323986943"
"10:15:43.090294","1500","47.74.8.123","80","100.64.0.2","44400","1448","3557366793","2499230060","2381006899","3323986959"
"10:15:43.105938","1500","47.74.8.123","80","100.64.0.2","44400","1448","3557368241","2499230060","2381006915","3323986974"
"10:15:43.120067","1500","47.74.8.123","80","100.64.0.2","44400","1448","3557369689","2499230060","2381006929","3323986988"
"10:15:43.136217","1500","47.74.8.123","80","100.64.0.2","44400","1448","3557371137","2499230060","2381006945","3323987003"
"10:15:43.151313","1500","47.74.8.123","80","100.64.0.2","44400","1448","3557372585","2499230060","2381006960","3323987019"
"10:15:43.166410","1500","47.74.8.123","80","100.64.0.2","44400","1448","3557374033","2499230060","2381006976","3323987035"
"10:15:43.181078","1500","47.74.8.123","80","100.64.0.2","44400","1448","3557375481","2499230060","2381006990","3323987049"
"10:15:43.196237","1500","47.74.8.123","80","100.64.0.2","44400","1448","3557376929","2499230060","2381007005","3323987064"
"10:15:43.211381","1500","47.74.8.123","80","100.64.0.2","44400","1448","3557378377","2499230060","2381007020","3323987079"
"10:15:43.226459","1500","47.74.8.123","80","100.64.0.2","44400","1448","3557379825","2499230060","2381007036","3323987094"
"10:15:43.242535","1500","47.74.8.123","80","100.64.0.2","44400","1448","3557381273","2499230060","2381007052","3323987109"
"10:15:43.257222","1500","47.74.8.123","80","100.64.0.2","44400","1448","3557382721","2499230060","2381007066","3323987125"
"10:15:43.272386","1500","47.74.8.123","80","100.64.0.2","44400","1448","3557384169","2499230060","2381007081","3323987140"
"10:15:43.272397","1500","47.74.8.123","80","100.64.0.2","44400","1448","3557385617","2499230060","2381007081","3323987140"
"10:15:43.287543","1500","47.74.8.123","80","100.64.0.2","44400","1448","3557387065","2499230060","2381007097","3323987155"
"10:15:43.302590","1500","47.74.8.123","80","100.64.0.2","44400","1448","3557388513","2499230060","2381007112","3323987170"
"10:15:43.317699","1500","47.74.8.123","80","100.64.0.2","44400","1448","3557389961","2499230060","2381007127","3323987185"
"10:15:43.332381","1500","47.74.8.123","80","100.64.0.2","44400","1448","3557391409","2499230060","2381007141","3323987200"
"10:15:43.348555","1500","47.74.8.123","80","100.64.0.2","44400","1448","3557392857","2499230060","2381007158","3323987215"
"10:15:43.363677","1500","47.74.8.123","80","100.64.0.2","44400","1448","3557394305","2499230060","2381007173","3323987231"
"10:15:43.378725","1500","47.74.8.123","80","100.64.0.2","44400","1448","3557395753","2499230060","2381007188","3323987246"
"10:15:43.392828","1500","47.74.8.123","80","100.64.0.2","44400","1448","3557397201","2499230060","2381007202","3323987261"
"10:15:43.408526","1500","47.74.8.123","80","100.64.0.2","44400","1448","3557398649","2499230060","2381007218","3323987276"
"10:15:43.423667","1500","47.74.8.123","80","100.64.0.2","44400","1448","3557400097","2499230060","2381007233","3323987291"
"10:15:43.439804","1500","47.74.8.123","80","100.64.0.2","44400","1448","3557401545","2499230060","2381007249","3323987307"
"10:15:43.454826","1500","47.74.8.123","80","100.64.0.2","44400","1448","3557402993","2499230060","2381007264","3323987323"
"10:15:43.468947","1500","47.74.8.123","80","100.64.0.2","44400","1448","3557404441","2499230060","2381007278","3323987337"
"10:15:43.484676","1500","47.74.8.123","80","100.64.0.2","44400","1448","3557405889","2499230060","2381007294","3323987353"
"10:15:43.499838","1500","47.74.8.123","80","100.64.0.2","44400","1448","3557407337","2499230060","2381007309","3323987368"
"10:15:43.499848","1500","47.74.8.123","80","100.64.0.2","44400","1448","3557408785","2499230060","2381007309","3323987368"
"10:15:43.514964","1500","47.74.8.123","80","100.64.0.2","44400","1448","3557410233","2499230060","2381007324","3323987383"
"10:15:43.529573","1500","47.74.8.123","80","100.64.0.2","44400","1448","3557411681","2499230060","2381007339","3323987398"
"10:15:43.545082","1500","47.74.8.123","80","100.64.0.2","44400","1448","3557413129","2499230060","2381007354","3323987412"
"10:15:43.559797","1500","47.74.8.123","80","100.64.0.2","44400","1448","3557414577","2499230060","2381007369","3323987429"
"10:15:43.574971","1500","47.74.8.123","80","100.64.0.2","44400","1448","3557416025","2499230060","2381007384","3323987444"
"10:15:43.590133","1500","47.74.8.123","80","100.64.0.2","44400","1448","3557417473","2499230060","2381007399","3323987459"
"10:15:43.605714","1500","47.74.8.123","80","100.64.0.2","44400","1448","3557418921","2499230060","2381007415","3323987473"
"10:15:43.621232","1500","47.74.8.123","80","100.64.0.2","44400","1448","3557420369","2499230060","2381007430","3323987489"
"10:15:43.635992","1500","47.74.8.123","80","100.64.0.2","44400","1448","3557421817","2499230060","2381007445","3323987504"
"10:15:43.651124","1500","47.74.8.123","80","100.64.0.2","44400","1448","3557423265","2499230060","2381007460","3323987519"
"10:15:43.666317","1500","47.74.8.123","80","100.64.0.2","44400","1448","3557424713","2499230060","2381007475","3323987535"
"10:15:43.680865","1500","47.74.8.123","80","100.64.0.2","44400","1448","3557426161","2499230060","2381007490","3323987549"
"10:15:43.696386","1500","47.74.8.123","80","100.64.0.2","44400","1448","3557427609","2499230060","2381007505","3323987565"
"10:15:43.711168","1500","47.74.8.123","80","100.64.0.2","44400","1448","3557429057","2499230060","2381007520","3323987579"
"10:15:43.726314","1500","47.74.8.123","80","100.64.0.2","44400","1448","3557430505","2499230060","2381007535","3323987594"
"10:15:43.743505","1500","47.74.8.123","80","100.64.0.2","44400","1448","3557431953","2499230060","2381007553","3323987610"
"10:15:43.743516","1500","47.74.8.123","80","100.64.0.2","44400","1448","3557433401","2499230060","2381007553","3323987610"
"10:15:43.757000","1500","47.74.8.123","80","100.64.0.2","44400","1448","3557434849","2499230060","2381007566","3323987625"
"10:15:43.772516","1500","47.74.8.123","80","100.64.0.2","44400","1448","3557436297","2499230060","2381007582","3323987640"
"10:15:43.787318","1500","47.74.8.123","80","100.64.0.2","44400","1448","3557437745","2499230060","2381007596","3323987655"
"10:15:43.802437","1500","47.74.8.123","80","100.64.0.2","44400","1448","3557439193","2499230060","2381007612","3323987670"
"10:15:43.817654","1500","47.74.8.123","80","100.64.0.2","44400","1448","3557440641","2499230060","2381007627","3323987686"
"10:15:43.832135","1500","47.74.8.123","80","100.64.0.2","44400","1448","3557442089","2499230060","2381007641","3323987700"
"10:15:43.848647","1500","47.74.8.123","80","100.64.0.2","44400","1448","3557443537","2499230060","2381007658","3323987715"
"10:15:43.863473","1500","47.74.8.123","80","100.64.0.2","44400","1448","3557444985","2499230060","2381007673","3323987731"
"10:15:43.878583","1500","47.74.8.123","80","100.64.0.2","44400","1448","3557446433","2499230060","2381007688","3323987746"
"10:15:43.893808","1500","47.74.8.123","80","100.64.0.2","44400","1448","3557447881","2499230060","2381007703","3323987761"
"10:15:43.908258","1500","47.74.8.123","80","100.64.0.2","44400","1448","3557449329","2499230060","2381007717","3323987776"
"10:15:43.923788","1500","47.74.8.123","80","100.64.0.2","44400","1448","3557450777","2499230060","2381007733","3323987791"
"10:15:43.939609","1500","47.74.8.123","80","100.64.0.2","44400","1448","3557452225","2499230060","2381007749","3323987806"
"10:15:43.954716","1500","47.74.8.123","80","100.64.0.2","44400","1448","3557453673","2499230060","2381007764","3323987823"
"10:15:43.968960","1500","47.74.8.123","80","100.64.0.2","44400","1448","3557455121","2499230060","2381007778","3323987837"
"10:15:43.984381","1500","47.74.8.123","80","100.64.0.2","44400","1448","3557456569","2499230060","2381007793","3323987853"
"10:15:43.998927","1500","47.74.8.123","80","100.64.0.2","44400","1448","3557458017","2499230060","2381007808","3323987867"
"10:15:43.998936","1500","47.74.8.123","80","100.64.0.2","44400","1448","3557459465","2499230060","2381007808","3323987867"
"10:15:44.014755","1500","47.74.8.123","80","100.64.0.2","44400","1448","3557460913","2499230060","2381007824","3323987883"
"10:15:44.028866","1500","47.74.8.123","80","100.64.0.2","44400","1448","3557462361","2499230060","2381007838","3323987898"
"10:15:44.044904","1500","47.74.8.123","80","100.64.0.2","44400","1448","3557463809","2499230060","2381007854","3323987912"
"10:15:44.060550","1500","47.74.8.123","80","100.64.0.2","44400","1448","3557465257","2499230060","2381007870","3323987929"
"10:15:44.075043","1500","47.74.8.123","80","100.64.0.2","44400","1448","3557466705","2499230060","2381007884","3323987944"
"10:15:44.090897","1500","47.74.8.123","80","100.64.0.2","44400","1448","3557468153","2499230060","2381007900","3323987959"
"10:15:44.120046","1500","47.74.8.123","80","100.64.0.2","44400","1448","3557469601","2499230060","2381007929","3323987988"
"10:15:44.136751","1500","47.74.8.123","80","100.64.0.2","44400","1448","3557471049","2499230060","2381007946","3323988003"
"10:15:44.152204","1500","47.74.8.123","80","100.64.0.2","44400","1448","3557472497","2499230060","2381007961","3323988020"
"10:15:44.166057","1500","47.74.8.123","80","100.64.0.2","44400","1448","3557473945","2499230060","2381007975","3323988035"
"10:15:44.181165","1500","47.74.8.123","80","100.64.0.2","44400","1448","3557475393","2499230060","2381007990","3323988049"
"10:15:44.196224","1500","47.74.8.123","80","100.64.0.2","44400","1448","3557476841","2499230060","2381008005","3323988065"
"10:15:44.210906","1500","47.74.8.123","80","100.64.0.2","44400","1448","3557478289","2499230060","2381008020","3323988079"
"10:15:44.226340","1500","47.74.8.123","80","100.64.0.2","44400","1448","3557479737","2499230060","2381008035","3323988094"
"10:15:44.242539","1500","47.74.8.123","80","100.64.0.2","44400","1448","3557481185","2499230060","2381008052","3323988109"
"10:15:44.257358","1500","47.74.8.123","80","100.64.0.2","44400","1448","3557482633","2499230060","2381008066","3323988125"
"10:15:44.273386","1500","47.74.8.123","80","100.64.0.2","44400","1448","3557484081","2499230060","2381008082","3323988141"
"10:15:44.287020","1500","47.74.8.123","80","100.64.0.2","44400","1448","3557485529","2499230060","2381008096","3323988155"
"10:15:44.287030","1500","47.74.8.123","80","100.64.0.2","44400","1448","3557486977","2499230060","2381008096","3323988155"
"10:15:44.302520","1500","47.74.8.123","80","100.64.0.2","44400","1448","3557488425","2499230060","2381008112","3323988170"
"10:15:44.317810","1500","47.74.8.123","80","100.64.0.2","44400","1448","3557489873","2499230060","2381008127","3323988185"
"10:15:44.332558","1500","47.74.8.123","80","100.64.0.2","44400","1448","3557491321","2499230060","2381008142","3323988200"
"10:15:44.348586","1500","47.74.8.123","80","100.64.0.2","44400","1448","3557492769","2499230060","2381008158","3323988215"
"10:15:44.363180","1500","47.74.8.123","80","100.64.0.2","44400","1448","3557494217","2499230060","2381008172","3323988231"
"10:15:44.378676","1500","47.74.8.123","80","100.64.0.2","44400","1448","3557495665","2499230060","2381008188","3323988246"
"10:15:44.392977","1500","47.74.8.123","80","100.64.0.2","44400","1448","3557497113","2499230060","2381008202","3323988261"
"10:15:44.408706","1500","47.74.8.123","80","100.64.0.2","44400","1448","3557498561","2499230060","2381008218","3323988276"
"10:15:44.423712","1500","47.74.8.123","80","100.64.0.2","44400","1448","3557500009","2499230060","2381008233","3323988291"
"10:15:44.439305","1500","47.74.8.123","80","100.64.0.2","44400","1448","3557501457","2499230060","2381008248","3323988306"
"10:15:44.453843","1500","47.74.8.123","80","100.64.0.2","44400","1448","3557502905","2499230060","2381008263","3323988323"
"10:15:44.469110","1500","47.74.8.123","80","100.64.0.2","44400","1448","3557504353","2499230060","2381008278","3323988337"
"10:15:44.483836","1500","47.74.8.123","80","100.64.0.2","44400","1448","3557505801","2499230060","2381008293","3323988353"
"10:15:44.498861","1500","47.74.8.123","80","100.64.0.2","44400","1448","3557507249","2499230060","2381008308","3323988367"
"10:15:44.515418","1500","47.74.8.123","80","100.64.0.2","44400","1448","3557508697","2499230060","2381008325","3323988383"
"10:15:44.528981","1500","47.74.8.123","80","100.64.0.2","44400","1448","3557510145","2499230060","2381008338","3323988397"
"10:15:44.546300","1500","47.74.8.123","80","100.64.0.2","44400","1448","3557511593","2499230060","2381008355","3323988413"
"10:15:44.560999","1500","47.74.8.123","80","100.64.0.2","44400","1448","3557513041","2499230060","2381008370","3323988429"
"10:15:44.575011","1500","47.74.8.123","80","100.64.0.2","44400","1448","3557514489","2499230060","2381008384","3323988443"
"10:15:44.575021","1500","47.74.8.123","80","100.64.0.2","44400","1448","3557515937","2499230060","2381008384","3323988443"
"10:15:44.590547","1500","47.74.8.123","80","100.64.0.2","44400","1448","3557517385","2499230060","2381008400","3323988459"
"10:15:44.605104","1500","47.74.8.123","80","100.64.0.2","44400","1448","3557518833","2499230060","2381008414","3323988473"
"10:15:44.620417","1500","47.74.8.123","80","100.64.0.2","44400","1448","3557520281","2499230060","2381008430","3323988489"
"10:15:44.636111","1500","47.74.8.123","80","100.64.0.2","44400","1448","3557521729","2499230060","2381008445","3323988503"
"10:15:44.651169","1500","47.74.8.123","80","100.64.0.2","44400","1448","3557523177","2499230060","2381008460","3323988519"
"10:15:44.666732","1500","47.74.8.123","80","100.64.0.2","44400","1448","3557524625","2499230060","2381008476","3323988534"
"10:15:44.681211","1500","47.74.8.123","80","100.64.0.2","44400","1448","3557526073","2499230060","2381008490","3323988549"
"10:15:44.696533","1500","47.74.8.123","80","100.64.0.2","44400","1448","3557527521","2499230060","2381008506","3323988564"
"10:15:44.711260","1500","47.74.8.123","80","100.64.0.2","44400","1448","3557528969","2499230060","2381008520","3323988579"
"10:15:44.726312","1500","47.74.8.123","80","100.64.0.2","44400","1448","3557530417","2499230060","2381008535","3323988595"
"10:15:44.741875","1500","47.74.8.123","80","100.64.0.2","44400","1448","3557531865","2499230060","2381008551","3323988609"
"10:15:44.757318","1500","47.74.8.123","80","100.64.0.2","44400","1448","3557533313","2499230060","2381008566","3323988625"
"10:15:44.772672","1500","47.74.8.123","80","100.64.0.2","44400","1448","3557534761","2499230060","2381008582","3323988640"
"10:15:44.787376","1500","47.74.8.123","80","100.64.0.2","44400","1448","3557536209","2499230060","2381008596","3323988655"
"10:15:44.803420","1500","47.74.8.123","80","100.64.0.2","44400","1448","3557537657","2499230060","2381008613","3323988671"
"10:15:44.816991","1500","47.74.8.123","80","100.64.0.2","44400","1448","3557539105","2499230060","2381008626","3323988685"
"10:15:44.832466","1500","47.74.8.123","80","100.64.0.2","44400","1448","3557540553","2499230060","2381008642","3323988700"
"10:15:44.848794","1500","47.74.8.123","80","100.64.0.2","44400","1448","3557542001","2499230060","2381008658","3323988715"
"10:15:44.863504","1500","47.74.8.123","80","100.64.0.2","44400","1448","3557543449","2499230060","2381008673","3323988731"
"10:15:44.878601","1500","47.74.8.123","80","100.64.0.2","44400","1448","3557544897","2499230060","2381008688","3323988747"
"10:15:44.878612","1500","47.74.8.123","80","100.64.0.2","44400","1448","3557546345","2499230060","2381008688","3323988747"
"10:15:44.893104","1500","47.74.8.123","80","100.64.0.2","44400","1448","3557547793","2499230060","2381008702","3323988761"
"10:15:44.908568","1500","47.74.8.123","80","100.64.0.2","44400","1448","3557549241","2499230060","2381008718","3323988777"
"10:15:44.922918","1500","47.74.8.123","80","100.64.0.2","44400","1448","3557550689","2499230060","2381008732","3323988791"
"10:15:44.939655","1500","47.74.8.123","80","100.64.0.2","44400","1448","3557552137","2499230060","2381008749","3323988806"
"10:15:44.954754","1500","47.74.8.123","80","100.64.0.2","44400","1448","3557553585","2499230060","2381008764","3323988822"
"10:15:44.969232","1500","47.74.8.123","80","100.64.0.2","44400","1448","3557555033","2499230060","2381008778","3323988837"
"10:15:44.984700","1500","47.74.8.123","80","100.64.0.2","44400","1448","3557556481","2499230060","2381008794","3323988853"
"10:15:44.999046","1500","47.74.8.123","80","100.64.0.2","44400","1448","3557557929","2499230060","2381008808","3323988867"
"10:15:45.013806","1500","47.74.8.123","80","100.64.0.2","44400","1448","3557559377","2499230060","2381008823","3323988883"
"10:15:45.028923","1500","47.74.8.123","80","100.64.0.2","44400","1448","3557560825","2499230060","2381008838","3323988897"
"10:15:45.045415","1500","47.74.8.123","80","100.64.0.2","44400","1448","3557562273","2499230060","2381008855","3323988913"
"10:15:45.059844","1500","47.74.8.123","80","100.64.0.2","44400","1448","3557563721","2499230060","2381008869","3323988928"
"10:15:45.076241","1500","47.74.8.123","80","100.64.0.2","44400","1448","3557565169","2499230060","2381008885","3323988944"
"10:15:45.090971","1500","47.74.8.123","80","100.64.0.2","44400","1448","3557566617","2499230060","2381008900","3323988959"
"10:15:45.105059","1500","47.74.8.123","80","100.64.0.2","44400","1448","3557568065","2499230060","2381008914","3323988973"
"10:15:45.121544","1500","47.74.8.123","80","100.64.0.2","44400","1448","3557569513","2499230060","2381008931","3323988989"
"10:15:45.135998","1500","47.74.8.123","80","100.64.0.2","44400","1448","3557570961","2499230060","2381008945","3323989003"
"10:15:45.160383","1500","47.74.8.123","80","100.64.0.2","44400","1448","3557572409","2499230060","2381008961","3323989020"
"10:15:45.166108","1500","47.74.8.123","80","100.64.0.2","44400","1448","3557573857","2499230060","2381008975","3323989034"
"10:15:45.181185","1500","47.74.8.123","80","100.64.0.2","44400","1448","3557575305","2499230060","2381008990","3323989049"
"10:15:45.196732","1500","47.74.8.123","80","100.64.0.2","44400","1448","3557576753","2499230060","2381009006","3323989065"
"10:15:45.196742","1500","47.74.8.123","80","100.64.0.2","44400","1448","3557578201","2499230060","2381009006","3323989065"
"10:15:45.211120","1500","47.74.8.123","80","100.64.0.2","44400","1448","3557579649","2499230060","2381009020","3323989079"
"10:15:45.226196","1500","47.74.8.123","80","100.64.0.2","44400","1448","3557581097","2499230060","2381009035","3323989094"
"10:15:45.242354","1500","47.74.8.123","80","100.64.0.2","44400","1448","3557582545","2499230060","2381009051","3323989109"
"10:15:45.257330","1500","47.74.8.123","80","100.64.0.2","44400","1448","3557583993","2499230060","2381009066","3323989126"
"10:15:45.271907","1500","47.74.8.123","80","100.64.0.2","44400","1448","3557585441","2499230060","2381009081","3323989140"
"10:15:45.286985","1500","47.74.8.123","80","100.64.0.2","44400","1448","3557586889","2499230060","2381009096","3323989155"
"10:15:45.302316","1500","47.74.8.123","80","100.64.0.2","44400","1448","3557588337","2499230060","2381009111","3323989170"
"10:15:45.317493","1500","47.74.8.123","80","100.64.0.2","44400","1448","3557589785","2499230060","2381009127","3323989185"
"10:15:45.332471","1500","47.74.8.123","80","100.64.0.2","44400","1448","3557591233","2499230060","2381009142","3323989201"
"10:15:45.348087","1500","47.74.8.123","80","100.64.0.2","44400","1448","3557592681","2499230060","2381009157","3323989216"
"10:15:45.363174","1500","47.74.8.123","80","100.64.0.2","44400","1448","3557594129","2499230060","2381009172","3323989231"
"10:15:45.378486","1500","47.74.8.123","80","100.64.0.2","44400","1448","3557595577","2499230060","2381009188","3323989246"
"10:15:45.393620","1500","47.74.8.123","80","100.64.0.2","44400","1448","3557597025","2499230060","2381009203","3323989261"
"10:15:45.408596","1500","47.74.8.123","80","100.64.0.2","44400","1448","3557598473","2499230060","2381009218","3323989276"
"10:15:45.423271","1500","47.74.8.123","80","100.64.0.2","44400","1448","3557599921","2499230060","2381009232","3323989291"
"10:15:45.439297","1500","47.74.8.123","80","100.64.0.2","44400","1448","3557601369","2499230060","2381009248","3323989306"
"10:15:45.454595","1500","47.74.8.123","80","100.64.0.2","44400","1448","3557602817","2499230060","2381009264","3323989322"
"10:15:45.469772","1500","47.74.8.123","80","100.64.0.2","44400","1448","3557604265","2499230060","2381009279","3323989337"
"10:15:45.484721","1500","47.74.8.123","80","100.64.0.2","44400","1448","3557605713","2499230060","2381009294","3323989352"
"10:15:45.499361","1500","47.74.8.123","80","100.64.0.2","44400","1448","3557607161","2499230060","2381009308","3323989367"
"10:15:45.514411","1500","47.74.8.123","80","100.64.0.2","44400","1448","3557608609","2499230060","2381009323","3323989382"
"10:15:45.529730","1500","47.74.8.123","80","100.64.0.2","44400","1448","3557610057","2499230060","2381009339","3323989398"
"10:15:45.529740","1500","47.74.8.123","80","100.64.0.2","44400","1448","3557611505","2499230060","2381009339","3323989398"
"10:15:45.544903","1500","47.74.8.123","80","100.64.0.2","44400","1448","3557612953","2499230060","2381009354","3323989413"
"10:15:45.559844","1500","47.74.8.123","80","100.64.0.2","44400","1448","3557614401","2499230060","2381009369","3323989428"
"10:15:45.575540","1500","47.74.8.123","80","100.64.0.2","44400","1448","3557615849","2499230060","2381009385","3323989443"
"10:15:45.590553","1500","47.74.8.123","80","100.64.0.2","44400","1448","3557617297","2499230060","2381009400","3323989459"
"10:15:45.604896","1500","47.74.8.123","80","100.64.0.2","44400","1448","3557618745","2499230060","2381009414","3323989474"
"10:15:45.621105","1500","47.74.8.123","80","100.64.0.2","44400","1448","3557620193","2499230060","2381009430","3323989489"
"10:15:45.635985","1500","47.74.8.123","80","100.64.0.2","44400","1448","3557621641","2499230060","2381009445","3323989503"
"10:15:45.651665","1500","47.74.8.123","80","100.64.0.2","44400","1448","3557623089","2499230060","2381009461","3323989519"
"10:15:45.667743","1500","47.74.8.123","80","100.64.0.2","44400","1448","3557624537","2499230060","2381009477","3323989535"
"10:15:45.681043","1500","47.74.8.123","80","100.64.0.2","44400","1448","3557625985","2499230060","2381009490","3323989549"
"10:15:45.696265","1500","47.74.8.123","80","100.64.0.2","44400","1448","3557627433","2499230060","2381009505","3323989565"
"10:15:45.711169","1500","47.74.8.123","80","100.64.0.2","44400","1448","3557628881","2499230060","2381009520","3323989580"
"10:15:45.725823","1500","47.74.8.123","80","100.64.0.2","44400","1448","3557630329","2499230060","2381009535","3323989595"
"10:15:45.741865","1500","47.74.8.123","80","100.64.0.2","44400","1448","3557631777","2499230060","2381009551","3323989609"
"10:15:45.757178","1500","47.74.8.123","80","100.64.0.2","44400","1448","3557633225","2499230060","2381009566","3323989625"
"10:15:45.772420","1500","47.74.8.123","80","100.64.0.2","44400","1448","3557634673","2499230060","2381009582","3323989640"
"10:15:45.788291","1500","47.74.8.123","80","100.64.0.2","44400","1448","3557636121","2499230060","2381009597","3323989656"
"10:15:45.802958","1500","47.74.8.123","80","100.64.0.2","44400","1448","3557637569","2499230060","2381009612","3323989671"
"10:15:45.816989","1500","47.74.8.123","80","100.64.0.2","44400","1448","3557639017","2499230060","2381009626","3323989685"
"10:15:45.832347","1500","47.74.8.123","80","100.64.0.2","44400","1448","3557640465","2499230060","2381009641","3323989700"
"10:15:45.848550","1500","47.74.8.123","80","100.64.0.2","44400","1448","3557641913","2499230060","2381009658","3323989715"
"10:15:45.863415","1500","47.74.8.123","80","100.64.0.2","44400","1448","3557643361","2499230060","2381009673","3323989732"
"10:15:45.878104","1500","47.74.8.123","80","100.64.0.2","44400","1448","3557644809","2499230060","2381009687","3323989747"
"10:15:45.878115","1500","47.74.8.123","80","100.64.0.2","44400","1448","3557646257","2499230060","2381009687","3323989747"
"10:15:45.893104","1500","47.74.8.123","80","100.64.0.2","44400","1448","3557647705","2499230060","2381009702","3323989761"
"10:15:45.908488","1500","47.74.8.123","80","100.64.0.2","44400","1448","3557649153","2499230060","2381009718","3323989776"
"10:15:45.923720","1500","47.74.8.123","80","100.64.0.2","44400","1448","3557650601","2499230060","2381009733","3323989791"
"10:15:45.939555","1500","47.74.8.123","80","100.64.0.2","44400","1448","3557652049","2499230060","2381009749","3323989806"
"10:15:45.954234","1500","47.74.8.123","80","100.64.0.2","44400","1448","3557653497","2499230060","2381009763","3323989822"
"10:15:45.969243","1500","47.74.8.123","80","100.64.0.2","44400","1448","3557654945","2499230060","2381009778","3323989837"
"10:15:45.984630","1500","47.74.8.123","80","100.64.0.2","44400","1448","3557656393","2499230060","2381009794","3323989853"
"10:15:45.998836","1500","47.74.8.123","80","100.64.0.2","44400","1448","3557657841","2499230060","2381009808","3323989867"
"10:15:46.014676","1500","47.74.8.123","80","100.64.0.2","44400","1448","3557659289","2499230060","2381009824","3323989882"
"10:15:46.029335","1500","47.74.8.123","80","100.64.0.2","44400","1448","3557660737","2499230060","2381009838","3323989897"
"10:15:46.045330","1500","47.74.8.123","80","100.64.0.2","44400","1448","3557662185","2499230060","2381009854","3323989912"
"10:15:46.061763","1500","47.74.8.123","80","100.64.0.2","44400","1448","3557663633","2499230060","2381009871","3323989929"
"10:15:46.075003","1500","47.74.8.123","80","100.64.0.2","44400","1448","3557665081","2499230060","2381009884","3323989944"
"10:15:46.089800","1500","47.74.8.123","80","100.64.0.2","44400","1448","3557666529","2499230060","2381009899","3323989958"
"10:15:46.105506","1500","47.74.8.123","80","100.64.0.2","44400","1448","3557667977","2499230060","2381009915","3323989973"
"10:15:46.120483","1500","47.74.8.123","80","100.64.0.2","44400","1448","3557669425","2499230060","2381009930","3323989989"
"10:15:46.135938","1500","47.74.8.123","80","100.64.0.2","44400","1448","3557670873","2499230060","2381009945","3323990004"
"10:15:46.152219","1500","47.74.8.123","80","100.64.0.2","44400","1448","3557672321","2499230060","2381009961","3323990020"
"10:15:46.165961","1500","47.74.8.123","80","100.64.0.2","44400","1448","3557673769","2499230060","2381009975","3323990034"
"10:15:46.181686","1500","47.74.8.123","80","100.64.0.2","44400","1448","3557675217","2499230060","2381009991","3323990049"
"10:15:46.196595","1500","47.74.8.123","80","100.64.0.2","44400","1448","3557676665","2499230060","2381010006","3323990065"
"10:15:46.211075","1500","47.74.8.123","80","100.64.0.2","44400","1448","3557678113","2499230060","2381010020","3323990079"
"10:15:46.226418","1500","47.74.8.123","80","100.64.0.2","44400","1448","3557679561","2499230060","2381010035","3323990095"
"10:15:46.242142","1500","47.74.8.123","80","100.64.0.2","44400","1448","3557681009","2499230060","2381010051","3323990109"
"10:15:46.242151","1500","47.74.8.123","80","100.64.0.2","44400","1448","3557682457","2499230060","2381010051","3323990109"
"10:15:46.256824","1500","47.74.8.123","80","100.64.0.2","44400","1448","3557683905","2499230060","2381010066","3323990125"
"10:15:46.272695","1500","47.74.8.123","80","100.64.0.2","44400","1448","3557685353","2499230060","2381010082","3323990140"
"10:15:46.287192","1500","47.74.8.123","80","100.64.0.2","44400","1448","3557686801","2499230060","2381010096","3323990155"
"10:15:46.302535","1500","47.74.8.123","80","100.64.0.2","44400","1448","3557688249","2499230060","2381010112","3323990170"
"10:15:46.318306","1500","47.74.8.123","80","100.64.0.2","44400","1448","3557689697","2499230060","2381010127","3323990186"
"10:15:46.331931","1500","47.74.8.123","80","100.64.0.2","44400","1448","3557691145","2499230060","2381010141","3323990201"
"10:15:46.347815","1500","47.74.8.123","80","100.64.0.2","44400","1448","3557692593","2499230060","2381010157","3323990215"
"10:15:46.363381","1500","47.74.8.123","80","100.64.0.2","44400","1448","3557694041","2499230060","2381010172","3323990231"
"10:15:46.378744","1500","47.74.8.123","80","100.64.0.2","44400","1448","3557695489","2499230060","2381010188","3323990246"
"10:15:46.393484","1500","47.74.8.123","80","100.64.0.2","44400","1448","3557696937","2499230060","2381010203","3323990262"
"10:15:46.409078","1500","47.74.8.123","80","100.64.0.2","44400","1448","3557698385","2499230060","2381010218","3323990277"
"10:15:46.423002","1500","47.74.8.123","80","100.64.0.2","44400","1448","3557699833","2499230060","2381010232","3323990291"
"10:15:46.439546","1500","47.74.8.123","80","100.64.0.2","44400","1448","3557701281","2499230060","2381010249","3323990306"
"10:15:46.453891","1500","47.74.8.123","80","100.64.0.2","44400","1448","3557702729","2499230060","2381010263","3323990322"
"10:15:46.469717","1500","47.74.8.123","80","100.64.0.2","44400","1448","3557704177","2499230060","2381010279","3323990337"
"10:15:46.484209","1500","47.74.8.123","80","100.64.0.2","44400","1448","3557705625","2499230060","2381010293","3323990353"
"10:15:46.499170","1500","47.74.8.123","80","100.64.0.2","44400","1448","3557707073","2499230060","2381010308","3323990367"
"10:15:46.514722","1500","47.74.8.123","80","100.64.0.2","44400","1448","3557708521","2499230060","2381010324","3323990383"
"10:15:46.529795","1500","47.74.8.123","80","100.64.0.2","44400","1448","3557709969","2499230060","2381010339","3323990397"
"10:15:46.544927","1500","47.74.8.123","80","100.64.0.2","44400","1448","3557711417","2499230060","2381010354","3323990412"
"10:15:46.560333","1500","47.74.8.123","80","100.64.0.2","44400","1448","3557712865","2499230060","2381010369","3323990428"
"10:15:46.575357","1500","47.74.8.123","80","100.64.0.2","44400","1448","3557714313","2499230060","2381010384","3323990443"
"10:15:46.589864","1500","47.74.8.123","80","100.64.0.2","44400","1448","3557715761","2499230060","2381010399","3323990458"
"10:15:46.606046","1500","47.74.8.123","80","100.64.0.2","44400","1448","3557717209","2499230060","2381010415","3323990474"
"10:15:46.620164","1500","47.74.8.123","80","100.64.0.2","44400","1448","3557718657","2499230060","2381010429","3323990488"
"10:15:46.620174","1500","47.74.8.123","80","100.64.0.2","44400","1448","3557720105","2499230060","2381010429","3323990488"
"10:15:46.636493","1500","47.74.8.123","80","100.64.0.2","44400","1448","3557721553","2499230060","2381010446","3323990503"
"10:15:46.652548","1500","47.74.8.123","80","100.64.0.2","44400","1448","3557723001","2499230060","2381010462","3323990520"
"10:15:46.666048","1500","47.74.8.123","80","100.64.0.2","44400","1448","3557724449","2499230060","2381010475","3323990535"
"10:15:46.681182","1500","47.74.8.123","80","100.64.0.2","44400","1448","3557725897","2499230060","2381010490","3323990549"
"10:15:46.696273","1500","47.74.8.123","80","100.64.0.2","44400","1448","3557727345","2499230060","2381010505","3323990564"
"10:15:46.711612","1500","47.74.8.123","80","100.64.0.2","44400","1448","3557728793","2499230060","2381010521","3323990579"
"10:15:46.726685","1500","47.74.8.123","80","100.64.0.2","44400","1448","3557730241","2499230060","2381010536","3323990594"
"10:15:46.742186","1500","47.74.8.123","80","100.64.0.2","44400","1448","3557731689","2499230060","2381010551","3323990609"
"10:15:46.757322","1500","47.74.8.123","80","100.64.0.2","44400","1448","3557733137","2499230060","2381010566","3323990625"
"10:15:46.772400","1500","47.74.8.123","80","100.64.0.2","44400","1448","3557734585","2499230060","2381010582","3323990640"
"10:15:46.787736","1500","47.74.8.123","80","100.64.0.2","44400","1448","3557736033","2499230060","2381010597","3323990655"
"10:15:46.801790","1500","47.74.8.123","80","100.64.0.2","44400","1448","3557737481","2499230060","2381010611","3323990670"
"10:15:46.817302","1500","47.74.8.123","80","100.64.0.2","44400","1448","3557738929","2499230060","2381010626","3323990685"
"10:15:46.832457","1500","47.74.8.123","80","100.64.0.2","44400","1448","3557740377","2499230060","2381010642","3323990700"
"10:15:46.848521","1500","47.74.8.123","80","100.64.0.2","44400","1448","3557741825","2499230060","2381010658","3323990716"
"10:15:46.863851","1500","47.74.8.123","80","100.64.0.2","44400","1448","3557743273","2499230060","2381010673","3323990732"
"10:15:46.877908","1500","47.74.8.123","80","100.64.0.2","44400","1448","3557744721","2499230060","2381010687","3323990746"
"10:15:46.893479","1500","47.74.8.123","80","100.64.0.2","44400","1448","3557746169","2499230060","2381010703","3323990761"
"10:15:46.908595","1500","47.74.8.123","80","100.64.0.2","44400","1448","3557747617","2499230060","2381010718","3323990776"
"10:15:46.924634","1500","47.74.8.123","80","100.64.0.2","44400","1448","3557749065","2499230060","2381010734","3323990792"
"10:15:46.938996","1500","47.74.8.123","80","100.64.0.2","44400","1448","3557750513","2499230060","2381010748","3323990807"
"10:15:46.954078","1500","47.74.8.123","80","100.64.0.2","44400","1448","3557751961","2499230060","2381010763","3323990822"
"10:15:46.969614","1500","47.74.8.123","80","100.64.0.2","44400","1448","3557753409","2499230060","2381010779","3323990837"
"10:15:46.984689","1500","47.74.8.123","80","100.64.0.2","44400","1448","3557754857","2499230060","2381010794","3323990852"
"10:15:46.999748","1500","47.74.8.123","80","100.64.0.2","44400","1448","3557756305","2499230060","2381010809","3323990867"
"10:15:47.014102","1500","47.74.8.123","80","100.64.0.2","44400","1448","3557757753","2499230060","2381010823","3323990882"
"10:15:47.014112","1500","47.74.8.123","80","100.64.0.2","44400","1448","3557759201","2499230060","2381010823","3323990882"
"10:15:47.030432","1500","47.74.8.123","80","100.64.0.2","44400","1448","3557760649","2499230060","2381010838","3323990897"
"10:15:47.045752","1500","47.74.8.123","80","100.64.0.2","44400","1448","3557762097","2499230060","2381010855","3323990913"
"10:15:47.059830","1500","47.74.8.123","80","100.64.0.2","44400","1448","3557763545","2499230060","2381010869","3323990929"
"10:15:47.074877","1500","47.74.8.123","80","100.64.0.2","44400","1448","3557764993","2499230060","2381010884","3323990943"
"10:15:47.090233","1500","47.74.8.123","80","100.64.0.2","44400","1448","3557766441","2499230060","2381010899","3323990958"
"10:15:47.105541","1500","47.74.8.123","80","100.64.0.2","44400","1448","3557767889","2499230060","2381010915","3323990974"
"10:15:47.120900","1500","47.74.8.123","80","100.64.0.2","44400","1448","3557769337","2499230060","2381010930","3323990989"
"10:15:47.136917","1500","47.74.8.123","80","100.64.0.2","44400","1448","3557770785","2499230060","2381010946","3323991004"
"10:15:47.151019","1500","47.74.8.123","80","100.64.0.2","44400","1448","3557772233","2499230060","2381010960","3323991019"
"10:15:47.166388","1500","47.74.8.123","80","100.64.0.2","44400","1448","3557773681","2499230060","2381010976","3323991034"
"10:15:47.182677","1500","47.74.8.123","80","100.64.0.2","44400","1448","3557775129","2499230060","2381010992","3323991050"
"10:15:47.196040","1500","47.74.8.123","80","100.64.0.2","44400","1448","3557776577","2499230060","2381011005","3323991065"
"10:15:47.210993","1500","47.74.8.123","80","100.64.0.2","44400","1448","3557778025","2499230060","2381011020","3323991079"
"10:15:47.226128","1500","47.74.8.123","80","100.64.0.2","44400","1448","3557779473","2499230060","2381011035","3323991094"
"10:15:47.242505","1500","47.74.8.123","80","100.64.0.2","44400","1448","3557780921","2499230060","2381011052","3323991109"
"10:15:47.256781","1500","47.74.8.123","80","100.64.0.2","44400","1448","3557782369","2499230060","2381011066","3323991125"
"10:15:47.272182","1500","47.74.8.123","80","100.64.0.2","44400","1448","3557783817","2499230060","2381011081","3323991140"
"10:15:47.287132","1500","47.74.8.123","80","100.64.0.2","44400","1448","3557785265","2499230060","2381011096","3323991155"
"10:15:47.302224","1500","47.74.8.123","80","100.64.0.2","44400","1448","3557786713","2499230060","2381011111","3323991170"
"10:15:47.318642","1500","47.74.8.123","80","100.64.0.2","44400","1448","3557788161","2499230060","2381011128","3323991186"
"10:15:47.331921","702","47.74.8.123","80","100.64.0.2","44400","650","3557789609","2499230060","2381011141","3323991200"
"10:15:47.454325","1500","47.74.8.123","80","100.64.0.2","44400","1448","3557759201","2499230060","2381011263","3323991323"
"10:15:47.727062","52","47.74.8.123","80","100.64.0.2","44400","0","3557790259","2499230206","2381011536","3323991596"
"10:15:47.727076","1500","47.74.8.123","80","100.64.0.2","44400","1448","3557790259","2499230206","2381011536","3323991596"
"10:15:47.727082","1500","47.74.8.123","80","100.64.0.2","44400","1448","3557791707","2499230206","2381011536","3323991596"
"10:15:47.727086","1500","47.74.8.123","80","100.64.0.2","44400","1448","3557793155","2499230206","2381011536","3323991596"
"10:15:47.727091","1500","47.74.8.123","80","100.64.0.2","44400","1448","3557794603","2499230206","2381011536","3323991596"
"10:15:47.727095","1500","47.74.8.123","80","100.64.0.2","44400","1448","3557796051","2499230206","2381011536","3323991596"
"10:15:47.727100","1500","47.74.8.123","80","100.64.0.2","44400","1448","3557797499","2499230206","2381011536","3323991596"
"10:15:47.727108","1500","47.74.8.123","80","100.64.0.2","44400","1448","3557798947","2499230206","2381011536","3323991596"
"10:15:47.727114","1500","47.74.8.123","80","100.64.0.2","44400","1448","3557800395","2499230206","2381011536","3323991596"
"10:15:47.727119","1500","47.74.8.123","80","100.64.0.2","44400","1448","3557801843","2499230206","2381011536","3323991596"
"10:15:47.727127","1500","47.74.8.123","80","100.64.0.2","44400","1448","3557803291","2499230206","2381011536","3323991596"
"10:15:47.727132","1500","47.74.8.123","80","100.64.0.2","44400","1448","3557804739","2499230206","2381011536","3323991596"
"10:15:47.727139","1500","47.74.8.123","80","100.64.0.2","44400","1448","3557806187","2499230206","2381011536","3323991596"
"10:15:47.727146","1500","47.74.8.123","80","100.64.0.2","44400","1448","3557807635","2499230206","2381011536","3323991596"
"10:15:47.727152","1500","47.74.8.123","80","100.64.0.2","44400","1448","3557809083","2499230206","2381011536","3323991596"
"10:15:47.938959","1500","47.74.8.123","80","100.64.0.2","44400","1448","3557810531","2499230206","2381011748","3323991806"
"10:15:47.953961","1500","47.74.8.123","80","100.64.0.2","44400","1448","3557811979","2499230206","2381011763","3323991822"
"10:15:47.969056","1500","47.74.8.123","80","100.64.0.2","44400","1448","3557813427","2499230206","2381011778","3323991838"
"10:15:47.985186","1500","47.74.8.123","80","100.64.0.2","44400","1448","3557814875","2499230206","2381011794","3323991853"
"10:15:47.999286","1500","47.74.8.123","80","100.64.0.2","44400","1448","3557816323","2499230206","2381011808","3323991868"
"10:15:48.014347","1500","47.74.8.123","80","100.64.0.2","44400","1448","3557817771","2499230206","2381011823","3323991883"
"10:15:48.029418","1500","47.74.8.123","80","100.64.0.2","44400","1448","3557819219","2499230206","2381011839","3323991897"
"10:15:48.045498","1500","47.74.8.123","80","100.64.0.2","44400","1448","3557820667","2499230206","2381011855","3323991912"
"10:15:48.060587","1500","47.74.8.123","80","100.64.0.2","44400","1448","3557822115","2499230206","2381011870","3323991928"
"10:15:48.075389","1500","47.74.8.123","80","100.64.0.2","44400","1448","3557823563","2499230206","2381011884","3323991943"
"10:15:48.090531","1500","47.74.8.123","80","100.64.0.2","44400","1448","3557825011","2499230206","2381011900","3323991958"
"10:15:48.105583","1500","47.74.8.123","80","100.64.0.2","44400","1448","3557826459","2499230206","2381011915","3323991973"
"10:15:48.120671","1500","47.74.8.123","80","100.64.0.2","44400","1448","3557827907","2499230206","2381011930","3323991988"
"10:15:48.136700","1500","47.74.8.123","80","100.64.0.2","44400","1448","3557829355","2499230206","2381011946","3323992003"
"10:15:48.151546","1500","47.74.8.123","80","100.64.0.2","44400","1448","3557830803","2499230206","2381011961","3323992019"
"10:15:48.166736","1500","47.74.8.123","80","100.64.0.2","44400","1448","3557809083","2499230206","2381011976","3323992034"
"10:15:48.196795","1500","47.74.8.123","80","100.64.0.2","44400","1448","3557832251","2499230206","2381012006","3323992065"
"10:15:48.226647","1500","47.74.8.123","80","100.64.0.2","44400","1448","3557833699","2499230206","2381012036","3323992094"
"10:15:48.256989","1500","47.74.8.123","80","100.64.0.2","44400","1448","3557835147","2499230206","2381012066","3323992126"
"10:15:48.287000","1500","47.74.8.123","80","100.64.0.2","44400","1448","3557836595","2499230206","2381012096","3323992155"
"10:15:48.332123","1500","47.74.8.123","80","100.64.0.2","44400","1448","3557838043","2499230206","2381012141","3323992201"
"10:15:48.348226","1500","47.74.8.123","80","100.64.0.2","44400","1448","3557839491","2499230206","2381012157","3323992216"
"10:15:48.363093","1500","47.74.8.123","80","100.64.0.2","44400","1448","3557840939","2499230206","2381012172","3323992232"
"10:15:48.393197","1500","47.74.8.123","80","100.64.0.2","44400","1448","3557842387","2499230206","2381012202","3323992261"
"10:15:48.423385","1500","47.74.8.123","80","100.64.0.2","44400","1448","3557843835","2499230206","2381012232","3323992291"
"10:15:48.454470","1500","47.74.8.123","80","100.64.0.2","44400","1448","3557845283","2499230206","2381012264","3323992322"
"10:15:48.484443","1500","47.74.8.123","80","100.64.0.2","44400","1448","3557846731","2499230206","2381012294","3323992352"
"10:15:48.529595","1500","47.74.8.123","80","100.64.0.2","44400","1448","3557848179","2499230206","2381012339","3323992397"
"10:15:48.545682","1500","47.74.8.123","80","100.64.0.2","44400","1448","3557849627","2499230206","2381012355","3323992412"
"10:15:48.560576","1500","47.74.8.123","80","100.64.0.2","44400","1448","3557851075","2499230206","2381012370","3323992428"
"10:15:48.560588","1500","47.74.8.123","80","100.64.0.2","44400","1448","3557852523","2499230206","2381012370","3323992428"
"10:15:48.590661","1500","47.74.8.123","80","100.64.0.2","44400","1448","3557853971","2499230206","2381012400","3323992458"
"10:15:48.619834","1500","47.74.8.123","80","100.64.0.2","44400","1448","3557855419","2499230206","2381012429","3323992488"
"10:15:48.650923","1500","47.74.8.123","80","100.64.0.2","44400","1448","3557856867","2499230206","2381012460","3323992519"
"10:15:48.681875","1500","47.74.8.123","80","100.64.0.2","44400","1448","3557858315","2499230206","2381012491","3323992550"
"10:15:48.727164","1500","47.74.8.123","80","100.64.0.2","44400","1448","3557859763","2499230206","2381012536","3323992595"
"10:15:48.742161","1500","47.74.8.123","80","100.64.0.2","44400","1448","3557861211","2499230206","2381012551","3323992610"
"10:15:48.757484","1500","47.74.8.123","80","100.64.0.2","44400","1448","3557862659","2499230206","2381012567","3323992626"
"10:15:48.772614","1500","47.74.8.123","80","100.64.0.2","44400","1448","3557864107","2499230206","2381012582","3323992640"
"10:15:48.772625","1500","47.74.8.123","80","100.64.0.2","44400","1448","3557865555","2499230206","2381012582","3323992640"
"10:15:48.787195","1500","47.74.8.123","80","100.64.0.2","44400","1448","3557867003","2499230206","2381012597","3323992655"
"10:15:48.817323","1500","47.74.8.123","80","100.64.0.2","44400","1448","3557868451","2499230206","2381012626","3323992685"
