_ws.col.Time,frame.len,ip.src,tcp.srcport,ip.dst,tcp.dstport,tcp.len,tcp.seq_raw,tcp.ack_raw,tcp.options.timestamp.tsval,tcp.options.timestamp.tsecr
"23:43:59.271867","60","47.74.8.123","80","100.64.0.2","34334","0","2601746844","17507185","2343103082","3286083163"
"23:43:59.422018","52","47.74.8.123","80","100.64.0.2","34334","0","2601746845","17507331","2343103233","3286083315"
"23:43:59.422036","1500","47.74.8.123","80","100.64.0.2","34334","1448","2601746845","17507331","2343103233","3286083315"
"23:43:59.422041","1500","47.74.8.123","80","100.64.0.2","34334","1448","2601748293","17507331","2343103233","3286083315"
"23:43:59.423190","1500","47.74.8.123","80","100.64.0.2","34334","1448","2601749741","17507331","2343103233","3286083315"
"23:43:59.423202","1500","47.74.8.123","80","100.64.0.2","34334","1448","2601751189","17507331","2343103233","3286083315"
"23:43:59.423207","1500","47.74.8.123","80","100.64.0.2","34334","1448","2601752637","17507331","2343103233","3286083315"
"23:43:59.423218","1500","47.74.8.123","80","100.64.0.2","34334","1448","2601754085","17507331","2343103233","3286083315"
"23:43:59.423225","1500","47.74.8.123","80","100.64.0.2","34334","1448","2601755533","17507331","2343103234","3286083315"
"23:43:59.423239","1500","47.74.8.123","80","100.64.0.2","34334","1448","2601756981","17507331","2343103234","3286083315"
"23:43:59.423245","1500","47.74.8.123","80","100.64.0.2","34334","1448","2601758429","17507331","2343103234","3286083315"
"23:43:59.423252","1500","47.74.8.123","80","100.64.0.2","34334","1448","2601759877","17507331","2343103234","3286083315"
"23:43:59.589126","1500","47.74.8.123","80","100.64.0.2","34334","1448","2601761325","17507331","2343103400","3286083482"
"23:43:59.589139","1500","47.74.8.123","80","100.64.0.2","34334","1448","2601762773","17507331","2343103400","3286083482"
"23:43:59.605173","1500","47.74.8.123","80","100.64.0.2","34334","1448","2601764221","17507331","2343103416","3286083498"
"23:43:59.605184","1500","47.74.8.123","80","100.64.0.2","34334","1448","2601765669","17507331","2343103416","3286083498"
"23:43:59.619267","1500","47.74.8.123","80","100.64.0.2","34334","1448","2601767117","17507331","2343103430","3286083513"
"23:43:59.619279","1500","47.74.8.123","80","100.64.0.2","34334","1448","2601768565","17507331","2343103430","3286083513"
"23:43:59.635338","1500","47.74.8.123","80","100.64.0.2","34334","1448","2601770013","17507331","2343103446","3286083528"
"23:43:59.635351","1500","47.74.8.123","80","100.64.0.2","34334","1448","2601771461","17507331","2343103446","3286083528"
"23:43:59.650457","1500","47.74.8.123","80","100.64.0.2","34334","1448","2601772909","17507331","2343103461","3286083543"
"23:43:59.650474","1500","47.74.8.123","80","100.64.0.2","34334","1448","2601774357","17507331","2343103461","3286083543"
"23:43:59.665504","1500","47.74.8.123","80","100.64.0.2","34334","1448","2601775805","17507331","2343103476","3286083558"
"23:43:59.665516","1500","47.74.8.123","80","100.64.0.2","34334","1448","2601777253","17507331","2343103476","3286083558"
"23:43:59.680638","1500","47.74.8.123","80","100.64.0.2","34334","1448","2601778701","17507331","2343103491","3286083573"
"23:43:59.680651","1500","47.74.8.123","80","100.64.0.2","34334","1448","2601780149","17507331","2343103491","3286083573"
"23:43:59.695795","1500","47.74.8.123","80","100.64.0.2","34334","1448","2601781597","17507331","2343103506","3286083588"
"23:43:59.695808","1500","47.74.8.123","80","100.64.0.2","34334","1448","2601783045","17507331","2343103506","3286083588"
"23:43:59.710584","1500","47.74.8.123","80","100.64.0.2","34334","1448","2601784493","17507331","2343103521","3286083603"
"23:43:59.710596","1500","47.74.8.123","80","100.64.0.2","34334","1448","2601785941","17507331","2343103521","3286083603"
"23:43:59.725950","1500","47.74.8.123","80","100.64.0.2","34334","1448","2601787389","17507331","2343103536","3286083618"
"23:43:59.725963","1500","47.74.8.123","80","100.64.0.2","34334","1448","2601788837","17507331","2343103536","3286083618"
"23:43:59.741783","1500","47.74.8.123","80","100.64.0.2","34334","1448","2601790285","17507331","2343103552","3286083633"
"23:43:59.741794","1500","47.74.8.123","80","100.64.0.2","34334","1448","2601791733","17507331","2343103552","3286083633"
"23:43:59.760047","1500","47.74.8.123","80","100.64.0.2","34334","1448","2601793181","17507331","2343103567","3286083650"
"23:43:59.760077","1500","47.74.8.123","80","100.64.0.2","34334","1448","2601794629","17507331","2343103567","3286083650"
"23:43:59.771002","1500","47.74.8.123","80","100.64.0.2","34334","1448","2601796077","17507331","2343103581","3286083664"
"23:43:59.771013","1500","47.74.8.123","80","100.64.0.2","34334","1448","2601797525","17507331","2343103581","3286083664"
"23:43:59.786161","1500","47.74.8.123","80","100.64.0.2","34334","1448","2601798973","17507331","2343103597","3286083679"
"23:43:59.786174","1500","47.74.8.123","80","100.64.0.2","34334","1448","2601800421","17507331","2343103597","3286083679"
"23:43:59.806890","1500","47.74.8.123","80","100.64.0.2","34334","1448","2601801869","17507331","2343103617","3286083695"
"23:43:59.806913","1500","47.74.8.123","80","100.64.0.2","34334","1448","2601803317","17507331","2343103617","3286083695"
"23:43:59.816906","1500","47.74.8.123","80","100.64.0.2","34334","1448","2601804765","17507331","2343103627","3286083710"
"23:43:59.816925","1500","47.74.8.123","80","100.64.0.2","34334","1448","2601806213","17507331","2343103627","3286083710"
"23:43:59.831203","1500","47.74.8.123","80","100.64.0.2","34334","1448","2601807661","17507331","2343103642","3286083725"
"23:43:59.831214","1500","47.74.8.123","80","100.64.0.2","34334","1448","2601809109","17507331","2343103642","3286083725"
"23:43:59.850516","1500","47.74.8.123","80","100.64.0.2","34334","1448","2601810557","17507331","2343103661","3286083739"
"23:43:59.850541","1500","47.74.8.123","80","100.64.0.2","34334","1448","2601812005","17507331","2343103661","3286083739"
"23:43:59.862614","1500","47.74.8.123","80","100.64.0.2","34334","1448","2601813453","17507331","2343103673","3286083756"
"23:43:59.862625","1500","47.74.8.123","80","100.64.0.2","34334","1448","2601814901","17507331","2343103673","3286083756"
"23:43:59.877379","1500","47.74.8.123","80","100.64.0.2","34334","1448","2601816349","17507331","2343103688","3286083770"
"23:43:59.877390","1500","47.74.8.123","80","100.64.0.2","34334","1448","2601817797","17507331","2343103688","3286083770"
"23:43:59.892247","1500","47.74.8.123","80","100.64.0.2","34334","1448","2601819245","17507331","2343103703","3286083785"
"23:43:59.892258","1500","47.74.8.123","80","100.64.0.2","34334","1448","2601820693","17507331","2343103703","3286083785"
"23:43:59.907260","1500","47.74.8.123","80","100.64.0.2","34334","1448","2601822141","17507331","2343103718","3286083800"
"23:43:59.907271","1500","47.74.8.123","80","100.64.0.2","34334","1448","2601823589","17507331","2343103718","3286083800"
"23:43:59.922324","1500","47.74.8.123","80","100.64.0.2","34334","1448","2601825037","17507331","2343103733","3286083815"
"23:43:59.922335","1500","47.74.8.123","80","100.64.0.2","34334","1448","2601826485","17507331","2343103733","3286083815"
"23:43:59.938849","1500","47.74.8.123","80","100.64.0.2","34334","1448","2601827933","17507331","2343103749","3286083830"
"23:43:59.938861","1500","47.74.8.123","80","100.64.0.2","34334","1448","2601829381","17507331","2343103749","3286083830"
"23:43:59.953885","1500","47.74.8.123","80","100.64.0.2","34334","1448","2601830829","17507331","2343103764","3286083846"
"23:43:59.953924","1500","47.74.8.123","80","100.64.0.2","34334","1448","2601832277","17507331","2343103764","3286083846"
"23:43:59.968531","1500","47.74.8.123","80","100.64.0.2","34334","1448","2601833725","17507331","2343103779","3286083862"
"23:43:59.968543","1500","47.74.8.123","80","100.64.0.2","34334","1448","2601835173","17507331","2343103779","3286083862"
"23:43:59.983620","1500","47.74.8.123","80","100.64.0.2","34334","1448","2601836621","17507331","2343103794","3286083877"
"23:43:59.983632","1500","47.74.8.123","80","100.64.0.2","34334","1448","2601838069","17507331","2343103794","3286083877"
"23:43:59.998576","1500","47.74.8.123","80","100.64.0.2","34334","1448","2601839517","17507331","2343103809","3286083891"
"23:43:59.998587","1500","47.74.8.123","80","100.64.0.2","34334","1448","2601840965","17507331","2343103809","3286083891"
"23:44:00.013602","1500","47.74.8.123","80","100.64.0.2","34334","1448","2601842413","17507331","2343103824","3286083906"
"23:44:00.013616","1500","47.74.8.123","80","100.64.0.2","34334","1448","2601843861","17507331","2343103824","3286083906"
"23:44:00.031041","1500","47.74.8.123","80","100.64.0.2","34334","1448","2601845309","17507331","2343103839","3286083921"
"23:44:00.044188","1500","47.74.8.123","80","100.64.0.2","34334","1448","2601846757","17507331","2343103855","3286083936"
"23:44:00.059954","1500","47.74.8.123","80","100.64.0.2","34334","1448","2601788837","17507331","2343103870","3286083953"
"23:44:00.074101","1500","47.74.8.123","80","100.64.0.2","34334","1448","2601848205","17507331","2343103885","3286083967"
"23:44:00.103956","1500","47.74.8.123","80","100.64.0.2","34334","1448","2601849653","17507331","2343103914","3286083998"
"23:44:00.347360","1500","47.74.8.123","80","100.64.0.2","34334","1448","2601791733","17507331","2343104158","3286084240"
"23:44:00.347377","1500","47.74.8.123","80","100.64.0.2","34334","1448","2601851101","17507331","2343104158","3286084240"
"23:44:00.347382","1500","47.74.8.123","80","100.64.0.2","34334","1448","2601852549","17507331","2343104158","3286084240"
"23:44:00.347387","1500","47.74.8.123","80","100.64.0.2","34334","1448","2601853997","17507331","2343104158","3286084240"
"23:44:00.347392","1500","47.74.8.123","80","100.64.0.2","34334","1448","2601855445","17507331","2343104158","3286084240"
"23:44:00.347401","1500","47.74.8.123","80","100.64.0.2","34334","1448","2601856893","17507331","2343104158","3286084240"
"23:44:00.362371","1500","47.74.8.123","80","100.64.0.2","34334","1448","2601858341","17507331","2343104173","3286084256"
"23:44:00.377364","1500","47.74.8.123","80","100.64.0.2","34334","1448","2601859789","17507331","2343104188","3286084270"
"23:44:00.498926","1500","47.74.8.123","80","100.64.0.2","34334","1448","2601796077","17507331","2343104309","3286084391"
"23:44:00.498938","1500","47.74.8.123","80","100.64.0.2","34334","1448","2601861237","17507331","2343104309","3286084391"
"23:44:00.512944","1500","47.74.8.123","80","100.64.0.2","34334","1448","2601862685","17507331","2343104323","3286084406"
"23:44:00.528032","1500","47.74.8.123","80","100.64.0.2","34334","1448","2601864133","17507331","2343104338","3286084422"
"23:44:00.545147","1500","47.74.8.123","80","100.64.0.2","34334","1448","2601865581","17507331","2343104356","3286084437"
"23:44:00.559201","1500","47.74.8.123","80","100.64.0.2","34334","1448","2601867029","17507331","2343104370","3286084453"
"23:44:00.574315","1500","47.74.8.123","80","100.64.0.2","34334","1448","2601868477","17507331","2343104385","3286084468"
"23:44:00.589456","1500","47.74.8.123","80","100.64.0.2","34334","1448","2601869925","17507331","2343104400","3286084482"
"23:44:00.604514","1500","47.74.8.123","80","100.64.0.2","34334","1448","2601871373","17507331","2343104415","3286084497"
"23:44:00.650632","1500","47.74.8.123","80","100.64.0.2","34334","1448","2601797525","17507331","2343104461","3286084543"
"23:44:00.650649","1500","47.74.8.123","80","100.64.0.2","34334","1448","2601872821","17507331","2343104461","3286084543"
"23:44:00.665634","1500","47.74.8.123","80","100.64.0.2","34334","1448","2601874269","17507331","2343104476","3286084558"
"23:44:00.680775","1500","47.74.8.123","80","100.64.0.2","34334","1448","2601875717","17507331","2343104491","3286084573"
"23:44:00.695793","1500","47.74.8.123","80","100.64.0.2","34334","1448","2601877165","17507331","2343104506","3286084588"
"23:44:00.710948","1500","47.74.8.123","80","100.64.0.2","34334","1448","2601878613","17507331","2343104521","3286084603"
"23:44:00.725122","1500","47.74.8.123","80","100.64.0.2","34334","1448","2601880061","17507331","2343104535","3286084618"
"23:44:00.741042","1500","47.74.8.123","80","100.64.0.2","34334","1448","2601881509","17507331","2343104551","3286084634"
"23:44:00.757062","1500","47.74.8.123","80","100.64.0.2","34334","1448","2601882957","17507331","2343104568","3286084650"
"23:44:00.771154","1500","47.74.8.123","80","100.64.0.2","34334","1448","2601884405","17507331","2343104582","3286084665"
"23:44:00.801320","1500","47.74.8.123","80","100.64.0.2","34334","1448","2601800421","17507331","2343104612","3286084695"
"23:44:00.801331","1500","47.74.8.123","80","100.64.0.2","34334","1448","2601885853","17507331","2343104612","3286084695"
"23:44:00.816386","1500","47.74.8.123","80","100.64.0.2","34334","1448","2601887301","17507331","2343104627","3286084709"
"23:44:00.831310","1500","47.74.8.123","80","100.64.0.2","34334","1448","2601888749","17507331","2343104642","3286084724"
"23:44:00.847300","1500","47.74.8.123","80","100.64.0.2","34334","1448","2601890197","17507331","2343104658","3286084739"
"23:44:00.862398","1500","47.74.8.123","80","100.64.0.2","34334","1448","2601891645","17507331","2343104673","3286084755"
"23:44:00.877474","1500","47.74.8.123","80","100.64.0.2","34334","1448","2601893093","17507331","2343104688","3286084770"
"23:44:00.892607","1500","47.74.8.123","80","100.64.0.2","34334","1448","2601894541","17507331","2343104703","3286084785"
"23:44:00.906770","1500","47.74.8.123","80","100.64.0.2","34334","1448","2601895989","17507331","2343104717","3286084800"
"23:44:00.922631","1500","47.74.8.123","80","100.64.0.2","34334","1448","2601897437","17507331","2343104733","3286084815"
"23:44:00.938582","1500","47.74.8.123","80","100.64.0.2","34334","1448","2601898885","17507331","2343104749","3286084830"
"23:44:00.953663","1500","47.74.8.123","80","100.64.0.2","34334","1448","2601804765","17507331","2343104764","3286084846"
"23:44:00.953675","1500","47.74.8.123","80","100.64.0.2","34334","1448","2601900333","17507331","2343104764","3286084846"
"23:44:00.968765","1500","47.74.8.123","80","100.64.0.2","34334","1448","2601901781","17507331","2343104779","3286084861"
"23:44:00.984271","1500","47.74.8.123","80","100.64.0.2","34334","1448","2601903229","17507331","2343104795","3286084876"
"23:44:00.998055","1500","47.74.8.123","80","100.64.0.2","34334","1448","2601904677","17507331","2343104808","3286084891"
"23:44:01.014853","1500","47.74.8.123","80","100.64.0.2","34334","1448","2601906125","17507331","2343104825","3286084907"
"23:44:01.028846","1500","47.74.8.123","80","100.64.0.2","34334","1448","2601907573","17507331","2343104839","3286084922"
"23:44:01.043993","1500","47.74.8.123","80","100.64.0.2","34334","1448","2601909021","17507331","2343104854","3286084937"
"23:44:01.059043","1500","47.74.8.123","80","100.64.0.2","34334","1448","2601910469","17507331","2343104869","3286084953"
"23:44:01.075264","1500","47.74.8.123","80","100.64.0.2","34334","1448","2601911917","17507331","2343104886","3286084968"
"23:44:01.089442","1500","47.74.8.123","80","100.64.0.2","34334","1448","2601913365","17507331","2343104900","3286084983"
"23:44:01.104037","1500","47.74.8.123","80","100.64.0.2","34334","1448","2601914813","17507331","2343104914","3286084997"
"23:44:01.119309","1500","47.74.8.123","80","100.64.0.2","34334","1448","2601806213","17507331","2343104930","3286085012"
"23:44:01.119320","1500","47.74.8.123","80","100.64.0.2","34334","1448","2601916261","17507331","2343104930","3286085012"
"23:44:01.135250","1500","47.74.8.123","80","100.64.0.2","34334","1448","2601917709","17507331","2343104946","3286085028"
"23:44:01.150314","1500","47.74.8.123","80","100.64.0.2","34334","1448","2601919157","17507331","2343104961","3286085044"
"23:44:01.165498","1500","47.74.8.123","80","100.64.0.2","34334","1448","2601920605","17507331","2343104976","3286085058"
"23:44:01.180705","1500","47.74.8.123","80","100.64.0.2","34334","1448","2601922053","17507331","2343104991","3286085073"
"23:44:01.195384","1500","47.74.8.123","80","100.64.0.2","34334","1448","2601923501","17507331","2343105006","3286085088"
"23:44:01.210684","1500","47.74.8.123","80","100.64.0.2","34334","1448","2601924949","17507331","2343105021","3286085103"
"23:44:01.225546","1500","47.74.8.123","80","100.64.0.2","34334","1448","2601926397","17507331","2343105036","3286085118"
"23:44:01.241613","1500","47.74.8.123","80","100.64.0.2","34334","1448","2601927845","17507331","2343105052","3286085133"
"23:44:01.256800","1500","47.74.8.123","80","100.64.0.2","34334","1448","2601929293","17507331","2343105067","3286085149"
"23:44:01.271042","1500","47.74.8.123","80","100.64.0.2","34334","1448","2601930741","17507331","2343105081","3286085164"
"23:44:01.286933","1500","47.74.8.123","80","100.64.0.2","34334","1448","2601932189","17507331","2343105097","3286085179"
"23:44:01.301010","1500","47.74.8.123","80","100.64.0.2","34334","1448","2601809109","17507331","2343105111","3286085195"
"23:44:01.301022","1500","47.74.8.123","80","100.64.0.2","34334","1448","2601933637","17507331","2343105111","3286085195"
"23:44:01.316869","1500","47.74.8.123","80","100.64.0.2","34334","1448","2601935085","17507331","2343105127","3286085210"
"23:44:01.332897","1500","47.74.8.123","80","100.64.0.2","34334","1448","2601936533","17507331","2343105143","3286085225"
"23:44:01.347121","1500","47.74.8.123","80","100.64.0.2","34334","1448","2601937981","17507331","2343105158","3286085240"
"23:44:01.362367","1500","47.74.8.123","80","100.64.0.2","34334","1448","2601939429","17507331","2343105173","3286085256"
"23:44:01.377265","1500","47.74.8.123","80","100.64.0.2","34334","1448","2601940877","17507331","2343105188","3286085271"
"23:44:01.392329","1500","47.74.8.123","80","100.64.0.2","34334","1448","2601942325","17507331","2343105203","3286085285"
"23:44:01.407185","1500","47.74.8.123","80","100.64.0.2","34334","1448","2601943773","17507331","2343105218","3286085300"
"23:44:01.422245","1500","47.74.8.123","80","100.64.0.2","34334","1448","2601945221","17507331","2343105233","3286085315"
"23:44:01.438478","1500","47.74.8.123","80","100.64.0.2","34334","1448","2601946669","17507331","2343105249","3286085330"
"23:44:01.453618","1500","47.74.8.123","80","100.64.0.2","34334","1448","2601948117","17507331","2343105264","3286085346"
"23:44:01.468563","1500","47.74.8.123","80","100.64.0.2","34334","1448","2601949565","17507331","2343105279","3286085361"
"23:44:01.483584","1500","47.74.8.123","80","100.64.0.2","34334","1448","2601951013","17507331","2343105294","3286085376"
"23:44:01.498429","1500","47.74.8.123","80","100.64.0.2","34334","1448","2601812005","17507331","2343105309","3286085391"
"23:44:01.498442","1500","47.74.8.123","80","100.64.0.2","34334","1448","2601952461","17507331","2343105309","3286085391"
"23:44:01.513510","1500","47.74.8.123","80","100.64.0.2","34334","1448","2601953909","17507331","2343105324","3286085406"
"23:44:01.528794","1500","47.74.8.123","80","100.64.0.2","34334","1448","2601955357","17507331","2343105339","3286085421"
"23:44:01.544928","1500","47.74.8.123","80","100.64.0.2","34334","1448","2601956805","17507331","2343105355","3286085436"
"23:44:01.559859","1500","47.74.8.123","80","100.64.0.2","34334","1448","2601958253","17507331","2343105370","3286085452"
"23:44:01.574863","1500","47.74.8.123","80","100.64.0.2","34334","1448","2601959701","17507331","2343105385","3286085468"
"23:44:01.589693","1500","47.74.8.123","80","100.64.0.2","34334","1448","2601961149","17507331","2343105400","3286085483"
"23:44:01.604779","1500","47.74.8.123","80","100.64.0.2","34334","1448","2601962597","17507331","2343105415","3286085498"
"23:44:01.619042","1500","47.74.8.123","80","100.64.0.2","34334","1448","2601964045","17507331","2343105430","3286085512"
"23:44:01.635170","1500","47.74.8.123","80","100.64.0.2","34334","1448","2601965493","17507331","2343105446","3286085527"
"23:44:01.650108","1500","47.74.8.123","80","100.64.0.2","34334","1448","2601966941","17507331","2343105461","3286085544"
"23:44:01.666069","1500","47.74.8.123","80","100.64.0.2","34334","1448","2601968389","17507331","2343105476","3286085558"
"23:44:01.679957","1500","47.74.8.123","80","100.64.0.2","34334","1448","2601969837","17507331","2343105490","3286085574"
"23:44:01.695101","1500","47.74.8.123","80","100.64.0.2","34334","1448","2601971285","17507331","2343105506","3286085588"
"23:44:01.712895","1500","47.74.8.123","80","100.64.0.2","34334","1448","2601814901","17507331","2343105523","3286085604"
"23:44:01.712921","1500","47.74.8.123","80","100.64.0.2","34334","1448","2601972733","17507331","2343105523","3286085604"
"23:44:01.725048","1500","47.74.8.123","80","100.64.0.2","34334","1448","2601974181","17507331","2343105535","3286085619"
"23:44:01.741621","1500","47.74.8.123","80","100.64.0.2","34334","1448","2601975629","17507331","2343105552","3286085633"
"23:44:01.758241","1500","47.74.8.123","80","100.64.0.2","34334","1448","2601977077","17507331","2343105569","3286085649"
"23:44:01.771298","1500","47.74.8.123","80","100.64.0.2","34334","1448","2601978525","17507331","2343105582","3286085664"
"23:44:01.787385","1500","47.74.8.123","80","100.64.0.2","34334","1448","2601979973","17507331","2343105598","3286085679"
"23:44:01.801555","1500","47.74.8.123","80","100.64.0.2","34334","1448","2601981421","17507331","2343105612","3286085694"
"23:44:01.816829","1500","47.74.8.123","80","100.64.0.2","34334","1448","2601982869","17507331","2343105627","3286085709"
"23:44:01.831941","1500","47.74.8.123","80","100.64.0.2","34334","1448","2601984317","17507331","2343105642","3286085724"
"23:44:01.847498","1500","47.74.8.123","80","100.64.0.2","34334","1448","2601985765","17507331","2343105658","3286085739"
"23:44:01.863639","1500","47.74.8.123","80","100.64.0.2","34334","1448","2601987213","17507331","2343105674","3286085756"
"23:44:01.938751","1500","47.74.8.123","80","100.64.0.2","34334","1448","2601817797","17507331","2343105749","3286085831"
"23:44:02.119617","1500","47.74.8.123","80","100.64.0.2","34334","1448","2601820693","17507331","2343105930","3286086012"
"23:44:02.272188","1500","47.74.8.123","80","100.64.0.2","34334","1448","2601823589","17507331","2343106083","3286086165"
"23:44:02.422727","1500","47.74.8.123","80","100.64.0.2","34334","1448","2601826485","17507331","2343106233","3286086315"
"23:44:02.574208","1500","47.74.8.123","80","100.64.0.2","34334","1448","2601829381","17507331","2343106385","3286086468"
"23:44:02.725652","1500","47.74.8.123","80","100.64.0.2","34334","1448","2601832277","17507331","2343106536","3286086618"
"23:44:02.877758","1500","47.74.8.123","80","100.64.0.2","34334","1448","2601835173","17507331","2343106688","3286086770"
"23:44:03.028228","1500","47.74.8.123","80","100.64.0.2","34334","1448","2601838069","17507331","2343106839","3286086922"
"23:44:03.180661","1500","47.74.8.123","80","100.64.0.2","34334","1448","2601840965","17507331","2343106991","3286087073"
"23:44:03.331215","1500","47.74.8.123","80","100.64.0.2","34334","1448","2601843861","17507331","2343107142","3286087225"
"23:44:03.483013","1500","47.74.8.123","80","100.64.0.2","34334","1448","2601988661","17507331","2343107294","3286087376"
"23:44:03.483032","1500","47.74.8.123","80","100.64.0.2","34334","1448","2601990109","17507331","2343107294","3286087376"
"23:44:03.483038","1500","47.74.8.123","80","100.64.0.2","34334","1448","2601991557","17507331","2343107294","3286087376"
"23:44:03.483043","1500","47.74.8.123","80","100.64.0.2","34334","1448","2601993005","17507331","2343107294","3286087376"
"23:44:03.483047","1500","47.74.8.123","80","100.64.0.2","34334","1448","2601994453","17507331","2343107294","3286087376"
"23:44:03.483052","1500","47.74.8.123","80","100.64.0.2","34334","1448","2601995901","17507331","2343107294","3286087376"
"23:44:03.483060","1500","47.74.8.123","80","100.64.0.2","34334","1448","2601997349","17507331","2343107294","3286087376"
"23:44:03.483066","1500","47.74.8.123","80","100.64.0.2","34334","1448","2601998797","17507331","2343107294","3286087376"
"23:44:03.483073","1500","47.74.8.123","80","100.64.0.2","34334","1448","2602000245","17507331","2343107294","3286087376"
"23:44:03.483078","1500","47.74.8.123","80","100.64.0.2","34334","1448","2602001693","17507331","2343107294","3286087376"
"23:44:03.483083","1500","47.74.8.123","80","100.64.0.2","34334","1448","2602003141","17507331","2343107294","3286087376"
"23:44:03.483091","1500","47.74.8.123","80","100.64.0.2","34334","1448","2602004589","17507331","2343107294","3286087376"
"23:44:03.483099","1500","47.74.8.123","80","100.64.0.2","34334","1448","2602006037","17507331","2343107294","3286087376"
"23:44:03.483108","1500","47.74.8.123","80","100.64.0.2","34334","1448","2602007485","17507331","2343107294","3286087376"
"23:44:03.484312","1500","47.74.8.123","80","100.64.0.2","34334","1448","2602008933","17507331","2343107294","3286087376"
"23:44:03.484324","1500","47.74.8.123","80","100.64.0.2","34334","1448","2602010381","17507331","2343107294","3286087376"
"23:44:03.484329","1500","47.74.8.123","80","100.64.0.2","34334","1448","2602011829","17507331","2343107294","3286087376"
"23:44:03.484334","1500","47.74.8.123","80","100.64.0.2","34334","1448","2602013277","17507331","2343107294","3286087376"
"23:44:03.484341","1500","47.74.8.123","80","100.64.0.2","34334","1448","2602014725","17507331","2343107294","3286087376"
"23:44:03.484346","1500","47.74.8.123","80","100.64.0.2","34334","1448","2602016173","17507331","2343107294","3286087376"
"23:44:03.484355","1500","47.74.8.123","80","100.64.0.2","34334","1448","2602017621","17507331","2343107294","3286087376"
"23:44:03.484361","1500","47.74.8.123","80","100.64.0.2","34334","1448","2602019069","17507331","2343107294","3286087376"
"23:44:03.484371","1500","47.74.8.123","80","100.64.0.2","34334","1448","2602020517","17507331","2343107294","3286087376"
"23:44:03.484376","1500","47.74.8.123","80","100.64.0.2","34334","1448","2602021965","17507331","2343107294","3286087376"
"23:44:03.484383","1500","47.74.8.123","80","100.64.0.2","34334","1448","2602023413","17507331","2343107294","3286087376"
"23:44:03.484391","1500","47.74.8.123","80","100.64.0.2","34334","1448","2602024861","17507331","2343107294","3286087376"
"23:44:03.484397","1500","47.74.8.123","80","100.64.0.2","34334","1448","2602026309","17507331","2343107294","3286087376"
"23:44:03.484402","1500","47.74.8.123","80","100.64.0.2","34334","1448","2602027757","17507331","2343107294","3286087376"
"23:44:03.484409","1500","47.74.8.123","80","100.64.0.2","34334","1448","2602029205","17507331","2343107294","3286087376"
"23:44:03.635376","1500","47.74.8.123","80","100.64.0.2","34334","1448","2602030653","17507331","2343107446","3286087528"
"23:44:03.650540","1500","47.74.8.123","80","100.64.0.2","34334","1448","2602032101","17507331","2343107461","3286087543"
"23:44:03.665598","1500","47.74.8.123","80","100.64.0.2","34334","1448","2602033549","17507331","2343107476","3286087558"
"23:44:03.665612","1500","47.74.8.123","80","100.64.0.2","34334","1448","2602034997","17507331","2343107476","3286087558"
"23:44:03.680767","1500","47.74.8.123","80","100.64.0.2","34334","1448","2602036445","17507331","2343107491","3286087573"
"23:44:03.695062","1500","47.74.8.123","80","100.64.0.2","34334","1448","2602037893","17507331","2343107505","3286087588"
"23:44:03.710209","1500","47.74.8.123","80","100.64.0.2","34334","1448","2602039341","17507331","2343107521","3286087603"
"23:44:03.726305","1500","47.74.8.123","80","100.64.0.2","34334","1448","2602040789","17507331","2343107537","3286087619"
"23:44:03.726317","1500","47.74.8.123","80","100.64.0.2","34334","1448","2602042237","17507331","2343107537","3286087619"
"23:44:03.741478","1500","47.74.8.123","80","100.64.0.2","34334","1448","2602043685","17507331","2343107552","3286087634"
"23:44:03.756921","1500","47.74.8.123","80","100.64.0.2","34334","1448","2602045133","17507331","2343107567","3286087649"
"23:44:03.771032","1500","47.74.8.123","80","100.64.0.2","34334","1448","2602046581","17507331","2343107581","3286087664"
"23:44:03.786407","1500","47.74.8.123","80","100.64.0.2","34334","1448","2602048029","17507331","2343107597","3286087680"
"23:44:03.801504","1500","47.74.8.123","80","100.64.0.2","34334","1448","2602049477","17507331","2343107612","3286087695"
"23:44:03.816580","1500","47.74.8.123","80","100.64.0.2","34334","1448","2602003141","17507331","2343107627","3286087709"
"23:44:03.831727","1500","47.74.8.123","80","100.64.0.2","34334","1448","2602050925","17507331","2343107642","3286087724"
"23:44:03.847232","1500","47.74.8.123","80","100.64.0.2","34334","1448","2602052373","17507331","2343107658","3286087739"
"23:44:03.862345","1500","47.74.8.123","80","100.64.0.2","34334","1448","2602053821","17507331","2343107673","3286087755"
"23:44:03.877755","1500","47.74.8.123","80","100.64.0.2","34334","1448","2602055269","17507331","2343107688","3286087770"
"23:44:03.892817","1500","47.74.8.123","80","100.64.0.2","34334","1448","2602056717","17507331","2343107703","3286087785"
"23:44:03.907875","1500","47.74.8.123","80","100.64.0.2","34334","1448","2602058165","17507331","2343107718","3286087800"
"23:44:03.921955","1500","47.74.8.123","80","100.64.0.2","34334","1448","2602059613","17507331","2343107732","3286087816"
"23:44:03.938561","1500","47.74.8.123","80","100.64.0.2","34334","1448","2602061061","17507331","2343107749","3286087831"
"23:44:03.954005","1500","47.74.8.123","80","100.64.0.2","34334","1448","2602062509","17507331","2343107764","3286087847"
"23:44:03.998180","1500","47.74.8.123","80","100.64.0.2","34334","1448","2602004589","17507331","2343107809","3286087892"
"23:44:03.998193","1500","47.74.8.123","80","100.64.0.2","34334","1448","2602063957","17507331","2343107809","3286087892"
"23:44:04.013218","1500","47.74.8.123","80","100.64.0.2","34334","1448","2602065405","17507331","2343107824","3286087907"
"23:44:04.028816","1500","47.74.8.123","80","100.64.0.2","34334","1448","2602066853","17507331","2343107839","3286087921"
"23:44:04.044265","1500","47.74.8.123","80","100.64.0.2","34334","1448","2602068301","17507331","2343107855","3286087936"
"23:44:04.059344","1500","47.74.8.123","80","100.64.0.2","34334","1448","2602069749","17507331","2343107870","3286087953"
"23:44:04.074355","1500","47.74.8.123","80","100.64.0.2","34334","1448","2602071197","17507331","2343107885","3286087967"
"23:44:04.089498","1500","47.74.8.123","80","100.64.0.2","34334","1448","2602072645","17507331","2343107900","3286087982"
"23:44:04.104615","1500","47.74.8.123","80","100.64.0.2","34334","1448","2602074093","17507331","2343107915","3286087997"
"23:44:04.119115","1500","47.74.8.123","80","100.64.0.2","34334","1448","2602075541","17507331","2343107930","3286088012"
"23:44:04.135502","1500","47.74.8.123","80","100.64.0.2","34334","1448","2602076989","17507331","2343107946","3286088027"
"23:44:04.150644","1500","47.74.8.123","80","100.64.0.2","34334","1448","2602006037","17507331","2343107961","3286088044"
"23:44:04.150658","1500","47.74.8.123","80","100.64.0.2","34334","1448","2602078437","17507331","2343107961","3286088044"
"23:44:04.165606","1500","47.74.8.123","80","100.64.0.2","34334","1448","2602079885","17507331","2343107976","3286088058"
"23:44:04.180741","1500","47.74.8.123","80","100.64.0.2","34334","1448","2602081333","17507331","2343107991","3286088073"
"23:44:04.195864","1500","47.74.8.123","80","100.64.0.2","34334","1448","2602082781","17507331","2343108006","3286088088"
"23:44:04.210354","1500","47.74.8.123","80","100.64.0.2","34334","1448","2602084229","17507331","2343108021","3286088103"
"23:44:04.225752","1500","47.74.8.123","80","100.64.0.2","34334","1448","2602085677","17507331","2343108036","3286088119"
"23:44:04.240938","1500","47.74.8.123","80","100.64.0.2","34334","1448","2602087125","17507331","2343108051","3286088133"
"23:44:04.256873","1500","47.74.8.123","80","100.64.0.2","34334","1448","2602088573","17507331","2343108067","3286088149"
"23:44:04.272082","1500","47.74.8.123","80","100.64.0.2","34334","1448","2602090021","17507331","2343108083","3286088165"
"23:44:04.288186","1500","47.74.8.123","80","100.64.0.2","34334","1448","2602091469","17507331","2343108097","3286088180"
"23:44:04.301643","1500","47.74.8.123","80","100.64.0.2","34334","1448","2602092917","17507331","2343108112","3286088195"
"23:44:04.316178","1500","47.74.8.123","80","100.64.0.2","34334","1448","2602007485","17507331","2343108127","3286088209"
"23:44:04.316188","1500","47.74.8.123","80","100.64.0.2","34334","1448","2602094365","17507331","2343108127","3286088209"
"23:44:04.331191","1500","47.74.8.123","80","100.64.0.2","34334","1448","2602095813","17507331","2343108142","3286088224"
"23:44:04.347128","1500","47.74.8.123","80","100.64.0.2","34334","1448","2602097261","17507331","2343108158","3286088240"
"23:44:04.362405","1500","47.74.8.123","80","100.64.0.2","34334","1448","2602098709","17507331","2343108173","3286088255"
"23:44:04.380314","1500","47.74.8.123","80","100.64.0.2","34334","1448","2602100157","17507331","2343108191","3286088270"
"23:44:04.392490","1500","47.74.8.123","80","100.64.0.2","34334","1448","2602101605","17507331","2343108203","3286088285"
"23:44:04.407410","1500","47.74.8.123","80","100.64.0.2","34334","1448","2602103053","17507331","2343108218","3286088300"
"23:44:04.422510","1500","47.74.8.123","80","100.64.0.2","34334","1448","2602104501","17507331","2343108233","3286088315"
"23:44:04.438422","1500","47.74.8.123","80","100.64.0.2","34334","1448","2602105949","17507331","2343108249","3286088330"
"23:44:04.454190","1500","47.74.8.123","80","100.64.0.2","34334","1448","2602107397","17507331","2343108265","3286088346"
"23:44:04.468680","1500","47.74.8.123","80","100.64.0.2","34334","1448","2602108845","17507331","2343108279","3286088361"
"23:44:04.483740","1500","47.74.8.123","80","100.64.0.2","34334","1448","2602110293","17507331","2343108294","3286088376"
"23:44:04.498779","1500","47.74.8.123","80","100.64.0.2","34334","1448","2602008933","17507331","2343108309","3286088391"
"23:44:04.498792","1500","47.74.8.123","80","100.64.0.2","34334","1448","2602111741","17507331","2343108309","3286088391"
"23:44:04.513884","1500","47.74.8.123","80","100.64.0.2","34334","1448","2602113189","17507331","2343108324","3286088406"
"23:44:04.528691","1500","47.74.8.123","80","100.64.0.2","34334","1448","2602114637","17507331","2343108339","3286088421"
"23:44:04.544521","1500","47.74.8.123","80","100.64.0.2","34334","1448","2602116085","17507331","2343108355","3286088437"
"23:44:04.559005","1500","47.74.8.123","80","100.64.0.2","34334","1448","2602117533","17507331","2343108369","3286088452"
"23:44:04.574723","1500","47.74.8.123","80","100.64.0.2","34334","1448","2602118981","17507331","2343108385","3286088467"
"23:44:04.589164","1500","47.74.8.123","80","100.64.0.2","34334","1448","2602120429","17507331","2343108400","3286088483"
"23:44:04.604238","1500","47.74.8.123","80","100.64.0.2","34334","1448","2602121877","17507331","2343108415","3286088498"
"23:44:04.619062","1500","47.74.8.123","80","100.64.0.2","34334","1448","2602123325","17507331","2343108430","3286088513"
"23:44:04.635951","1500","47.74.8.123","80","100.64.0.2","34334","1448","2602124773","17507331","2343108446","3286088527"
"23:44:04.651053","1500","47.74.8.123","80","100.64.0.2","34334","1448","2602126221","17507331","2343108461","3286088544"
"23:44:04.665144","1500","47.74.8.123","80","100.64.0.2","34334","1448","2602127669","17507331","2343108476","3286088559"
"23:44:04.680558","1500","47.74.8.123","80","100.64.0.2","34334","1448","2602129117","17507331","2343108491","3286088573"
"23:44:04.695575","1500","47.74.8.123","80","100.64.0.2","34334","1448","2602010381","17507331","2343108506","3286088589"
"23:44:04.695592","1500","47.74.8.123","80","100.64.0.2","34334","1448","2602130565","17507331","2343108506","3286088589"
"23:44:04.710388","1500","47.74.8.123","80","100.64.0.2","34334","1448","2602132013","17507331","2343108521","3286088603"
"23:44:04.725302","1500","47.74.8.123","80","100.64.0.2","34334","1448","2602133461","17507331","2343108536","3286088618"
"23:44:04.741343","1500","47.74.8.123","80","100.64.0.2","34334","1448","2602134909","17507331","2343108552","3286088633"
"23:44:04.756637","1500","47.74.8.123","80","100.64.0.2","34334","1448","2602136357","17507331","2343108567","3286088649"
"23:44:04.771802","1500","47.74.8.123","80","100.64.0.2","34334","1448","2602137805","17507331","2343108582","3286088664"
"23:44:04.786686","1500","47.74.8.123","80","100.64.0.2","34334","1448","2602139253","17507331","2343108597","3286088679"
"23:44:04.801757","1500","47.74.8.123","80","100.64.0.2","34334","1448","2602140701","17507331","2343108612","3286088694"
"23:44:04.817320","1500","47.74.8.123","80","100.64.0.2","34334","1448","2602142149","17507331","2343108628","3286088709"
"23:44:04.831602","1500","47.74.8.123","80","100.64.0.2","34334","1448","2602143597","17507331","2343108642","3286088724"
"23:44:04.846931","1500","47.74.8.123","80","100.64.0.2","34334","1448","2602145045","17507331","2343108657","3286088739"
"23:44:04.862109","1500","47.74.8.123","80","100.64.0.2","34334","1448","2602146493","17507331","2343108673","3286088755"
"23:44:04.877938","1500","47.74.8.123","80","100.64.0.2","34334","1448","2602147941","17507331","2343108688","3286088771"
"23:44:04.892043","1500","47.74.8.123","80","100.64.0.2","34334","1448","2602149389","17507331","2343108703","3286088786"
"23:44:04.908598","1500","47.74.8.123","80","100.64.0.2","34334","1448","2602011829","17507331","2343108719","3286088801"
"23:44:04.908612","1500","47.74.8.123","80","100.64.0.2","34334","1448","2602150837","17507331","2343108719","3286088801"
"23:44:04.923848","1500","47.74.8.123","80","100.64.0.2","34334","1448","2602152285","17507331","2343108734","3286088816"
"23:44:04.938257","1500","47.74.8.123","80","100.64.0.2","34334","1448","2602153733","17507331","2343108749","3286088830"
"23:44:04.953411","1500","47.74.8.123","80","100.64.0.2","34334","1448","2602155181","17507331","2343108764","3286088847"
"23:44:04.968166","1500","47.74.8.123","80","100.64.0.2","34334","1448","2602156629","17507331","2343108779","3286088861"
"23:44:04.983281","1500","47.74.8.123","80","100.64.0.2","34334","1448","2602158077","17507331","2343108794","3286088876"
"23:44:04.998907","1500","47.74.8.123","80","100.64.0.2","34334","1448","2602159525","17507331","2343108809","3286088891"
"23:44:05.013171","1500","47.74.8.123","80","100.64.0.2","34334","1448","2602160973","17507331","2343108824","3286088906"
"23:44:05.028546","1500","47.74.8.123","80","100.64.0.2","34334","1448","2602162421","17507331","2343108839","3286088922"
"23:44:05.044810","1500","47.74.8.123","80","100.64.0.2","34334","1448","2602163869","17507331","2343108855","3286088937"
"23:44:05.059395","1500","47.74.8.123","80","100.64.0.2","34334","1448","2602165317","17507331","2343108870","3286088952"
"23:44:05.074559","1500","47.74.8.123","80","100.64.0.2","34334","1448","2602166765","17507331","2343108885","3286088967"
"23:44:05.089254","1500","47.74.8.123","80","100.64.0.2","34334","1448","2602168213","17507331","2343108900","3286088982"
"23:44:05.104504","1500","47.74.8.123","80","100.64.0.2","34334","1448","2602169661","17507331","2343108915","3286088997"
"23:44:05.119915","1500","47.74.8.123","80","100.64.0.2","34334","1448","2602171109","17507331","2343108930","3286089012"
"23:44:05.135246","1500","47.74.8.123","80","100.64.0.2","34334","1448","2602013277","17507331","2343108946","3286089027"
"23:44:05.135311","1500","47.74.8.123","80","100.64.0.2","34334","1448","2602172557","17507331","2343108946","3286089027"
"23:44:05.150713","1500","47.74.8.123","80","100.64.0.2","34334","1448","2602174005","17507331","2343108961","3286089044"
"23:44:05.165842","1500","47.74.8.123","80","100.64.0.2","34334","1448","2602175453","17507331","2343108976","3286089059"
"23:44:05.180883","1500","47.74.8.123","80","100.64.0.2","34334","1448","2602176901","17507331","2343108991","3286089073"
"23:44:05.195091","1500","47.74.8.123","80","100.64.0.2","34334","1448","2602178349","17507331","2343109006","3286089089"
"23:44:05.210566","1500","47.74.8.123","80","100.64.0.2","34334","1448","2602179797","17507331","2343109021","3286089103"
"23:44:05.226648","1500","47.74.8.123","80","100.64.0.2","34334","1448","2602181245","17507331","2343109037","3286089118"
"23:44:05.242846","1500","47.74.8.123","80","100.64.0.2","34334","1448","2602182693","17507331","2343109051","3286089133"
"23:44:05.256130","1500","47.74.8.123","80","100.64.0.2","34334","1448","2602184141","17507331","2343109067","3286089149"
"23:44:05.272178","1500","47.74.8.123","80","100.64.0.2","34334","1448","2602185589","17507331","2343109083","3286089165"
"23:44:05.286409","1500","47.74.8.123","80","100.64.0.2","34334","1448","2602187037","17507331","2343109097","3286089180"
"23:44:05.301873","1500","47.74.8.123","80","100.64.0.2","34334","1448","2602188485","17507331","2343109112","3286089194"
"23:44:05.316925","1500","47.74.8.123","80","100.64.0.2","34334","1448","2602189933","17507331","2343109127","3286089209"
"23:44:05.331243","1500","47.74.8.123","80","100.64.0.2","34334","1448","2602191381","17507331","2343109142","3286089225"
"23:44:05.347474","1500","47.74.8.123","80","100.64.0.2","34334","1448","2602192829","17507331","2343109158","3286089240"
"23:44:05.362435","1500","47.74.8.123","80","100.64.0.2","34334","1448","2602194277","17507331","2343109173","3286089256"
"23:44:05.377707","1500","47.74.8.123","80","100.64.0.2","34334","1448","2602014725","17507331","2343109188","3286089270"
"23:44:05.377718","1500","47.74.8.123","80","100.64.0.2","34334","1448","2602195725","17507331","2343109188","3286089270"
"23:44:05.392175","1500","47.74.8.123","80","100.64.0.2","34334","1448","2602197173","17507331","2343109203","3286089285"
"23:44:05.407182","1500","47.74.8.123","80","100.64.0.2","34334","1448","2602198621","17507331","2343109218","3286089300"
"23:44:05.422462","1500","47.74.8.123","80","100.64.0.2","34334","1448","2602200069","17507331","2343109233","3286089315"
"23:44:05.438754","1500","47.74.8.123","80","100.64.0.2","34334","1448","2602201517","17507331","2343109249","3286089330"
"23:44:05.453715","1500","47.74.8.123","80","100.64.0.2","34334","1448","2602202965","17507331","2343109264","3286089346"
"23:44:05.467960","1500","47.74.8.123","80","100.64.0.2","34334","1448","2602204413","17507331","2343109278","3286089361"
"23:44:05.483411","1500","47.74.8.123","80","100.64.0.2","34334","1448","2602205861","17507331","2343109294","3286089376"
"23:44:05.499425","1500","47.74.8.123","80","100.64.0.2","34334","1448","2602207309","17507331","2343109310","3286089392"
"23:44:05.513741","702","47.74.8.123","80","100.64.0.2","34334","650","2602208757","17507331","2343109324","3286089406"
"23:44:05.635183","1500","47.74.8.123","80","100.64.0.2","34334","1448","2602016173","17507331","2343109446","3286089528"
"23:44:05.801790","1500","47.74.8.123","80","100.64.0.2","34334","1448","2602017621","17507331","2343109612","3286089694"
"23:44:05.953292","1500","47.74.8.123","80","100.64.0.2","34334","1448","2602019069","17507331","2343109764","3286089846"
"23:44:06.104814","1500","47.74.8.123","80","100.64.0.2","34334","1448","2602020517","17507331","2343109915","3286089997"
"23:44:06.256350","1500","47.74.8.123","80","100.64.0.2","34334","1448","2602021965","17507331","2343110067","3286090150"
"23:44:06.407945","1500","47.74.8.123","80","100.64.0.2","34334","1448","2602023413","17507331","2343110218","3286090300"
"23:44:06.559485","1500","47.74.8.123","80","100.64.0.2","34334","1448","2602024861","17507331","2343110370","3286090452"
"23:44:06.710892","1500","47.74.8.123","80","100.64.0.2","34334","1448","2602026309","17507331","2343110521","3286090603"
"23:44:06.862391","1500","47.74.8.123","80","100.64.0.2","34334","1448","2602027757","17507331","2343110673","3286090755"
"23:44:07.013911","1500","47.74.8.123","80","100.64.0.2","34334","1448","2602029205","17507331","2343110824","3286090906"
"23:44:07.165031","52","47.74.8.123","80","100.64.0.2","34334","0","2602209407","17507477","2343110976","3286091059"
"23:44:07.165057","1500","47.74.8.123","80","100.64.0.2","34334","1448","2602209407","17507477","2343110976","3286091059"
"23:44:07.165062","1500","47.74.8.123","80","100.64.0.2","34334","1448","2602210855","17507477","2343110976","3286091059"
"23:44:07.165067","1500","47.74.8.123","80","100.64.0.2","34334","1448","2602212303","17507477","2343110976","3286091059"
"23:44:07.165073","1500","47.74.8.123","80","100.64.0.2","34334","1448","2602213751","17507477","2343110976","3286091059"
"23:44:07.165082","1500","47.74.8.123","80","100.64.0.2","34334","1448","2602215199","17507477","2343110976","3286091059"
"23:44:07.165087","1500","47.74.8.123","80","100.64.0.2","34334","1448","2602216647","17507477","2343110976","3286091059"
"23:44:07.165096","1500","47.74.8.123","80","100.64.0.2","34334","1448","2602218095","17507477","2343110976","3286091059"
"23:44:07.165103","1500","47.74.8.123","80","100.64.0.2","34334","1448","2602219543","17507477","2343110976","3286091059"
"23:44:07.165109","1500","47.74.8.123","80","100.64.0.2","34334","1448","2602220991","17507477","2343110976","3286091059"
"23:44:07.165117","1500","47.74.8.123","80","100.64.0.2","34334","1448","2602222439","17507477","2343110976","3286091059"
"23:44:07.165122","1500","47.74.8.123","80","100.64.0.2","34334","1448","2602223887","17507477","2343110976","3286091059"
"23:44:07.165130","1500","47.74.8.123","80","100.64.0.2","34334","1448","2602225335","17507477","2343110976","3286091059"
"23:44:07.165137","1500","47.74.8.123","80","100.64.0.2","34334","1448","2602226783","17507477","2343110976","3286091059"
"23:44:07.165142","1500","47.74.8.123","80","100.64.0.2","34334","1448","2602228231","17507477","2343110976","3286091059"
"23:44:07.165149","1500","47.74.8.123","80","100.64.0.2","34334","1448","2602229679","17507477","2343110976","3286091059"
"23:44:07.165157","1500","47.74.8.123","80","100.64.0.2","34334","1448","2602231127","17507477","2343110976","3286091059"
"23:44:07.165163","1500","47.74.8.123","80","100.64.0.2","34334","1448","2602232575","17507477","2343110976","3286091059"
"23:44:07.165169","1500","47.74.8.123","80","100.64.0.2","34334","1448","2602234023","17507477","2343110976","3286091059"
"23:44:07.165174","1500","47.74.8.123","80","100.64.0.2","34334","1448","2602235471","17507477","2343110976","3286091059"
"23:44:07.165183","1500","47.74.8.123","80","100.64.0.2","34334","1448","2602236919","17507477","2343110976","3286091059"
"23:44:07.165190","1500","47.74.8.123","80","100.64.0.2","34334","1448","2602238367","17507477","2343110976","3286091059"
"23:44:07.165197","1500","47.74.8.123","80","100.64.0.2","34334","1448","2602239815","17507477","2343110976","3286091059"
"23:44:07.165203","1500","47.74.8.123","80","100.64.0.2","34334","1448","2602241263","17507477","2343110976","3286091059"
"23:44:07.165208","1500","47.74.8.123","80","100.64.0.2","34334","1448","2602242711","17507477","2343110976","3286091059"
"23:44:07.166347","1500","47.74.8.123","80","100.64.0.2","34334","1448","2602244159","17507477","2343110976","3286091059"
"23:44:07.166358","1500","47.74.8.123","80","100.64.0.2","34334","1448","2602245607","17507477","2343110976","3286091059"
"23:44:07.166363","1500","47.74.8.123","80","100.64.0.2","34334","1448","2602247055","17507477","2343110976","3286091059"
"23:44:07.166369","1500","47.74.8.123","80","100.64.0.2","34334","1448","2602248503","17507477","2343110976","3286091059"
"23:44:07.166375","1500","47.74.8.123","80","100.64.0.2","34334","1448","2602249951","17507477","2343110976","3286091059"
"23:44:07.166380","1500","47.74.8.123","80","100.64.0.2","34334","1448","2602251399","17507477","2343110976","3286091059"
"23:44:07.166388","1500","47.74.8.123","80","100.64.0.2","34334","1448","2602252847","17507477","2343110976","3286091059"
"23:44:07.166393","1500","47.74.8.123","80","100.64.0.2","34334","1448","2602254295","17507477","2343110976","3286091059"
"23:44:07.332598","1500","47.74.8.123","80","100.64.0.2","34334","1448","2602255743","17507477","2343111143","3286091225"
"23:44:07.347448","1500","47.74.8.123","80","100.64.0.2","34334","1448","2602257191","17507477","2343111158","3286091239"
"23:44:07.362601","1500","47.74.8.123","80","100.64.0.2","34334","1448","2602258639","17507477","2343111173","3286091255"
"23:44:07.377877","1500","47.74.8.123","80","100.64.0.2","34334","1448","2602260087","17507477","2343111188","3286091270"
"23:44:07.392721","1500","47.74.8.123","80","100.64.0.2","34334","1448","2602261535","17507477","2343111203","3286091285"
"23:44:07.407871","1500","47.74.8.123","80","100.64.0.2","34334","1448","2602262983","17507477","2343111218","3286091300"
"23:44:07.421939","1500","47.74.8.123","80","100.64.0.2","34334","1448","2602264431","17507477","2343111232","3286091315"
"23:44:07.438043","1500","47.74.8.123","80","100.64.0.2","34334","1448","2602265879","17507477","2343111249","3286091330"
"23:44:07.454181","1500","47.74.8.123","80","100.64.0.2","34334","1448","2602267327","17507477","2343111265","3286091347"
"23:44:07.468203","1500","47.74.8.123","80","100.64.0.2","34334","1448","2602268775","17507477","2343111279","3286091362"
"23:44:07.483054","1500","47.74.8.123","80","100.64.0.2","34334","1448","2602270223","17507477","2343111294","3286091377"
"23:44:07.503238","1500","47.74.8.123","80","100.64.0.2","34334","1448","2602271671","17507477","2343111314","3286091391"
"23:44:07.513565","1500","47.74.8.123","80","100.64.0.2","34334","1448","2602223887","17507477","2343111324","3286091407"
"23:44:07.528310","1500","47.74.8.123","80","100.64.0.2","34334","1448","2602273119","17507477","2343111339","3286091421"
"23:44:07.544041","1500","47.74.8.123","80","100.64.0.2","34334","1448","2602274567","17507477","2343111354","3286091436"
"23:44:07.559467","1500","47.74.8.123","80","100.64.0.2","34334","1448","2602276015","17507477","2343111370","3286091452"
"23:44:07.575361","1500","47.74.8.123","80","100.64.0.2","34334","1448","2602277463","17507477","2343111386","3286091467"
"23:44:07.589604","1500","47.74.8.123","80","100.64.0.2","34334","1448","2602278911","17507477","2343111400","3286091482"
"23:44:07.604924","1500","47.74.8.123","80","100.64.0.2","34334","1448","2602280359","17507477","2343111415","3286091497"
"23:44:07.635369","1500","47.74.8.123","80","100.64.0.2","34334","1448","2602281807","17507477","2343111446","3286091528"
"23:44:07.665785","1500","47.74.8.123","80","100.64.0.2","34334","1448","2602283255","17507477","2343111476","3286091558"
"23:44:07.695292","1500","47.74.8.123","80","100.64.0.2","34334","1448","2602225335","17507477","2343111506","3286091588"
"23:44:07.711279","1500","47.74.8.123","80","100.64.0.2","34334","1448","2602284703","17507477","2343111522","3286091604"
"23:44:07.725775","1500","47.74.8.123","80","100.64.0.2","34334","1448","2602286151","17507477","2343111536","3286091618"
"23:44:07.741826","1500","47.74.8.123","80","100.64.0.2","34334","1448","2602287599","17507477","2343111552","3286091633"
"23:44:07.756162","1500","47.74.8.123","80","100.64.0.2","34334","1448","2602289047","17507477","2343111567","3286091649"
"23:44:07.771163","1500","47.74.8.123","80","100.64.0.2","34334","1448","2602290495","17507477","2343111582","3286091664"
"23:44:07.786702","1500","47.74.8.123","80","100.64.0.2","34334","1448","2602291943","17507477","2343111597","3286091680"
"23:44:07.816206","1500","47.74.8.123","80","100.64.0.2","34334","1448","2602293391","17507477","2343111627","3286091709"
"23:44:07.847471","1500","47.74.8.123","80","100.64.0.2","34334","1448","2602226783","17507477","2343111658","3286091740"
"23:44:07.847485","1500","47.74.8.123","80","100.64.0.2","34334","1448","2602294839","17507477","2343111658","3286091740"
"23:44:07.862418","1500","47.74.8.123","80","100.64.0.2","34334","1448","2602296287","17507477","2343111673","3286091755"
"23:44:07.876989","1500","47.74.8.123","80","100.64.0.2","34334","1448","2602297735","17507477","2343111687","3286091770"
"23:44:07.892052","1500","47.74.8.123","80","100.64.0.2","34334","1448","2602299183","17507477","2343111702","3286091785"
"23:44:07.908638","1500","47.74.8.123","80","100.64.0.2","34334","1448","2602300631","17507477","2343111719","3286091801"
"23:44:07.922660","1500","47.74.8.123","80","100.64.0.2","34334","1448","2602302079","17507477","2343111733","3286091816"
"23:44:07.938831","1500","47.74.8.123","80","100.64.0.2","34334","1448","2602303527","17507477","2343111749","3286091830"
"23:44:07.968412","1500","47.74.8.123","80","100.64.0.2","34334","1448","2602304975","17507477","2343111779","3286091862"
"23:44:07.998976","1500","47.74.8.123","80","100.64.0.2","34334","1448","2602228231","17507477","2343111809","3286091891"
"23:44:07.998989","1500","47.74.8.123","80","100.64.0.2","34334","1448","2602306423","17507477","2343111809","3286091891"
"23:44:08.013884","1500","47.74.8.123","80","100.64.0.2","34334","1448","2602307871","17507477","2343111824","3286091906"
"23:44:08.028652","1500","47.74.8.123","80","100.64.0.2","34334","1448","2602309319","17507477","2343111839","3286091922"
"23:44:08.044281","1500","47.74.8.123","80","100.64.0.2","34334","1448","2602310767","17507477","2343111855","3286091937"
"23:44:08.059734","1500","47.74.8.123","80","100.64.0.2","34334","1448","2602312215","17507477","2343111870","3286091952"
"23:44:08.074833","1500","47.74.8.123","80","100.64.0.2","34334","1448","2602313663","17507477","2343111885","3286091967"
"23:44:08.089334","1500","47.74.8.123","80","100.64.0.2","34334","1448","2602315111","17507477","2343111900","3286091982"
"23:44:08.104471","1500","47.74.8.123","80","100.64.0.2","34334","1448","2602316559","17507477","2343111915","3286091997"
"23:44:08.118987","1500","47.74.8.123","80","100.64.0.2","34334","1448","2602318007","17507477","2343111929","3286092012"
"23:44:08.151099","1500","47.74.8.123","80","100.64.0.2","34334","1448","2602229679","17507477","2343111962","3286092044"
"23:44:08.151112","1500","47.74.8.123","80","100.64.0.2","34334","1448","2602319455","17507477","2343111962","3286092044"
"23:44:08.165188","1500","47.74.8.123","80","100.64.0.2","34334","1448","2602320903","17507477","2343111976","3286092058"
"23:44:08.181680","1500","47.74.8.123","80","100.64.0.2","34334","1448","2602322351","17507477","2343111992","3286092074"
"23:44:08.195779","1500","47.74.8.123","80","100.64.0.2","34334","1448","2602323799","17507477","2343112006","3286092089"
"23:44:08.210290","1500","47.74.8.123","80","100.64.0.2","34334","1448","2602325247","17507477","2343112021","3286092103"
"23:44:08.226486","1500","47.74.8.123","80","100.64.0.2","34334","1448","2602326695","17507477","2343112036","3286092118"
"23:44:08.241369","1500","47.74.8.123","80","100.64.0.2","34334","1448","2602328143","17507477","2343112052","3286092133"
"23:44:08.256465","1500","47.74.8.123","80","100.64.0.2","34334","1448","2602329591","17507477","2343112067","3286092149"
"23:44:08.272774","1500","47.74.8.123","80","100.64.0.2","34334","1448","2602331039","17507477","2343112083","3286092164"
"23:44:08.286082","1500","47.74.8.123","80","100.64.0.2","34334","1448","2602332487","17507477","2343112097","3286092179"
"23:44:08.301330","1500","47.74.8.123","80","100.64.0.2","34334","1448","2602231127","17507477","2343112112","3286092195"
"23:44:08.301343","1500","47.74.8.123","80","100.64.0.2","34334","1448","2602333935","17507477","2343112112","3286092195"
"23:44:08.316784","1500","47.74.8.123","80","100.64.0.2","34334","1448","2602335383","17507477","2343112127","3286092210"
"23:44:08.331686","1500","47.74.8.123","80","100.64.0.2","34334","1448","2602336831","17507477","2343112142","3286092224"
"23:44:08.347771","1500","47.74.8.123","80","100.64.0.2","34334","1448","2602338279","17507477","2343112158","3286092239"
"23:44:08.362097","1500","47.74.8.123","80","100.64.0.2","34334","1448","2602339727","17507477","2343112173","3286092255"
"23:44:08.377369","1500","47.74.8.123","80","100.64.0.2","34334","1448","2602341175","17507477","2343112188","3286092270"
"23:44:08.392656","1500","47.74.8.123","80","100.64.0.2","34334","1448","2602342623","17507477","2343112203","3286092286"
"23:44:08.407079","1500","47.74.8.123","80","100.64.0.2","34334","1448","2602344071","17507477","2343112218","3286092300"
"23:44:08.422027","1500","47.74.8.123","80","100.64.0.2","34334","1448","2602345519","17507477","2343112232","3286092315"
"23:44:08.438052","1500","47.74.8.123","80","100.64.0.2","34334","1448","2602346967","17507477","2343112249","3286092331"
"23:44:08.454360","1500","47.74.8.123","80","100.64.0.2","34334","1448","2602348415","17507477","2343112265","3286092347"
"23:44:08.468761","1500","47.74.8.123","80","100.64.0.2","34334","1448","2602232575","17507477","2343112279","3286092362"
"23:44:08.468774","1500","47.74.8.123","80","100.64.0.2","34334","1448","2602349863","17507477","2343112279","3286092362"
"23:44:08.483016","1500","47.74.8.123","80","100.64.0.2","34334","1448","2602351311","17507477","2343112293","3286092376"
"23:44:08.498348","1500","47.74.8.123","80","100.64.0.2","34334","1448","2602352759","17507477","2343112309","3286092391"
"23:44:08.513301","1500","47.74.8.123","80","100.64.0.2","34334","1448","2602354207","17507477","2343112324","3286092407"
"23:44:08.528303","1500","47.74.8.123","80","100.64.0.2","34334","1448","2602355655","17507477","2343112339","3286092421"
"23:44:08.544720","1500","47.74.8.123","80","100.64.0.2","34334","1448","2602357103","17507477","2343112355","3286092436"
"23:44:08.559077","1500","47.74.8.123","80","100.64.0.2","34334","1448","2602358551","17507477","2343112370","3286092452"
"23:44:08.574290","1500","47.74.8.123","80","100.64.0.2","34334","1448","2602359999","17507477","2343112385","3286092467"
"23:44:08.589583","1500","47.74.8.123","80","100.64.0.2","34334","1448","2602361447","17507477","2343112400","3286092483"
"23:44:08.604646","1500","47.74.8.123","80","100.64.0.2","34334","1448","2602362895","17507477","2343112415","3286092497"
"23:44:08.619593","1500","47.74.8.123","80","100.64.0.2","34334","1448","2602364343","17507477","2343112430","3286092512"
"23:44:08.635047","1500","47.74.8.123","80","100.64.0.2","34334","1448","2602365791","17507477","2343112445","3286092527"
"23:44:08.650375","1500","47.74.8.123","80","100.64.0.2","34334","1448","2602234023","17507477","2343112461","3286092543"
"23:44:08.650386","1500","47.74.8.123","80","100.64.0.2","34334","1448","2602367239","17507477","2343112461","3286092543"
"23:44:08.666620","1500","47.74.8.123","80","100.64.0.2","34334","1448","2602368687","17507477","2343112477","3286092559"
"23:44:08.680785","1500","47.74.8.123","80","100.64.0.2","34334","1448","2602370135","17507477","2343112491","3286092573"
"23:44:08.694975","1500","47.74.8.123","80","100.64.0.2","34334","1448","2602371583","17507477","2343112505","3286092588"
"23:44:08.710848","1500","47.74.8.123","80","100.64.0.2","34334","1448","2602373031","17507477","2343112521","3286092604"
"23:44:08.726346","1500","47.74.8.123","80","100.64.0.2","34334","1448","2602374479","17507477","2343112537","3286092619"
"23:44:08.741709","1500","47.74.8.123","80","100.64.0.2","34334","1448","2602375927","17507477","2343112552","3286092634"
"23:44:08.755993","1500","47.74.8.123","80","100.64.0.2","34334","1448","2602377375","17507477","2343112566","3286092649"
"23:44:08.771192","1500","47.74.8.123","80","100.64.0.2","34334","1448","2602378823","17507477","2343112582","3286092664"
"23:44:08.787017","1500","47.74.8.123","80","100.64.0.2","34334","1448","2602380271","17507477","2343112597","3286092680"
"23:44:08.801101","1500","47.74.8.123","80","100.64.0.2","34334","1448","2602381719","17507477","2343112612","3286092694"
"23:44:08.816633","1500","47.74.8.123","80","100.64.0.2","34334","1448","2602383167","17507477","2343112627","3286092709"
"23:44:08.831002","1500","47.74.8.123","80","100.64.0.2","34334","1448","2602384615","17507477","2343112641","3286092725"
"23:44:08.847337","1500","47.74.8.123","80","100.64.0.2","34334","1448","2602235471","17507477","2343112658","3286092739"
"23:44:08.847348","1500","47.74.8.123","80","100.64.0.2","34334","1448","2602386063","17507477","2343112658","3286092739"
"23:44:08.863174","1500","47.74.8.123","80","100.64.0.2","34334","1448","2602387511","17507477","2343112674","3286092756"
"23:44:08.877252","1500","47.74.8.123","80","100.64.0.2","34334","1448","2602388959","17507477","2343112688","3286092770"
"23:44:08.892376","1500","47.74.8.123","80","100.64.0.2","34334","1448","2602390407","17507477","2343112703","3286092785"
"23:44:08.907230","1500","47.74.8.123","80","100.64.0.2","34334","1448","2602391855","17507477","2343112718","3286092800"
"23:44:08.922273","1500","47.74.8.123","80","100.64.0.2","34334","1448","2602393303","17507477","2343112733","3286092815"
"23:44:08.938671","1500","47.74.8.123","80","100.64.0.2","34334","1448","2602394751","17507477","2343112749","3286092830"
"23:44:08.953574","1500","47.74.8.123","80","100.64.0.2","34334","1448","2602396199","17507477","2343112764","3286092846"
"23:44:08.968544","1500","47.74.8.123","80","100.64.0.2","34334","1448","2602397647","17507477","2343112779","3286092861"
"23:44:08.983400","1500","47.74.8.123","80","100.64.0.2","34334","1448","2602399095","17507477","2343112794","3286092876"
"23:44:08.998521","1500","47.74.8.123","80","100.64.0.2","34334","1448","2602400543","17507477","2343112809","3286092891"
"23:44:09.013558","1500","47.74.8.123","80","100.64.0.2","34334","1448","2602401991","17507477","2343112824","3286092906"
"23:44:09.028014","1500","47.74.8.123","80","100.64.0.2","34334","1448","2602403439","17507477","2343112838","3286092921"
"23:44:09.044869","1500","47.74.8.123","80","100.64.0.2","34334","1448","2602404887","17507477","2343112855","3286092936"
"23:44:09.058942","1500","47.74.8.123","80","100.64.0.2","34334","1448","2602236919","17507477","2343112869","3286092953"
"23:44:09.058954","1500","47.74.8.123","80","100.64.0.2","34334","1448","2602406335","17507477","2343112869","3286092953"
"23:44:09.074141","1500","47.74.8.123","80","100.64.0.2","34334","1448","2602407783","17507477","2343112885","3286092968"
"23:44:09.090763","1500","47.74.8.123","80","100.64.0.2","34334","1448","2602409231","17507477","2343112901","3286092983"
"23:44:09.104838","1500","47.74.8.123","80","100.64.0.2","34334","1448","2602410679","17507477","2343112915","3286093000"
"23:44:09.119278","1500","47.74.8.123","80","100.64.0.2","34334","1448","2602412127","17507477","2343112930","3286093012"
"23:44:09.135143","1500","47.74.8.123","80","100.64.0.2","34334","1448","2602413575","17507477","2343112946","3286093028"
"23:44:09.150249","1500","47.74.8.123","80","100.64.0.2","34334","1448","2602415023","17507477","2343112961","3286093043"
"23:44:09.165446","1500","47.74.8.123","80","100.64.0.2","34334","1448","2602416471","17507477","2343112976","3286093058"
"23:44:09.180107","1500","47.74.8.123","80","100.64.0.2","34334","1448","2602417919","17507477","2343112991","3286093073"
"23:44:09.195147","1500","47.74.8.123","80","100.64.0.2","34334","1448","2602419367","17507477","2343113006","3286093088"
"23:44:09.210597","1500","47.74.8.123","80","100.64.0.2","34334","1448","2602420815","17507477","2343113021","3286093104"
"23:44:09.225383","1500","47.74.8.123","80","100.64.0.2","34334","1448","2602422263","17507477","2343113036","3286093119"
"23:44:09.241530","1500","47.74.8.123","80","100.64.0.2","34334","1448","2602423711","17507477","2343113052","3286093133"
"23:44:09.256811","1500","47.74.8.123","80","100.64.0.2","34334","1448","2602425159","17507477","2343113067","3286093149"
"23:44:09.271478","1500","47.74.8.123","80","100.64.0.2","34334","1448","2602426607","17507477","2343113082","3286093164"
"23:44:09.286516","1500","47.74.8.123","80","100.64.0.2","34334","1448","2602238367","17507477","2343113097","3286093179"
"23:44:09.286530","1500","47.74.8.123","80","100.64.0.2","34334","1448","2602428055","17507477","2343113097","3286093179"
"23:44:09.301947","1500","47.74.8.123","80","100.64.0.2","34334","1448","2602429503","17507477","2343113112","3286093194"
"23:44:09.316768","1500","47.74.8.123","80","100.64.0.2","34334","1448","2602430951","17507477","2343113127","3286093209"
"23:44:09.331887","1500","47.74.8.123","80","100.64.0.2","34334","1448","2602432399","17507477","2343113142","3286093225"
"23:44:09.347165","1500","47.74.8.123","80","100.64.0.2","34334","1448","2602433847","17507477","2343113158","3286093239"
"23:44:09.362807","1500","47.74.8.123","80","100.64.0.2","34334","1448","2602435295","17507477","2343113173","3286093256"
"23:44:09.377862","1500","47.74.8.123","80","100.64.0.2","34334","1448","2602436743","17507477","2343113188","3286093271"
"23:44:09.392270","1500","47.74.8.123","80","100.64.0.2","34334","1448","2602438191","17507477","2343113203","3286093285"
"23:44:09.407084","1500","47.74.8.123","80","100.64.0.2","34334","1448","2602439639","17507477","2343113218","3286093300"
"23:44:09.422204","1500","47.74.8.123","80","100.64.0.2","34334","1448","2602441087","17507477","2343113233","3286093315"
"23:44:09.438411","1500","47.74.8.123","80","100.64.0.2","34334","1448","2602442535","17507477","2343113249","3286093331"
"23:44:09.453135","1500","47.74.8.123","80","100.64.0.2","34334","1448","2602443983","17507477","2343113264","3286093346"
"23:44:09.468187","1500","47.74.8.123","80","100.64.0.2","34334","1448","2602445431","17507477","2343113279","3286093361"
"23:44:09.483522","1500","47.74.8.123","80","100.64.0.2","34334","1448","2602446879","17507477","2343113294","3286093377"
"23:44:09.498699","1500","47.74.8.123","80","100.64.0.2","34334","1448","2602448327","17507477","2343113309","3286093391"
"23:44:09.513482","1500","47.74.8.123","80","100.64.0.2","34334","1448","2602449775","17507477","2343113324","3286093406"
"23:44:09.528766","1500","47.74.8.123","80","100.64.0.2","34334","1448","2602239815","17507477","2343113339","3286093421"
"23:44:09.528779","1500","47.74.8.123","80","100.64.0.2","34334","1448","2602451223","17507477","2343113339","3286093421"
"23:44:09.545556","1500","47.74.8.123","80","100.64.0.2","34334","1448","2602452671","17507477","2343113356","3286093436"
"23:44:09.559556","1500","47.74.8.123","80","100.64.0.2","34334","1448","2602454119","17507477","2343113370","3286093452"
"23:44:09.574946","1500","47.74.8.123","80","100.64.0.2","34334","1448","2602455567","17507477","2343113385","3286093467"
"23:44:09.589009","1500","47.74.8.123","80","100.64.0.2","34334","1448","2602457015","17507477","2343113399","3286093482"
"23:44:09.604850","1500","47.74.8.123","80","100.64.0.2","34334","1448","2602458463","17507477","2343113415","3286093498"
"23:44:09.620083","1500","47.74.8.123","80","100.64.0.2","34334","1448","2602459911","17507477","2343113431","3286093513"
"23:44:09.635836","1500","47.74.8.123","80","100.64.0.2","34334","1448","2602461359","17507477","2343113446","3286093528"
"23:44:09.650835","1500","47.74.8.123","80","100.64.0.2","34334","1448","2602462807","17507477","2343113461","3286093544"
"23:44:09.665272","1500","47.74.8.123","80","100.64.0.2","34334","1448","2602464255","17507477","2343113476","3286093559"
"23:44:09.680301","1500","47.74.8.123","80","100.64.0.2","34334","1448","2602465703","17507477","2343113491","3286093574"
"23:44:09.695171","1500","47.74.8.123","80","100.64.0.2","34334","1448","2602467151","17507477","2343113506","3286093588"
"23:44:09.710384","1500","47.74.8.123","80","100.64.0.2","34334","1448","2602468599","17507477","2343113521","3286093603"
"23:44:09.725228","1500","47.74.8.123","80","100.64.0.2","34334","1448","2602470047","17507477","2343113536","3286093619"
"23:44:09.741135","1500","47.74.8.123","80","100.64.0.2","34334","1448","2602471495","17507477","2343113552","3286093633"
"23:44:09.756564","1500","47.74.8.123","80","100.64.0.2","34334","1448","2602472943","17507477","2343113567","3286093650"
"23:44:09.772861","1500","47.74.8.123","80","100.64.0.2","34334","1448","2602474391","17507477","2343113583","3286093665"
"23:44:09.786501","1500","47.74.8.123","80","100.64.0.2","34334","1448","2602241263","17507477","2343113597","3286093679"
"23:44:09.786512","1500","47.74.8.123","80","100.64.0.2","34334","1448","2602475839","17507477","2343113597","3286093679"
"23:44:09.801675","1500","47.74.8.123","80","100.64.0.2","34334","1448","2602477287","17507477","2343113612","3286093694"
"23:44:10.059037","1500","47.74.8.123","80","100.64.0.2","34334","1448","2602242711","17507477","2343113869","3286093952"
"23:44:10.210540","1500","47.74.8.123","80","100.64.0.2","34334","1448","2602244159","17507477","2343114021","3286094103"
"23:44:10.363879","1500","47.74.8.123","80","100.64.0.2","34334","1448","2602245607","17507477","2343114174","3286094256"
"23:44:10.513472","1500","47.74.8.123","80","100.64.0.2","34334","1448","2602247055","17507477","2343114324","3286094406"
"23:44:10.666082","1500","47.74.8.123","80","100.64.0.2","34334","1448","2602248503","17507477","2343114476","3286094559"
"23:44:10.816692","1500","47.74.8.123","80","100.64.0.2","34334","1448","2602249951","17507477","2343114627","3286094709"
"23:44:10.968400","1500","47.74.8.123","80","100.64.0.2","34334","1448","2602251399","17507477","2343114779","3286094861"
"23:44:11.120727","1500","47.74.8.123","80","100.64.0.2","34334","1448","2602252847","17507477","2343114930","3286095012"
"23:44:11.271300","1500","47.74.8.123","80","100.64.0.2","34334","1448","2602254295","17507477","2343115082","3286095165"
"23:44:11.423345","1500","47.74.8.123","80","100.64.0.2","34334","1448","2602478735","17507477","2343115233","3286095315"
"23:44:11.423365","1500","47.74.8.123","80","100.64.0.2","34334","1448","2602480183","17507477","2343115233","3286095315"
"23:44:11.423370","1500","47.74.8.123","80","100.64.0.2","34334","1448","2602481631","17507477","2343115233","3286095315"
"23:44:11.423375","1500","47.74.8.123","80","100.64.0.2","34334","1448","2602483079","17507477","2343115233","3286095315"
"23:44:11.423380","1500","47.74.8.123","80","100.64.0.2","34334","1448","2602484527","17507477","2343115233","3286095315"
"23:44:11.423388","1500","47.74.8.123","80","100.64.0.2","34334","1448","2602485975","17507477","2343115233","3286095315"
"23:44:11.423404","1500","47.74.8.123","80","100.64.0.2","34334","1448","2602487423","17507477","2343115233","3286095315"
"23:44:11.423408","1500","47.74.8.123","80","100.64.0.2","34334","1448","2602488871","17507477","2343115233","3286095315"
"23:44:11.423417","1500","47.74.8.123","80","100.64.0.2","34334","1448","2602490319","17507477","2343115233","3286095315"
"23:44:11.423425","1500","47.74.8.123","80","100.64.0.2","34334","1448","2602491767","17507477","2343115233","3286095315"
"23:44:11.423433","1500","47.74.8.123","80","100.64.0.2","34334","1448","2602493215","17507477","2343115233","3286095315"
"23:44:11.423442","1500","47.74.8.123","80","100.64.0.2","34334","1448","2602494663","17507477","2343115233","3286095315"
"23:44:11.423449","1500","47.74.8.123","80","100.64.0.2","34334","1448","2602496111","17507477","2343115233","3286095315"
"23:44:11.423456","1500","47.74.8.123","80","100.64.0.2","34334","1448","2602497559","17507477","2343115233","3286095315"
"23:44:11.423465","1500","47.74.8.123","80","100.64.0.2","34334","1448","2602499007","17507477","2343115234","3286095315"
"23:44:11.423472","1500","47.74.8.123","80","100.64.0.2","34334","1448","2602500455","17507477","2343115234","3286095315"
"23:44:11.423478","1500","47.74.8.123","80","100.64.0.2","34334","1448","2602501903","17507477","2343115234","3286095315"
"23:44:11.423486","1500","47.74.8.123","80","100.64.0.2","34334","1448","2602503351","17507477","2343115234","3286095315"
"23:44:11.423494","1500","47.74.8.123","80","100.64.0.2","34334","1448","2602504799","17507477","2343115234","3286095315"
"23:44:11.423502","1500","47.74.8.123","80","100.64.0.2","34334","1448","2602506247","17507477","2343115234","3286095315"
"23:44:11.423509","1500","47.74.8.123","80","100.64.0.2","34334","1448","2602507695","17507477","2343115234","3286095315"
"23:44:11.423515","1500","47.74.8.123","80","100.64.0.2","34334","1448","2602509143","17507477","2343115234","3286095315"
"23:44:11.423524","1500","47.74.8.123","80","100.64.0.2","34334","1448","2602510591","17507477","2343115234","3286095315"
"23:44:11.423529","1500","47.74.8.123","80","100.64.0.2","34334","1448","2602512039","17507477","2343115234","3286095315"
"23:44:11.423535","1500","47.74.8.123","80","100.64.0.2","34334","1448","2602513487","17507477","2343115234","3286095315"
"23:44:11.423542","1500","47.74.8.123","80","100.64.0.2","34334","1448","2602514935","17507477","2343115234","3286095315"
"23:44:11.423549","1500","47.74.8.123","80","100.64.0.2","34334","1448","2602516383","17507477","2343115234","3286095315"
"23:44:11.423556","1500","47.74.8.123","80","100.64.0.2","34334","1448","2602517831","17507477","2343115234","3286095315"
"23:44:11.423564","1500","47.74.8.123","80","100.64.0.2","34334","1448","2602519279","17507477","2343115234","3286095315"
"23:44:11.423571","1500","47.74.8.123","80","100.64.0.2","34334","1448","2602520727","17507477","2343115234","3286095315"
"23:44:11.423576","1500","47.74.8.123","80","100.64.0.2","34334","1448","2602522175","17507477","2343115234","3286095315"
"23:44:11.423582","1500","47.74.8.123","80","100.64.0.2","34334","1448","2602523623","17507477","2343115234","3286095315"
"23:44:11.423589","1500","47.74.8.123","80","100.64.0.2","34334","1448","2602525071","17507477","2343115234","3286095315"
"23:44:11.574662","1500","47.74.8.123","80","100.64.0.2","34334","1448","2602526519","17507477","2343115385","3286095467"
"23:44:11.589736","1500","47.74.8.123","80","100.64.0.2","34334","1448","2602527967","17507477","2343115400","3286095482"
"23:44:11.604887","1500","47.74.8.123","80","100.64.0.2","34334","1448","2602529415","17507477","2343115415","3286095497"
"23:44:11.619050","1500","47.74.8.123","80","100.64.0.2","34334","1448","2602530863","17507477","2343115429","3286095512"
"23:44:11.619064","1500","47.74.8.123","80","100.64.0.2","34334","1448","2602532311","17507477","2343115429","3286095512"
"23:44:11.635212","1500","47.74.8.123","80","100.64.0.2","34334","1448","2602533759","17507477","2343115446","3286095528"
"23:44:11.650335","1500","47.74.8.123","80","100.64.0.2","34334","1448","2602535207","17507477","2343115461","3286095544"
"23:44:11.665487","1500","47.74.8.123","80","100.64.0.2","34334","1448","2602536655","17507477","2343115476","3286095558"
"23:44:11.680688","1500","47.74.8.123","80","100.64.0.2","34334","1448","2602538103","17507477","2343115491","3286095573"
"23:44:11.680701","1500","47.74.8.123","80","100.64.0.2","34334","1448","2602539551","17507477","2343115491","3286095573"
"23:44:11.695159","1500","47.74.8.123","80","100.64.0.2","34334","1448","2602540999","17507477","2343115506","3286095588"
"23:44:11.710393","1500","47.74.8.123","80","100.64.0.2","34334","1448","2602542447","17507477","2343115521","3286095603"
"23:44:11.725510","1500","47.74.8.123","80","100.64.0.2","34334","1448","2602543895","17507477","2343115536","3286095618"
"23:44:11.741617","1500","47.74.8.123","80","100.64.0.2","34334","1448","2602545343","17507477","2343115552","3286095633"
"23:44:11.756784","1500","47.74.8.123","80","100.64.0.2","34334","1448","2602493215","17507477","2343115567","3286095649"
"23:44:11.771093","1500","47.74.8.123","80","100.64.0.2","34334","1448","2602546791","17507477","2343115581","3286095664"
"23:44:11.786543","1500","47.74.8.123","80","100.64.0.2","34334","1448","2602548239","17507477","2343115597","3286095679"
"23:44:11.802677","1500","47.74.8.123","80","100.64.0.2","34334","1448","2602549687","17507477","2343115613","3286095695"
"23:44:11.816794","1500","47.74.8.123","80","100.64.0.2","34334","1448","2602551135","17507477","2343115627","3286095709"
"23:44:11.830943","1500","47.74.8.123","80","100.64.0.2","34334","1448","2602552583","17507477","2343115641","3286095724"
"23:44:11.847197","1500","47.74.8.123","80","100.64.0.2","34334","1448","2602554031","17507477","2343115658","3286095739"
"23:44:11.863386","1500","47.74.8.123","80","100.64.0.2","34334","1448","2602555479","17507477","2343115674","3286095756"
"23:44:11.891928","1500","47.74.8.123","80","100.64.0.2","34334","1448","2602556927","17507477","2343115702","3286095785"
"23:44:11.907112","1500","47.74.8.123","80","100.64.0.2","34334","1448","2602558375","17507477","2343115718","3286095801"
"23:44:11.923199","1500","47.74.8.123","80","100.64.0.2","34334","1448","2602559823","17507477","2343115734","3286095816"
"23:44:11.953682","1500","47.74.8.123","80","100.64.0.2","34334","1448","2602494663","17507477","2343115764","3286095846"
"23:44:11.968817","1500","47.74.8.123","80","100.64.0.2","34334","1448","2602561271","17507477","2343115779","3286095861"
"23:44:11.983316","1500","47.74.8.123","80","100.64.0.2","34334","1448","2602562719","17507477","2343115794","3286095876"
"23:44:11.998485","1500","47.74.8.123","80","100.64.0.2","34334","1448","2602564167","17507477","2343115809","3286095891"
"23:44:12.013482","1500","47.74.8.123","80","100.64.0.2","34334","1448","2602565615","17507477","2343115824","3286095906"
"23:44:12.028585","1500","47.74.8.123","80","100.64.0.2","34334","1448","2602567063","17507477","2343115839","3286095921"
"23:44:12.044007","1500","47.74.8.123","80","100.64.0.2","34334","1448","2602568511","17507477","2343115854","3286095936"
"23:44:12.059065","1500","47.74.8.123","80","100.64.0.2","34334","1448","2602569959","17507477","2343115870","3286095952"
"23:44:12.075610","1500","47.74.8.123","80","100.64.0.2","34334","1448","2602571407","17507477","2343115886","3286095968"
"23:44:12.089749","1500","47.74.8.123","80","100.64.0.2","34334","1448","2602572855","17507477","2343115900","3286095983"
"23:44:12.104790","1500","47.74.8.123","80","100.64.0.2","34334","1448","2602496111","17507477","2343115915","3286095997"
"23:44:12.104802","1500","47.74.8.123","80","100.64.0.2","34334","1448","2602574303","17507477","2343115915","3286095997"
"23:44:12.119879","1500","47.74.8.123","80","100.64.0.2","34334","1448","2602575751","17507477","2343115930","3286096012"
"23:44:12.135307","1500","47.74.8.123","80","100.64.0.2","34334","1448","2602577199","17507477","2343115946","3286096027"
"23:44:12.150308","1500","47.74.8.123","80","100.64.0.2","34334","1448","2602578647","17507477","2343115961","3286096044"
"23:44:12.165892","1500","47.74.8.123","80","100.64.0.2","34334","1448","2602580095","17507477","2343115976","3286096058"
"23:44:12.179990","1500","47.74.8.123","80","100.64.0.2","34334","1448","2602581543","17507477","2343115990","3286096073"
"23:44:12.195181","1500","47.74.8.123","80","100.64.0.2","34334","1448","2602582991","17507477","2343116006","3286096089"
"23:44:12.211193","1500","47.74.8.123","80","100.64.0.2","34334","1448","2602584439","17507477","2343116022","3286096104"
"23:44:12.225655","1500","47.74.8.123","80","100.64.0.2","34334","1448","2602585887","17507477","2343116036","3286096119"
"23:44:12.241646","1500","47.74.8.123","80","100.64.0.2","34334","1448","2602587335","17507477","2343116052","3286096133"
"23:44:12.256192","1500","47.74.8.123","80","100.64.0.2","34334","1448","2602497559","17507477","2343116067","3286096149"
"23:44:12.256206","1500","47.74.8.123","80","100.64.0.2","34334","1448","2602588783","17507477","2343116067","3286096149"
"23:44:12.271338","1500","47.74.8.123","80","100.64.0.2","34334","1448","2602590231","17507477","2343116082","3286096164"
"23:44:12.286563","1500","47.74.8.123","80","100.64.0.2","34334","1448","2602591679","17507477","2343116097","3286096179"
"23:44:12.301690","1500","47.74.8.123","80","100.64.0.2","34334","1448","2602593127","17507477","2343116112","3286096194"
"23:44:12.316040","1500","47.74.8.123","80","100.64.0.2","34334","1448","2602594575","17507477","2343116126","3286096209"
"23:44:12.331020","1500","47.74.8.123","80","100.64.0.2","34334","1448","2602596023","17507477","2343116141","3286096224"
"23:44:12.348579","1500","47.74.8.123","80","100.64.0.2","34334","1448","2602597471","17507477","2343116159","3286096240"
"23:44:12.363647","1500","47.74.8.123","80","100.64.0.2","34334","1448","2602598919","17507477","2343116174","3286096256"
"23:44:12.377841","1500","47.74.8.123","80","100.64.0.2","34334","1448","2602600367","17507477","2343116188","3286096270"
"23:44:12.392082","1500","47.74.8.123","80","100.64.0.2","34334","1448","2602601815","17507477","2343116203","3286096285"
"23:44:12.407281","1500","47.74.8.123","80","100.64.0.2","34334","1448","2602603263","17507477","2343116218","3286096301"
"23:44:12.422313","1500","47.74.8.123","80","100.64.0.2","34334","1448","2602499007","17507477","2343116233","3286096316"
"23:44:12.422325","1500","47.74.8.123","80","100.64.0.2","34334","1448","2602604711","17507477","2343116233","3286096316"
"23:44:12.438789","1500","47.74.8.123","80","100.64.0.2","34334","1448","2602606159","17507477","2343116249","3286096330"
"23:44:12.453862","1500","47.74.8.123","80","100.64.0.2","34334","1448","2602607607","17507477","2343116264","3286096346"
"23:44:12.468338","1500","47.74.8.123","80","100.64.0.2","34334","1448","2602609055","17507477","2343116279","3286096362"
"23:44:12.483430","1500","47.74.8.123","80","100.64.0.2","34334","1448","2602610503","17507477","2343116294","3286096377"
"23:44:12.498618","1500","47.74.8.123","80","100.64.0.2","34334","1448","2602611951","17507477","2343116309","3286096391"
"23:44:12.513623","1500","47.74.8.123","80","100.64.0.2","34334","1448","2602613399","17507477","2343116324","3286096406"
"23:44:12.528175","1500","47.74.8.123","80","100.64.0.2","34334","1448","2602614847","17507477","2343116339","3286096421"
"23:44:12.544236","1500","47.74.8.123","80","100.64.0.2","34334","1448","2602616295","17507477","2343116355","3286096436"
"23:44:12.559667","1500","47.74.8.123","80","100.64.0.2","34334","1448","2602617743","17507477","2343116370","3286096453"
"23:44:12.588676","1500","47.74.8.123","80","100.64.0.2","34334","1448","2602619191","17507477","2343116399","3286096467"
"23:44:12.589759","1500","47.74.8.123","80","100.64.0.2","34334","1448","2602620639","17507477","2343116400","3286096482"
"23:44:12.604103","1500","47.74.8.123","80","100.64.0.2","34334","1448","2602500455","17507477","2343116415","3286096497"
"23:44:12.604115","1500","47.74.8.123","80","100.64.0.2","34334","1448","2602622087","17507477","2343116415","3286096497"
"23:44:12.633571","1500","47.74.8.123","80","100.64.0.2","34334","1448","2602623535","17507477","2343116444","3286096513"
"23:44:12.635565","1500","47.74.8.123","80","100.64.0.2","34334","1448","2602624983","17507477","2343116446","3286096538"
"23:44:12.649976","1500","47.74.8.123","80","100.64.0.2","34334","1448","2602626431","17507477","2343116460","3286096543"
"23:44:12.665937","1500","47.74.8.123","80","100.64.0.2","34334","1448","2602627879","17507477","2343116476","3286096558"
"23:44:12.681046","1500","47.74.8.123","80","100.64.0.2","34334","1448","2602629327","17507477","2343116491","3286096574"
"23:44:12.695124","1500","47.74.8.123","80","100.64.0.2","34334","1448","2602630775","17507477","2343116506","3286096589"
"23:44:12.710447","1500","47.74.8.123","80","100.64.0.2","34334","1448","2602632223","17507477","2343116521","3286096604"
"23:44:12.725964","1500","47.74.8.123","80","100.64.0.2","34334","1448","2602633671","17507477","2343116536","3286096619"
"23:44:12.741029","1500","47.74.8.123","80","100.64.0.2","34334","1448","2602635119","17507477","2343116551","3286096633"
"23:44:12.756427","1500","47.74.8.123","80","100.64.0.2","34334","1448","2602636567","17507477","2343116567","3286096650"
"23:44:12.772380","1500","47.74.8.123","80","100.64.0.2","34334","1448","2602638015","17507477","2343116583","3286096665"
"23:44:12.786495","1500","47.74.8.123","80","100.64.0.2","34334","1448","2602639463","17507477","2343116597","3286096679"
"23:44:12.801769","1500","47.74.8.123","80","100.64.0.2","34334","1448","2602501903","17507477","2343116612","3286096694"
"23:44:12.801781","1500","47.74.8.123","80","100.64.0.2","34334","1448","2602640911","17507477","2343116612","3286096694"
"23:44:12.816303","1500","47.74.8.123","80","100.64.0.2","34334","1448","2602642359","17507477","2343116627","3286096709"
"23:44:12.831324","1500","47.74.8.123","80","100.64.0.2","34334","1448","2602643807","17507477","2343116642","3286096724"
"23:44:12.847714","1500","47.74.8.123","80","100.64.0.2","34334","1448","2602645255","17507477","2343116658","3286096739"
"23:44:12.862715","1500","47.74.8.123","80","100.64.0.2","34334","1448","2602646703","17507477","2343116673","3286096755"
"23:44:12.877813","1500","47.74.8.123","80","100.64.0.2","34334","1448","2602648151","17507477","2343116688","3286096770"
"23:44:12.894519","1500","47.74.8.123","80","100.64.0.2","34334","1448","2602649599","17507477","2343116703","3286096785"
"23:44:12.907633","1500","47.74.8.123","80","100.64.0.2","34334","1448","2602651047","17507477","2343116718","3286096800"
"23:44:12.922653","1500","47.74.8.123","80","100.64.0.2","34334","1448","2602652495","17507477","2343116733","3286096815"
"23:44:12.937993","1500","47.74.8.123","80","100.64.0.2","34334","1448","2602653943","17507477","2343116748","3286096830"
"23:44:12.952930","1500","47.74.8.123","80","100.64.0.2","34334","1448","2602655391","17507477","2343116763","3286096846"
"23:44:12.969664","1500","47.74.8.123","80","100.64.0.2","34334","1448","2602656839","17507477","2343116780","3286096862"
"23:44:12.984808","1500","47.74.8.123","80","100.64.0.2","34334","1448","2602658287","17507477","2343116795","3286096877"
"23:44:12.997988","1500","47.74.8.123","80","100.64.0.2","34334","1448","2602659735","17507477","2343116808","3286096891"
"23:44:13.013362","1500","47.74.8.123","80","100.64.0.2","34334","1448","2602503351","17507477","2343116824","3286096907"
"23:44:13.013373","1500","47.74.8.123","80","100.64.0.2","34334","1448","2602661183","17507477","2343116824","3286096907"
"23:44:13.029246","1500","47.74.8.123","80","100.64.0.2","34334","1448","2602662631","17507477","2343116840","3286096922"
"23:44:13.044302","1500","47.74.8.123","80","100.64.0.2","34334","1448","2602664079","17507477","2343116855","3286096936"
"23:44:13.059436","1500","47.74.8.123","80","100.64.0.2","34334","1448","2602665527","17507477","2343116870","3286096952"
"23:44:13.074571","1500","47.74.8.123","80","100.64.0.2","34334","1448","2602666975","17507477","2343116885","3286096967"
"23:44:13.090255","1500","47.74.8.123","80","100.64.0.2","34334","1448","2602668423","17507477","2343116901","3286096983"
"23:44:13.104610","1500","47.74.8.123","80","100.64.0.2","34334","1448","2602669871","17507477","2343116915","3286096998"
"23:44:13.119596","702","47.74.8.123","80","100.64.0.2","34334","650","2602671319","17507477","2343116930","3286097012"
"23:44:13.241016","1500","47.74.8.123","80","100.64.0.2","34334","1448","2602504799","17507477","2343117051","3286097134"
"23:44:13.392472","1500","47.74.8.123","80","100.64.0.2","34334","1448","2602506247","17507477","2343117203","3286097285"
"23:44:13.544899","1500","47.74.8.123","80","100.64.0.2","34334","1448","2602507695","17507477","2343117355","3286097436"
"23:44:13.695339","1500","47.74.8.123","80","100.64.0.2","34334","1448","2602509143","17507477","2343117506","3286097588"
"23:44:13.847840","1500","47.74.8.123","80","100.64.0.2","34334","1448","2602510591","17507477","2343117658","3286097739"
"23:44:13.998388","1500","47.74.8.123","80","100.64.0.2","34334","1448","2602512039","17507477","2343117809","3286097891"
"23:44:14.151699","1500","47.74.8.123","80","100.64.0.2","34334","1448","2602513487","17507477","2343117962","3286098043"
"23:44:14.164971","52","47.74.8.123","80","100.64.0.2","34334","0","2602671969","17507478","2343117975","3286098055"
