_ws.col.Time,frame.len,ip.src,tcp.srcport,ip.dst,tcp.dstport,tcp.len,tcp.seq_raw,tcp.ack_raw,tcp.options.timestamp.tsval,tcp.options.timestamp.tsecr
"09:11:56.254520","52","47.74.8.123","80","100.64.0.5","43874","0","682636289","3670966419","2377179929","3320159917"
"09:11:56.285608","1500","47.74.8.123","80","100.64.0.5","43874","1448","682636289","3670966419","2377179929","3320159917"
"09:11:56.315706","1500","47.74.8.123","80","100.64.0.5","43874","1448","682637737","3670966419","2377179929","3320159917"
"09:11:56.345797","1500","47.74.8.123","80","100.64.0.5","43874","1448","682639185","3670966419","2377179929","3320159917"
"09:11:56.375882","1500","47.74.8.123","80","100.64.0.5","43874","1448","682640633","3670966419","2377179929","3320159917"
"09:11:56.406962","1500","47.74.8.123","80","100.64.0.5","43874","1448","682642081","3670966419","2377179929","3320159917"
"09:11:56.437043","1500","47.74.8.123","80","100.64.0.5","43874","1448","682643529","3670966419","2377179929","3320159917"
"09:11:56.466128","1500","47.74.8.123","80","100.64.0.5","43874","1448","682644977","3670966419","2377179929","3320159917"
"09:11:56.497218","1500","47.74.8.123","80","100.64.0.5","43874","1448","682646425","3670966419","2377179929","3320159917"
"09:11:56.527306","1500","47.74.8.123","80","100.64.0.5","43874","1448","682647873","3670966419","2377179929","3320159917"
"09:11:56.557418","1500","47.74.8.123","80","100.64.0.5","43874","1448","682649321","3670966419","2377179929","3320159917"
"09:11:56.618442","1500","47.74.8.123","80","100.64.0.5","43874","1448","682650769","3670966419","2377180292","3320160281"
"09:11:56.648608","1500","47.74.8.123","80","100.64.0.5","43874","1448","682652217","3670966419","2377180292","3320160281"
"09:11:56.678722","1500","47.74.8.123","80","100.64.0.5","43874","1448","682653665","3670966419","2377180322","3320160311"
"09:11:56.709662","1500","47.74.8.123","80","100.64.0.5","43874","1448","682655113","3670966419","2377180322","3320160311"
"09:11:56.739805","1500","47.74.8.123","80","100.64.0.5","43874","1448","682656561","3670966419","2377180352","3320160342"
"09:11:56.769914","1500","47.74.8.123","80","100.64.0.5","43874","1448","682658009","3670966419","2377180352","3320160342"
"09:11:56.801023","1500","47.74.8.123","80","100.64.0.5","43874","1448","682659457","3670966419","2377180385","3320160372"
"09:11:56.831017","1500","47.74.8.123","80","100.64.0.5","43874","1448","682660905","3670966419","2377180385","3320160372"
"09:11:56.860076","1500","47.74.8.123","80","100.64.0.5","43874","1448","682662353","3670966419","2377180415","3320160403"
"09:11:56.891240","1500","47.74.8.123","80","100.64.0.5","43874","1448","682663801","3670966419","2377180415","3320160403"
"09:11:56.921298","1500","47.74.8.123","80","100.64.0.5","43874","1448","682665249","3670966419","2377180444","3320160433"
"09:11:56.951195","1500","47.74.8.123","80","100.64.0.5","43874","1448","682666697","3670966419","2377180444","3320160433"
"09:11:56.981282","1500","47.74.8.123","80","100.64.0.5","43874","1448","682668145","3670966419","2377180475","3320160462"
"09:11:57.012468","1500","47.74.8.123","80","100.64.0.5","43874","1448","682669593","3670966419","2377180475","3320160462"
"09:11:57.042576","1500","47.74.8.123","80","100.64.0.5","43874","1448","682671041","3670966419","2377180505","3320160493"
"09:11:57.072399","1500","47.74.8.123","80","100.64.0.5","43874","1448","682672489","3670966419","2377180505","3320160493"
"09:11:57.103685","1500","47.74.8.123","80","100.64.0.5","43874","1448","682673937","3670966419","2377180535","3320160523"
"09:11:57.133840","1500","47.74.8.123","80","100.64.0.5","43874","1448","682675385","3670966419","2377180535","3320160523"
"09:11:57.163612","1500","47.74.8.123","80","100.64.0.5","43874","1448","682676833","3670966419","2377180566","3320160553"
"09:11:57.194898","1500","47.74.8.123","80","100.64.0.5","43874","1448","682679729","3670966419","2377180626","3320160614"
"09:11:57.225045","1500","47.74.8.123","80","100.64.0.5","43874","1448","682681177","3670966419","2377180626","3320160614"
"09:11:57.254128","1500","47.74.8.123","80","100.64.0.5","43874","1448","682682625","3670966419","2377180655","3320160644"
"09:11:57.286038","1500","47.74.8.123","80","100.64.0.5","43874","1448","682685521","3670966419","2377180686","3320160674"
"09:11:57.315246","1500","47.74.8.123","80","100.64.0.5","43874","1448","682688417","3670966419","2377180716","3320160705"
"09:11:57.345344","1500","47.74.8.123","80","100.64.0.5","43874","1448","682691313","3670966419","2377180746","3320160736"
"09:11:57.375430","1500","47.74.8.123","80","100.64.0.5","43874","1448","682694209","3670966419","2377180779","3320160766"
"09:11:57.406261","1500","47.74.8.123","80","100.64.0.5","43874","1448","682697105","3670966419","2377180808","3320160797"
"09:11:57.436508","1500","47.74.8.123","80","100.64.0.5","43874","1448","682700001","3670966419","2377180838","3320160827"
"09:11:57.466524","1500","47.74.8.123","80","100.64.0.5","43874","1448","682702897","3670966419","2377180869","3320160856"
"09:11:57.497433","1500","47.74.8.123","80","100.64.0.5","43874","1448","682705793","3670966419","2377180899","3320160887"
"09:11:57.527649","1500","47.74.8.123","80","100.64.0.5","43874","1448","682708689","3670966419","2377180929","3320160917"
"09:11:57.557727","1500","47.74.8.123","80","100.64.0.5","43874","1448","682711585","3670966419","2377180959","3320160947"
"09:11:57.588832","1500","47.74.8.123","80","100.64.0.5","43874","1448","682714481","3670966419","2377180990","3320160977"
"09:11:57.618895","1500","47.74.8.123","80","100.64.0.5","43874","1448","682717377","3670966419","2377181020","3320161008"
"09:11:57.648991","1500","47.74.8.123","80","100.64.0.5","43874","1448","682720273","3670966419","2377181049","3320161038"
"09:11:57.678080","1500","47.74.8.123","80","100.64.0.5","43874","1448","682723169","3670966419","2377181080","3320161068"
"09:11:57.709163","1500","47.74.8.123","80","100.64.0.5","43874","1448","682726065","3670966419","2377181110","3320161099"
"09:11:57.740823","1500","47.74.8.123","80","100.64.0.5","43874","1448","682728961","3670966419","2377181140","3320161130"
"09:11:57.769942","1500","47.74.8.123","80","100.64.0.5","43874","1448","682731857","3670966419","2377181171","3320161159"
"09:11:57.801030","1500","47.74.8.123","80","100.64.0.5","43874","1448","682734753","3670966419","2377181203","3320161191"
"09:11:57.830109","1500","47.74.8.123","80","100.64.0.5","43874","1448","682736201","3670966419","2377181232","3320161221"
"09:11:57.860188","1500","47.74.8.123","80","100.64.0.5","43874","1448","682678281","3670966419","2377181263","3320161250"
"09:11:57.891274","1500","47.74.8.123","80","100.64.0.5","43874","1448","682737649","3670966419","2377181293","3320161282"
"09:11:57.921357","1500","47.74.8.123","80","100.64.0.5","43874","1448","682739097","3670966419","2377181323","3320161311"
"09:11:58.195025","1500","47.74.8.123","80","100.64.0.5","43874","1448","682684073","3670966419","2377181869","3320161856"
"09:11:58.224106","1500","47.74.8.123","80","100.64.0.5","43874","1448","682740545","3670966419","2377181869","3320161856"
"09:11:58.254193","1500","47.74.8.123","80","100.64.0.5","43874","1448","682741993","3670966419","2377181869","3320161856"
"09:11:58.285281","1500","47.74.8.123","80","100.64.0.5","43874","1448","682743441","3670966419","2377181869","3320161856"
"09:11:58.315364","1500","47.74.8.123","80","100.64.0.5","43874","1448","682744889","3670966419","2377181869","3320161856"
"09:11:58.345443","1500","47.74.8.123","80","100.64.0.5","43874","1448","682746337","3670966419","2377181869","3320161856"
"09:11:58.375522","1500","47.74.8.123","80","100.64.0.5","43874","1448","682747785","3670966419","2377181869","3320161856"
"09:11:58.406604","1500","47.74.8.123","80","100.64.0.5","43874","1448","682749233","3670966419","2377181869","3320161856"
"09:11:58.436688","1500","47.74.8.123","80","100.64.0.5","43874","1448","682750681","3670966419","2377181899","3320161887"
"09:11:58.466770","1500","47.74.8.123","80","100.64.0.5","43874","1448","682752129","3670966419","2377181929","3320161917"
"09:11:58.557849","1500","47.74.8.123","80","100.64.0.5","43874","1448","682686969","3670966419","2377182202","3320162191"
"09:11:58.588951","1500","47.74.8.123","80","100.64.0.5","43874","1448","682753577","3670966419","2377182202","3320162191"
"09:11:58.619057","1500","47.74.8.123","80","100.64.0.5","43874","1448","682755025","3670966419","2377182232","3320162220"
"09:11:58.648101","1500","47.74.8.123","80","100.64.0.5","43874","1448","682756473","3670966419","2377182263","3320162250"
"09:11:58.679019","1500","47.74.8.123","80","100.64.0.5","43874","1448","682757921","3670966419","2377182293","3320162281"
"09:11:58.709095","1500","47.74.8.123","80","100.64.0.5","43874","1448","682759369","3670966419","2377182323","3320162311"
"09:11:58.739176","1500","47.74.8.123","80","100.64.0.5","43874","1448","682760817","3670966419","2377182353","3320162341"
"09:11:58.769259","1500","47.74.8.123","80","100.64.0.5","43874","1448","682762265","3670966419","2377182384","3320162371"
"09:11:58.800204","1500","47.74.8.123","80","100.64.0.5","43874","1448","682763713","3670966419","2377182414","3320162402"
"09:11:58.830287","1500","47.74.8.123","80","100.64.0.5","43874","1448","682765161","3670966419","2377182443","3320162432"
"09:11:58.860369","1500","47.74.8.123","80","100.64.0.5","43874","1448","682766609","3670966419","2377182474","3320162463"
"09:11:58.891358","1500","47.74.8.123","80","100.64.0.5","43874","1448","682689865","3670966419","2377182566","3320162554"
"09:11:58.921439","1500","47.74.8.123","80","100.64.0.5","43874","1448","682768057","3670966419","2377182566","3320162554"
"09:11:58.951440","1500","47.74.8.123","80","100.64.0.5","43874","1448","682769505","3670966419","2377182596","3320162585"
"09:11:58.981448","1500","47.74.8.123","80","100.64.0.5","43874","1448","682770953","3670966419","2377182626","3320162615"
"09:11:59.012605","1500","47.74.8.123","80","100.64.0.5","43874","1448","682772401","3670966419","2377182656","3320162644"
"09:11:59.042587","1500","47.74.8.123","80","100.64.0.5","43874","1448","682773849","3670966419","2377182687","3320162675"
"09:11:59.072501","1500","47.74.8.123","80","100.64.0.5","43874","1448","682775297","3670966419","2377182717","3320162705"
"09:11:59.103745","1500","47.74.8.123","80","100.64.0.5","43874","1448","682776745","3670966419","2377182747","3320162735"
"09:11:59.133839","1500","47.74.8.123","80","100.64.0.5","43874","1448","682778193","3670966419","2377182778","3320162765"
"09:11:59.163572","1500","47.74.8.123","80","100.64.0.5","43874","1448","682779641","3670966419","2377182808","3320162796"
"09:11:59.194886","1500","47.74.8.123","80","100.64.0.5","43874","1448","682781089","3670966419","2377182838","3320162826"
"09:11:59.224973","1500","47.74.8.123","80","100.64.0.5","43874","1448","682782537","3670966419","2377182869","3320162856"
"09:11:59.254225","1500","47.74.8.123","80","100.64.0.5","43874","1448","682692761","3670966419","2377182899","3320162887"
"09:11:59.285966","1500","47.74.8.123","80","100.64.0.5","43874","1448","682783985","3670966419","2377182899","3320162887"
"09:11:59.315095","1500","47.74.8.123","80","100.64.0.5","43874","1448","682785433","3670966419","2377182929","3320162917"
"09:11:59.345196","1500","47.74.8.123","80","100.64.0.5","43874","1448","682786881","3670966419","2377182959","3320162947"
"09:11:59.375079","1500","47.74.8.123","80","100.64.0.5","43874","1448","682788329","3670966419","2377182990","3320162977"
"09:11:59.406172","1500","47.74.8.123","80","100.64.0.5","43874","1448","682789777","3670966419","2377183020","3320163008"
"09:11:59.436254","1500","47.74.8.123","80","100.64.0.5","43874","1448","682791225","3670966419","2377183049","3320163038"
"09:11:59.466170","1500","47.74.8.123","80","100.64.0.5","43874","1448","682792673","3670966419","2377183080","3320163068"
"09:11:59.497273","1500","47.74.8.123","80","100.64.0.5","43874","1448","682794121","3670966419","2377183110","3320163099"
"09:11:59.527358","1500","47.74.8.123","80","100.64.0.5","43874","1448","682795569","3670966419","2377183140","3320163130"
"09:11:59.557231","1500","47.74.8.123","80","100.64.0.5","43874","1448","682797017","3670966419","2377183171","3320163159"
"09:11:59.588485","1500","47.74.8.123","80","100.64.0.5","43874","1448","682798465","3670966419","2377183219","3320163191"
"09:11:59.618509","1500","47.74.8.123","80","100.64.0.5","43874","1448","682799913","3670966419","2377183232","3320163221"
"09:11:59.648354","1500","47.74.8.123","80","100.64.0.5","43874","1448","682695657","3670966419","2377183262","3320163250"
"09:11:59.678448","1500","47.74.8.123","80","100.64.0.5","43874","1448","682801361","3670966419","2377183262","3320163250"
"09:11:59.709661","1500","47.74.8.123","80","100.64.0.5","43874","1448","682802809","3670966419","2377183293","3320163282"
"09:11:59.739549","1500","47.74.8.123","80","100.64.0.5","43874","1448","682804257","3670966419","2377183323","3320163311"
"09:11:59.769548","1500","47.74.8.123","80","100.64.0.5","43874","1448","682805705","3670966419","2377183352","3320163341"
"09:11:59.800816","1500","47.74.8.123","80","100.64.0.5","43874","1448","682807153","3670966419","2377183384","3320163371"
"09:11:59.830693","1500","47.74.8.123","80","100.64.0.5","43874","1448","682808601","3670966419","2377183414","3320163402"
"09:11:59.860712","1500","47.74.8.123","80","100.64.0.5","43874","1448","682810049","3670966419","2377183444","3320163432"
"09:11:59.892026","1500","47.74.8.123","80","100.64.0.5","43874","1448","682811497","3670966419","2377183475","3320163462"
"09:11:59.921822","1500","47.74.8.123","80","100.64.0.5","43874","1448","682812945","3670966419","2377183505","3320163493"
"09:11:59.951781","1500","47.74.8.123","80","100.64.0.5","43874","1448","682814393","3670966419","2377183535","3320163523"
"09:11:59.981167","1500","47.74.8.123","80","100.64.0.5","43874","1448","682815841","3670966419","2377183566","3320163553"
"09:12:00.012968","1500","47.74.8.123","80","100.64.0.5","43874","1448","682817289","3670966419","2377183596","3320163584"
"09:12:00.042974","1500","47.74.8.123","80","100.64.0.5","43874","1448","682818737","3670966419","2377183626","3320163614"
"09:12:00.072311","1500","47.74.8.123","80","100.64.0.5","43874","1448","682698553","3670966419","2377183656","3320163644"
"09:12:00.103128","1500","47.74.8.123","80","100.64.0.5","43874","1448","682820185","3670966419","2377183656","3320163644"
"09:12:00.133200","1500","47.74.8.123","80","100.64.0.5","43874","1448","682821633","3670966419","2377183687","3320163674"
"09:12:00.163215","1500","47.74.8.123","80","100.64.0.5","43874","1448","682823081","3670966419","2377183717","3320163705"
"09:12:00.194314","1500","47.74.8.123","80","100.64.0.5","43874","1448","682824529","3670966419","2377183747","3320163735"
"09:12:00.224334","1500","47.74.8.123","80","100.64.0.5","43874","1448","682825977","3670966419","2377183777","3320163765"
"09:12:00.254302","1500","47.74.8.123","80","100.64.0.5","43874","1448","682827425","3670966419","2377183808","3320163797"
"09:12:00.285486","1500","47.74.8.123","80","100.64.0.5","43874","1448","682828873","3670966419","2377183838","3320163826"
"09:12:00.315519","1500","47.74.8.123","80","100.64.0.5","43874","1448","682830321","3670966419","2377183869","3320163856"
"09:12:00.345424","1500","47.74.8.123","80","100.64.0.5","43874","1448","682831769","3670966419","2377183898","3320163888"
"09:12:00.375523","1500","47.74.8.123","80","100.64.0.5","43874","1448","682833217","3670966419","2377183928","3320163918"
"09:12:00.406728","1500","47.74.8.123","80","100.64.0.5","43874","1448","682834665","3670966419","2377183958","3320163948"
"09:12:00.436627","1500","47.74.8.123","80","100.64.0.5","43874","1448","682836113","3670966419","2377183989","3320163977"
"09:12:00.466558","1500","47.74.8.123","80","100.64.0.5","43874","1448","682837561","3670966419","2377184020","3320164009"
"09:12:00.497977","1500","47.74.8.123","80","100.64.0.5","43874","1448","682839009","3670966419","2377184049","3320164039"
"09:12:00.527854","1500","47.74.8.123","80","100.64.0.5","43874","1448","682701449","3670966419","2377184081","3320164068"
"09:12:00.557708","1500","47.74.8.123","80","100.64.0.5","43874","1448","682840457","3670966419","2377184081","3320164068"
"09:12:00.588214","1500","47.74.8.123","80","100.64.0.5","43874","1448","682841905","3670966419","2377184111","3320164099"
"09:12:00.618993","1500","47.74.8.123","80","100.64.0.5","43874","1448","682843353","3670966419","2377184141","3320164129"
"09:12:00.648107","1500","47.74.8.123","80","100.64.0.5","43874","1448","682844801","3670966419","2377184172","3320164159"
"09:12:00.678204","1500","47.74.8.123","80","100.64.0.5","43874","1448","682846249","3670966419","2377184202","3320164190"
"09:12:00.709155","1500","47.74.8.123","80","100.64.0.5","43874","1448","682847697","3670966419","2377184232","3320164220"
"09:12:00.739257","1500","47.74.8.123","80","100.64.0.5","43874","1448","682849145","3670966419","2377184263","3320164250"
"09:12:00.769344","1500","47.74.8.123","80","100.64.0.5","43874","1448","682850593","3670966419","2377184293","3320164281"
"09:12:00.800332","1500","47.74.8.123","80","100.64.0.5","43874","1448","682852041","3670966419","2377184323","3320164311"
"09:12:00.830347","1500","47.74.8.123","80","100.64.0.5","43874","1448","682853489","3670966419","2377184353","3320164341"
"09:12:00.860488","1500","47.74.8.123","80","100.64.0.5","43874","1448","682854937","3670966419","2377184383","3320164371"
"09:12:00.891516","1500","47.74.8.123","80","100.64.0.5","43874","1448","682856385","3670966419","2377184413","3320164402"
"09:12:00.921526","1500","47.74.8.123","80","100.64.0.5","43874","1448","682857833","3670966419","2377184443","3320164432"
"09:12:00.951588","1500","47.74.8.123","80","100.64.0.5","43874","1448","682859281","3670966419","2377184475","3320164462"
"09:12:00.981678","1500","47.74.8.123","80","100.64.0.5","43874","1448","682860729","3670966419","2377184504","3320164494"
"09:12:01.012725","1500","47.74.8.123","80","100.64.0.5","43874","1448","682704345","3670966419","2377184535","3320164524"
"09:12:01.042812","1500","47.74.8.123","80","100.64.0.5","43874","1448","682862177","3670966419","2377184535","3320164524"
"09:12:01.072886","1500","47.74.8.123","80","100.64.0.5","43874","1448","682863625","3670966419","2377184566","3320164553"
"09:12:01.103966","1500","47.74.8.123","80","100.64.0.5","43874","1448","682865073","3670966419","2377184596","3320164584"
"09:12:01.134107","1500","47.74.8.123","80","100.64.0.5","43874","1448","682866521","3670966419","2377184626","3320164615"
"09:12:01.163236","1500","47.74.8.123","80","100.64.0.5","43874","1448","682867969","3670966419","2377184656","3320164644"
"09:12:01.194328","1500","47.74.8.123","80","100.64.0.5","43874","1448","682869417","3670966419","2377184687","3320164674"
"09:12:01.224415","1500","47.74.8.123","80","100.64.0.5","43874","1448","682870865","3670966419","2377184717","3320164705"
"09:12:01.254499","1500","47.74.8.123","80","100.64.0.5","43874","1448","682872313","3670966419","2377184747","3320164735"
"09:12:01.285584","1500","47.74.8.123","80","100.64.0.5","43874","1448","682873761","3670966419","2377184778","3320164765"
"09:12:01.315669","1500","47.74.8.123","80","100.64.0.5","43874","1448","682875209","3670966419","2377184808","3320164796"
"09:12:01.345554","1500","47.74.8.123","80","100.64.0.5","43874","1448","682707241","3670966419","2377185020","3320165008"
"09:12:01.375636","1500","47.74.8.123","80","100.64.0.5","43874","1448","682876657","3670966419","2377185020","3320165008"
"09:12:01.406709","1500","47.74.8.123","80","100.64.0.5","43874","1448","682878105","3670966419","2377185020","3320165008"
"09:12:01.436791","1500","47.74.8.123","80","100.64.0.5","43874","1448","682879553","3670966419","2377185050","3320165039"
"09:12:01.466882","1500","47.74.8.123","80","100.64.0.5","43874","1448","682881001","3670966419","2377185082","3320165069"
"09:12:01.678454","1500","47.74.8.123","80","100.64.0.5","43874","1448","682710137","3670966419","2377185352","3320165341"
"09:12:01.709561","1500","47.74.8.123","80","100.64.0.5","43874","1448","682882449","3670966419","2377185352","3320165341"
"09:12:01.739645","1500","47.74.8.123","80","100.64.0.5","43874","1448","682883897","3670966419","2377185352","3320165341"
"09:12:01.769725","1500","47.74.8.123","80","100.64.0.5","43874","1448","682885345","3670966419","2377185352","3320165341"
"09:12:01.800802","1500","47.74.8.123","80","100.64.0.5","43874","1448","682886793","3670966419","2377185352","3320165341"
"09:12:02.012205","1500","47.74.8.123","80","100.64.0.5","43874","1448","682713033","3670966419","2377185687","3320165674"
"09:12:02.042302","1500","47.74.8.123","80","100.64.0.5","43874","1448","682888241","3670966419","2377185687","3320165674"
"09:12:02.072387","1500","47.74.8.123","80","100.64.0.5","43874","1448","682889689","3670966419","2377185687","3320165674"
"09:12:02.103481","1500","47.74.8.123","80","100.64.0.5","43874","1448","682891137","3670966419","2377185687","3320165674"
"09:12:02.133558","1500","47.74.8.123","80","100.64.0.5","43874","1448","682892585","3670966419","2377185687","3320165674"
"09:12:02.345989","1500","47.74.8.123","80","100.64.0.5","43874","1448","682715929","3670966419","2377186020","3320166008"
"09:12:02.375099","1500","47.74.8.123","80","100.64.0.5","43874","1448","682894033","3670966419","2377186020","3320166008"
"09:12:02.406221","1500","47.74.8.123","80","100.64.0.5","43874","1448","682895481","3670966419","2377186020","3320166008"
"09:12:02.436300","1500","47.74.8.123","80","100.64.0.5","43874","1448","682896929","3670966419","2377186020","3320166008"
"09:12:02.466383","1500","47.74.8.123","80","100.64.0.5","43874","1448","682898377","3670966419","2377186020","3320166008"
"09:12:02.678795","1500","47.74.8.123","80","100.64.0.5","43874","1448","682718825","3670966419","2377186353","3320166342"
"09:12:02.709898","1500","47.74.8.123","80","100.64.0.5","43874","1448","682899825","3670966419","2377186353","3320166342"
"09:12:02.739983","1500","47.74.8.123","80","100.64.0.5","43874","1448","682901273","3670966419","2377186353","3320166342"
"09:12:02.770060","1500","47.74.8.123","80","100.64.0.5","43874","1448","682902721","3670966419","2377186353","3320166342"
"09:12:02.800138","1500","47.74.8.123","80","100.64.0.5","43874","1448","682904169","3670966419","2377186353","3320166342"
"09:12:03.012574","1500","47.74.8.123","80","100.64.0.5","43874","1448","682721721","3670966419","2377186687","3320166675"
"09:12:03.042671","1500","47.74.8.123","80","100.64.0.5","43874","1448","682905617","3670966419","2377186687","3320166675"
"09:12:03.072754","1500","47.74.8.123","80","100.64.0.5","43874","1448","682907065","3670966419","2377186687","3320166675"
"09:12:03.103835","1500","47.74.8.123","80","100.64.0.5","43874","1448","682908513","3670966419","2377186687","3320166675"
"09:12:03.133913","1500","47.74.8.123","80","100.64.0.5","43874","1448","682909961","3670966419","2377186687","3320166675"
"09:12:03.345356","1500","47.74.8.123","80","100.64.0.5","43874","1448","682724617","3670966419","2377187019","3320167008"
"09:12:03.375485","1500","47.74.8.123","80","100.64.0.5","43874","1448","682911409","3670966419","2377187019","3320167008"
"09:12:03.406572","1500","47.74.8.123","80","100.64.0.5","43874","1448","682912857","3670966419","2377187019","3320167008"
"09:12:03.436651","1500","47.74.8.123","80","100.64.0.5","43874","1448","682914305","3670966419","2377187019","3320167008"
"09:12:03.466733","1500","47.74.8.123","80","100.64.0.5","43874","1448","682915753","3670966419","2377187019","3320167008"
"09:12:03.678097","1500","47.74.8.123","80","100.64.0.5","43874","1448","682727513","3670966419","2377187353","3320167341"
"09:12:03.709197","1500","47.74.8.123","80","100.64.0.5","43874","1448","682917201","3670966419","2377187353","3320167341"
"09:12:03.739287","1500","47.74.8.123","80","100.64.0.5","43874","1448","682918649","3670966419","2377187353","3320167341"
"09:12:03.769366","1500","47.74.8.123","80","100.64.0.5","43874","1448","682920097","3670966419","2377187353","3320167341"
"09:12:03.800446","1500","47.74.8.123","80","100.64.0.5","43874","1448","682921545","3670966419","2377187353","3320167341"
"09:12:04.012944","1500","47.74.8.123","80","100.64.0.5","43874","1448","682730409","3670966419","2377187687","3320167674"
"09:12:04.043040","1500","47.74.8.123","80","100.64.0.5","43874","1448","682922993","3670966419","2377187687","3320167674"
"09:12:04.072122","1500","47.74.8.123","80","100.64.0.5","43874","1448","682924441","3670966419","2377187687","3320167674"
"09:12:04.103202","1500","47.74.8.123","80","100.64.0.5","43874","1448","682925889","3670966419","2377187687","3320167674"
"09:12:04.133281","1500","47.74.8.123","80","100.64.0.5","43874","1448","682927337","3670966419","2377187687","3320167674"
"09:12:04.345665","1500","47.74.8.123","80","100.64.0.5","43874","1448","682733305","3670966419","2377188021","3320168009"
"09:12:04.375783","1500","47.74.8.123","80","100.64.0.5","43874","1448","682928785","3670966419","2377188021","3320168009"
"09:12:04.406920","1500","47.74.8.123","80","100.64.0.5","43874","1448","682930233","3670966419","2377188021","3320168009"
"09:12:04.437032","1500","47.74.8.123","80","100.64.0.5","43874","1448","682931681","3670966419","2377188021","3320168009"
"09:12:04.466141","1500","47.74.8.123","80","100.64.0.5","43874","1448","682933129","3670966419","2377188021","3320168009"
"09:12:04.678635","1500","47.74.8.123","80","100.64.0.5","43874","1448","682934577","3670966419","2377188353","3320168341"
"09:12:04.709684","1500","47.74.8.123","80","100.64.0.5","43874","1448","682936025","3670966419","2377188353","3320168341"
"09:12:04.739773","1500","47.74.8.123","80","100.64.0.5","43874","1448","682937473","3670966419","2377188353","3320168341"
"09:12:04.769845","1500","47.74.8.123","80","100.64.0.5","43874","1448","682938921","3670966419","2377188353","3320168341"
"09:12:04.800928","1500","47.74.8.123","80","100.64.0.5","43874","1448","682940369","3670966419","2377188353","3320168341"
"09:12:04.831032","1500","47.74.8.123","80","100.64.0.5","43874","1448","682941817","3670966419","2377188353","3320168341"
"09:12:04.860137","1500","47.74.8.123","80","100.64.0.5","43874","1448","682943265","3670966419","2377188353","3320168341"
"09:12:04.891251","1500","47.74.8.123","80","100.64.0.5","43874","1448","682944713","3670966419","2377188353","3320168341"
"09:12:04.921377","1500","47.74.8.123","80","100.64.0.5","43874","1448","682946161","3670966419","2377188353","3320168341"
"09:12:04.951508","1500","47.74.8.123","80","100.64.0.5","43874","1448","682947609","3670966419","2377188353","3320168341"
"09:12:04.981670","1500","47.74.8.123","80","100.64.0.5","43874","1448","682959193","3670966419","2377188384","3320168372"
"09:12:05.012501","1500","47.74.8.123","80","100.64.0.5","43874","1448","682962089","3670966419","2377188415","3320168403"
"09:12:05.042672","1500","47.74.8.123","80","100.64.0.5","43874","1448","682964985","3670966419","2377188444","3320168433"
"09:12:05.072811","1500","47.74.8.123","80","100.64.0.5","43874","1448","682966433","3670966419","2377188475","3320168462"
"09:12:05.103666","1500","47.74.8.123","80","100.64.0.5","43874","1448","682967881","3670966419","2377188686","3320168674"
"09:12:05.133839","1500","47.74.8.123","80","100.64.0.5","43874","1448","682969329","3670966419","2377188686","3320168674"
"09:12:05.163912","1500","47.74.8.123","80","100.64.0.5","43874","1448","682970777","3670966419","2377188716","3320168705"
"09:12:05.194832","1500","47.74.8.123","80","100.64.0.5","43874","1448","682972225","3670966419","2377188746","3320168736"
"09:12:05.224965","1500","47.74.8.123","80","100.64.0.5","43874","1448","682973673","3670966419","2377188778","3320168766"
"09:12:05.254069","1500","47.74.8.123","80","100.64.0.5","43874","1448","682975121","3670966419","2377188778","3320168766"
"09:12:05.285539","1500","47.74.8.123","80","100.64.0.5","43874","1448","682976569","3670966419","2377188809","3320168797"
"09:12:05.315749","1500","47.74.8.123","80","100.64.0.5","43874","1448","682978017","3670966419","2377188838","3320168827"
"09:12:05.345152","1500","47.74.8.123","80","100.64.0.5","43874","1448","682979465","3670966419","2377188869","3320168856"
"09:12:05.375232","1500","47.74.8.123","80","100.64.0.5","43874","1448","682980913","3670966419","2377188869","3320168856"
"09:12:05.406774","1500","47.74.8.123","80","100.64.0.5","43874","1448","682982361","3670966419","2377188899","3320168887"
"09:12:05.436868","1500","47.74.8.123","80","100.64.0.5","43874","1448","682983809","3670966419","2377188929","3320168917"
"09:12:05.466635","1500","47.74.8.123","80","100.64.0.5","43874","1448","682985257","3670966419","2377188959","3320168947"
"09:12:05.497398","1500","47.74.8.123","80","100.64.0.5","43874","1448","682986705","3670966419","2377188959","3320168947"
"09:12:05.527483","1500","47.74.8.123","80","100.64.0.5","43874","1448","682988153","3670966419","2377188990","3320168977"
"09:12:05.558044","1500","47.74.8.123","80","100.64.0.5","43874","1448","682989601","3670966419","2377189020","3320169008"
"09:12:05.588132","1500","47.74.8.123","80","100.64.0.5","43874","1448","682949057","3670966419","2377189049","3320169038"
"09:12:05.618226","1500","47.74.8.123","80","100.64.0.5","43874","1448","682991049","3670966419","2377189081","3320169069"
"09:12:05.648685","1500","47.74.8.123","80","100.64.0.5","43874","1448","682992497","3670966419","2377189140","3320169130"
"09:12:05.678411","1500","47.74.8.123","80","100.64.0.5","43874","1448","682993945","3670966419","2377189173","3320169160"
"09:12:05.709501","1500","47.74.8.123","80","100.64.0.5","43874","1448","682995393","3670966419","2377189233","3320169221"
"09:12:05.739845","1500","47.74.8.123","80","100.64.0.5","43874","1448","682996841","3670966419","2377189263","3320169250"
"09:12:05.769918","1500","47.74.8.123","80","100.64.0.5","43874","1448","682998289","3670966419","2377189322","3320169311"
"09:12:05.801003","1500","47.74.8.123","80","100.64.0.5","43874","1448","682999737","3670966419","2377189352","3320169341"
"09:12:05.831012","1500","47.74.8.123","80","100.64.0.5","43874","1448","683001185","3670966419","2377189414","3320169403"
"09:12:05.861051","1500","47.74.8.123","80","100.64.0.5","43874","1448","683002633","3670966419","2377189445","3320169433"
"09:12:05.891134","1500","47.74.8.123","80","100.64.0.5","43874","1448","683004081","3670966419","2377189505","3320169493"
"09:12:05.921218","1500","47.74.8.123","80","100.64.0.5","43874","1448","683005529","3670966419","2377189535","3320169523"
"09:12:05.951139","1500","47.74.8.123","80","100.64.0.5","43874","1448","682950505","3670966419","2377189626","3320169614"
"09:12:05.981226","1500","47.74.8.123","80","100.64.0.5","43874","1448","683006977","3670966419","2377189655","3320169644"
"09:12:06.012289","1500","47.74.8.123","80","100.64.0.5","43874","1448","683008425","3670966419","2377189686","3320169674"
"09:12:06.042262","1500","47.74.8.123","80","100.64.0.5","43874","1448","683009873","3670966419","2377189716","3320169705"
"09:12:06.072353","1500","47.74.8.123","80","100.64.0.5","43874","1448","683011321","3670966419","2377189746","3320169736"
"09:12:06.103436","1500","47.74.8.123","80","100.64.0.5","43874","1448","683012769","3670966419","2377189778","3320169766"
"09:12:06.133423","1500","47.74.8.123","80","100.64.0.5","43874","1448","683014217","3670966419","2377189808","3320169797"
"09:12:06.163439","1500","47.74.8.123","80","100.64.0.5","43874","1448","683015665","3670966419","2377189838","3320169827"
"09:12:06.194591","1500","47.74.8.123","80","100.64.0.5","43874","1448","683017113","3670966419","2377189869","3320169857"
"09:12:06.224566","1500","47.74.8.123","80","100.64.0.5","43874","1448","683018561","3670966419","2377189899","3320169887"
"09:12:06.254526","1500","47.74.8.123","80","100.64.0.5","43874","1448","683020009","3670966419","2377189929","3320169917"
"09:12:06.285638","1500","47.74.8.123","80","100.64.0.5","43874","1448","682951953","3670966419","2377189959","3320169947"
"09:12:06.315729","1500","47.74.8.123","80","100.64.0.5","43874","1448","683021457","3670966419","2377189959","3320169947"
"09:12:06.345588","1500","47.74.8.123","80","100.64.0.5","43874","1448","683022905","3670966419","2377189990","3320169977"
"09:12:06.375696","1500","47.74.8.123","80","100.64.0.5","43874","1448","683024353","3670966419","2377190020","3320170008"
"09:12:06.406907","1500","47.74.8.123","80","100.64.0.5","43874","1448","683025801","3670966419","2377190050","3320170038"
"09:12:06.436826","1500","47.74.8.123","80","100.64.0.5","43874","1448","683027249","3670966419","2377190081","3320170068"
"09:12:06.466894","1500","47.74.8.123","80","100.64.0.5","43874","1448","683028697","3670966419","2377190111","3320170099"
"09:12:06.497154","1500","47.74.8.123","80","100.64.0.5","43874","1448","683030145","3670966419","2377190141","3320170129"
"09:12:06.527892","1500","47.74.8.123","80","100.64.0.5","43874","1448","683031593","3670966419","2377190172","3320170159"
"09:12:06.557969","1500","47.74.8.123","80","100.64.0.5","43874","1448","683033041","3670966419","2377190202","3320170190"
"09:12:06.588325","1500","47.74.8.123","80","100.64.0.5","43874","1448","683034489","3670966419","2377190232","3320170220"
"09:12:06.618415","1500","47.74.8.123","80","100.64.0.5","43874","1448","683035937","3670966419","2377190263","3320170250"
"09:12:06.649054","1500","47.74.8.123","80","100.64.0.5","43874","1448","682953401","3670966419","2377190292","3320170281"
"09:12:06.678132","1500","47.74.8.123","80","100.64.0.5","43874","1448","683037385","3670966419","2377190292","3320170281"
"09:12:06.710059","1500","47.74.8.123","80","100.64.0.5","43874","1448","683038833","3670966419","2377190323","3320170311"
"09:12:06.739162","1500","47.74.8.123","80","100.64.0.5","43874","1448","683040281","3670966419","2377190353","3320170341"
"09:12:06.769248","1500","47.74.8.123","80","100.64.0.5","43874","1448","683041729","3670966419","2377190384","3320170371"
"09:12:06.800166","1500","47.74.8.123","80","100.64.0.5","43874","1448","683043177","3670966419","2377190414","3320170403"
"09:12:06.830343","1500","47.74.8.123","80","100.64.0.5","43874","1448","683044625","3670966419","2377190443","3320170433"
"09:12:06.860335","1500","47.74.8.123","80","100.64.0.5","43874","1448","683046073","3670966419","2377190476","3320170463"
"09:12:06.891299","1500","47.74.8.123","80","100.64.0.5","43874","1448","683047521","3670966419","2377190505","3320170493"
"09:12:06.921437","1500","47.74.8.123","80","100.64.0.5","43874","1448","683048969","3670966419","2377190535","3320170524"
"09:12:06.951397","1500","47.74.8.123","80","100.64.0.5","43874","1448","683050417","3670966419","2377190566","3320170554"
"09:12:06.981374","1500","47.74.8.123","80","100.64.0.5","43874","1448","683051865","3670966419","2377190595","3320170584"
"09:12:07.012574","1500","47.74.8.123","80","100.64.0.5","43874","1448","683053313","3670966419","2377190626","3320170614"
"09:12:07.042581","1500","47.74.8.123","80","100.64.0.5","43874","1448","682954849","3670966419","2377190656","3320170645"
"09:12:07.072466","1500","47.74.8.123","80","100.64.0.5","43874","1448","683054761","3670966419","2377190656","3320170645"
"09:12:07.103708","1500","47.74.8.123","80","100.64.0.5","43874","1448","683056209","3670966419","2377190687","3320170674"
"09:12:07.133741","1500","47.74.8.123","80","100.64.0.5","43874","1448","683057657","3670966419","2377190717","3320170706"
"09:12:07.163560","1500","47.74.8.123","80","100.64.0.5","43874","1448","683059105","3670966419","2377190747","3320170735"
"09:12:07.194822","1500","47.74.8.123","80","100.64.0.5","43874","1448","683060553","3670966419","2377190778","3320170765"
"09:12:07.224902","1500","47.74.8.123","80","100.64.0.5","43874","1448","683062001","3670966419","2377190808","3320170796"
"09:12:07.254694","1500","47.74.8.123","80","100.64.0.5","43874","1448","683063449","3670966419","2377190838","3320170826"
"09:12:07.285778","1500","47.74.8.123","80","100.64.0.5","43874","1448","683064897","3670966419","2377190869","3320170856"
"09:12:07.346061","1500","47.74.8.123","80","100.64.0.5","43874","1448","683066345","3670966419","2377190899","3320170887"
"09:12:07.375893","1500","47.74.8.123","80","100.64.0.5","43874","1448","683067793","3670966419","2377190929","3320170917"
"09:12:07.406981","1500","47.74.8.123","80","100.64.0.5","43874","1448","683069241","3670966419","2377190959","3320170947"
"09:12:07.436077","1500","47.74.8.123","80","100.64.0.5","43874","1448","683070689","3670966419","2377190990","3320170977"
"09:12:07.466267","1500","47.74.8.123","80","100.64.0.5","43874","1448","683072137","3670966419","2377191020","3320171008"
"09:12:07.497140","1500","47.74.8.123","80","100.64.0.5","43874","1448","682956297","3670966419","2377191050","3320171038"
"09:12:07.527234","1500","47.74.8.123","80","100.64.0.5","43874","1448","683073585","3670966419","2377191050","3320171038"
"09:12:07.557274","1500","47.74.8.123","80","100.64.0.5","43874","1448","683075033","3670966419","2377191081","3320171068"
"09:12:07.588391","1500","47.74.8.123","80","100.64.0.5","43874","1448","683076481","3670966419","2377191110","3320171099"
"09:12:07.618303","1500","47.74.8.123","80","100.64.0.5","43874","1448","683077929","3670966419","2377191140","3320171129"
"09:12:07.648398","1500","47.74.8.123","80","100.64.0.5","43874","1448","683079377","3670966419","2377191172","3320171159"
"09:12:07.678446","1500","47.74.8.123","80","100.64.0.5","43874","1448","683080825","3670966419","2377191202","3320171191"
"09:12:07.709487","1500","47.74.8.123","80","100.64.0.5","43874","1448","683082273","3670966419","2377191232","3320171221"
"09:12:07.739574","1500","47.74.8.123","80","100.64.0.5","43874","1448","683083721","3670966419","2377191262","3320171250"
"09:12:07.769528","1500","47.74.8.123","80","100.64.0.5","43874","1448","683085169","3670966419","2377191292","3320171282"
"09:12:07.800661","1500","47.74.8.123","80","100.64.0.5","43874","1448","683086617","3670966419","2377191352","3320171342"
"09:12:07.830751","1500","47.74.8.123","80","100.64.0.5","43874","1448","683088065","3670966419","2377191385","3320171372"
"09:12:07.860828","1500","47.74.8.123","80","100.64.0.5","43874","1448","683089513","3670966419","2377191414","3320171403"
"09:12:07.891918","1500","47.74.8.123","80","100.64.0.5","43874","1448","683090961","3670966419","2377191444","3320171432"
"09:12:07.922000","1500","47.74.8.123","80","100.64.0.5","43874","1448","683092409","3670966419","2377191475","3320171462"
"09:12:07.951082","1500","47.74.8.123","80","100.64.0.5","43874","1448","682957745","3670966419","2377191505","3320171493"
"09:12:07.981168","1500","47.74.8.123","80","100.64.0.5","43874","1448","683093857","3670966419","2377191505","3320171493"
"09:12:08.012249","1500","47.74.8.123","80","100.64.0.5","43874","1448","683095305","3670966419","2377191535","3320171523"
"09:12:08.042328","1500","47.74.8.123","80","100.64.0.5","43874","1448","683096753","3670966419","2377191566","3320171553"
"09:12:08.042341","702","47.74.8.123","80","100.64.0.5","43874","650","683098201","3670966419","2377191596","3320171584"
"09:12:08.285739","1500","47.74.8.123","80","100.64.0.5","43874","1448","682960641","3670966419","2377191959","3320171947"
"09:12:08.618280","1500","47.74.8.123","80","100.64.0.5","43874","1448","682963537","3670966419","2377192293","3320172281"
"09:12:08.951497","52","47.74.8.123","80","100.64.0.5","43874","0","683098851","3670966565","2377192626","3320172615"
"09:12:08.981576","1500","47.74.8.123","80","100.64.0.5","43874","1448","683098851","3670966565","2377192626","3320172615"
"09:12:09.012663","1500","47.74.8.123","80","100.64.0.5","43874","1448","683100299","3670966565","2377192626","3320172615"
"09:12:09.042749","1500","47.74.8.123","80","100.64.0.5","43874","1448","683101747","3670966565","2377192626","3320172615"
"09:12:09.072844","1500","47.74.8.123","80","100.64.0.5","43874","1448","683103195","3670966565","2377192626","3320172615"
"09:12:09.103928","1500","47.74.8.123","80","100.64.0.5","43874","1448","683104643","3670966565","2377192626","3320172615"
"09:12:09.134012","1500","47.74.8.123","80","100.64.0.5","43874","1448","683106091","3670966565","2377192626","3320172615"
"09:12:09.163094","1500","47.74.8.123","80","100.64.0.5","43874","1448","683107539","3670966565","2377192626","3320172615"
"09:12:09.194176","1500","47.74.8.123","80","100.64.0.5","43874","1448","683108987","3670966565","2377192626","3320172615"
"09:12:09.224260","1500","47.74.8.123","80","100.64.0.5","43874","1448","683110435","3670966565","2377192626","3320172615"
"09:12:09.254345","1500","47.74.8.123","80","100.64.0.5","43874","1448","683111883","3670966565","2377192626","3320172615"
"09:12:09.315462","1500","47.74.8.123","80","100.64.0.5","43874","1448","683124915","3670966565","2377192989","3320172977"
"09:12:09.345524","1500","47.74.8.123","80","100.64.0.5","43874","1448","683126363","3670966565","2377193019","3320173008"
"09:12:09.375493","1500","47.74.8.123","80","100.64.0.5","43874","1448","683127811","3670966565","2377193049","3320173038"
"09:12:09.406596","1500","47.74.8.123","80","100.64.0.5","43874","1448","683129259","3670966565","2377193081","3320173069"
"09:12:09.436669","1500","47.74.8.123","80","100.64.0.5","43874","1448","683130707","3670966565","2377193112","3320173100"
"09:12:09.466658","1500","47.74.8.123","80","100.64.0.5","43874","1448","683132155","3670966565","2377193112","3320173100"
"09:12:09.497740","1500","47.74.8.123","80","100.64.0.5","43874","1448","683133603","3670966565","2377193141","3320173130"
"09:12:09.527842","1500","47.74.8.123","80","100.64.0.5","43874","1448","683135051","3670966565","2377193172","3320173159"
"09:12:09.557756","1500","47.74.8.123","80","100.64.0.5","43874","1448","683136499","3670966565","2377193202","3320173190"
"09:12:09.588924","1500","47.74.8.123","80","100.64.0.5","43874","1448","683137947","3670966565","2377193232","3320173220"
"09:12:09.619018","1500","47.74.8.123","80","100.64.0.5","43874","1448","683139395","3670966565","2377193263","3320173250"
"09:12:09.648119","1500","47.74.8.123","80","100.64.0.5","43874","1448","683140843","3670966565","2377193323","3320173311"
"09:12:09.678228","1500","47.74.8.123","80","100.64.0.5","43874","1448","683142291","3670966565","2377193353","3320173341"
"09:12:09.709202","1500","47.74.8.123","80","100.64.0.5","43874","1448","683113331","3670966565","2377193384","3320173371"
"09:12:09.739346","1500","47.74.8.123","80","100.64.0.5","43874","1448","683143739","3670966565","2377193414","3320173402"
"09:12:09.769420","1500","47.74.8.123","80","100.64.0.5","43874","1448","683145187","3670966565","2377193443","3320173432"
"09:12:09.830496","1500","47.74.8.123","80","100.64.0.5","43874","1448","683146635","3670966565","2377193504","3320173493"
"09:12:09.860575","1500","47.74.8.123","80","100.64.0.5","43874","1448","683148083","3670966565","2377193535","3320173524"
"09:12:09.921659","1500","47.74.8.123","80","100.64.0.5","43874","1448","683149531","3670966565","2377193597","3320173585"
"09:12:09.951717","1500","47.74.8.123","80","100.64.0.5","43874","1448","683150979","3670966565","2377193626","3320173615"
"09:12:10.012909","1500","47.74.8.123","80","100.64.0.5","43874","1448","683152427","3670966565","2377193687","3320173674"
"09:12:10.072929","1500","47.74.8.123","80","100.64.0.5","43874","1448","683114779","3670966565","2377193747","3320173735"
"09:12:10.104020","1500","47.74.8.123","80","100.64.0.5","43874","1448","683153875","3670966565","2377193778","3320173765"
"09:12:10.163169","1500","47.74.8.123","80","100.64.0.5","43874","1448","683155323","3670966565","2377193838","3320173826"
"09:12:10.194255","1500","47.74.8.123","80","100.64.0.5","43874","1448","683156771","3670966565","2377193869","3320173856"
"09:12:10.254222","1500","47.74.8.123","80","100.64.0.5","43874","1448","683158219","3670966565","2377193928","3320173917"
"09:12:10.285289","1500","47.74.8.123","80","100.64.0.5","43874","1448","683159667","3670966565","2377193958","3320173947"
"09:12:10.345489","1500","47.74.8.123","80","100.64.0.5","43874","1448","683161115","3670966565","2377194020","3320174009"
"09:12:10.406520","1500","47.74.8.123","80","100.64.0.5","43874","1448","683116227","3670966565","2377194082","3320174069"
"09:12:10.436589","1500","47.74.8.123","80","100.64.0.5","43874","1448","683162563","3670966565","2377194082","3320174069"
"09:12:10.466675","1500","47.74.8.123","80","100.64.0.5","43874","1448","683164011","3670966565","2377194111","3320174100"
"09:12:10.497706","1500","47.74.8.123","80","100.64.0.5","43874","1448","683165459","3670966565","2377194172","3320174159"
"09:12:10.527844","1500","47.74.8.123","80","100.64.0.5","43874","1448","683166907","3670966565","2377194202","3320174190"
"09:12:10.588885","1500","47.74.8.123","80","100.64.0.5","43874","1448","683168355","3670966565","2377194263","3320174250"
"09:12:10.618075","1500","47.74.8.123","80","100.64.0.5","43874","1448","683169803","3670966565","2377194293","3320174281"
"09:12:10.678151","1500","47.74.8.123","80","100.64.0.5","43874","1448","683171251","3670966565","2377194353","3320174341"
"09:12:10.739318","1500","47.74.8.123","80","100.64.0.5","43874","1448","683117675","3670966565","2377194413","3320174402"
"09:12:10.769399","1500","47.74.8.123","80","100.64.0.5","43874","1448","683172699","3670966565","2377194413","3320174402"
"09:12:10.800478","1500","47.74.8.123","80","100.64.0.5","43874","1448","683174147","3670966565","2377194444","3320174432"
"09:12:10.830657","1500","47.74.8.123","80","100.64.0.5","43874","1448","683175595","3670966565","2377194474","3320174462"
"09:12:10.902466","1500","47.74.8.123","80","100.64.0.5","43874","1448","683177043","3670966565","2377194504","3320174493"
