_ws.col.Time,frame.len,ip.src,tcp.srcport,ip.dst,tcp.dstport,tcp.len,tcp.seq_raw,tcp.ack_raw,tcp.options.timestamp.tsval,tcp.options.timestamp.tsecr
"14:43:44.654683","60","47.74.8.123","80","100.64.0.2","53650","0","616266881","864443298","2397088464","3340068580"
"14:43:44.754512","52","47.74.8.123","80","100.64.0.2","53650","0","616266882","864443444","2397088563","3340068677"
"14:43:44.754529","1500","47.74.8.123","80","100.64.0.2","53650","1448","616266882","864443444","2397088563","3340068677"
"14:43:44.754535","1500","47.74.8.123","80","100.64.0.2","53650","1448","616268330","864443444","2397088563","3340068677"
"14:43:44.754540","1500","47.74.8.123","80","100.64.0.2","53650","1448","616269778","864443444","2397088563","3340068677"
"14:43:44.754545","1500","47.74.8.123","80","100.64.0.2","53650","1448","616271226","864443444","2397088563","3340068677"
"14:43:44.754550","1500","47.74.8.123","80","100.64.0.2","53650","1448","616272674","864443444","2397088563","3340068677"
"14:43:44.754557","1500","47.74.8.123","80","100.64.0.2","53650","1448","616274122","864443444","2397088563","3340068677"
"14:43:44.754565","1500","47.74.8.123","80","100.64.0.2","53650","1448","616275570","864443444","2397088563","3340068677"
"14:43:44.754571","1500","47.74.8.123","80","100.64.0.2","53650","1448","616277018","864443444","2397088563","3340068677"
"14:43:44.754578","1500","47.74.8.123","80","100.64.0.2","53650","1448","616278466","864443444","2397088563","3340068677"
"14:43:44.754585","1500","47.74.8.123","80","100.64.0.2","53650","1448","616279914","864443444","2397088563","3340068677"
"14:43:44.874824","1500","47.74.8.123","80","100.64.0.2","53650","1448","616281362","864443444","2397088684","3340068797"
"14:43:44.874837","1500","47.74.8.123","80","100.64.0.2","53650","1448","616282810","864443444","2397088684","3340068797"
"14:43:44.894144","1500","47.74.8.123","80","100.64.0.2","53650","1448","616284258","864443444","2397088703","3340068816"
"14:43:44.894155","1500","47.74.8.123","80","100.64.0.2","53650","1448","616285706","864443444","2397088703","3340068816"
"14:43:44.914247","1500","47.74.8.123","80","100.64.0.2","53650","1448","616287154","864443444","2397088723","3340068836"
"14:43:44.914259","1500","47.74.8.123","80","100.64.0.2","53650","1448","616288602","864443444","2397088723","3340068836"
"14:43:44.974062","1500","47.74.8.123","80","100.64.0.2","53650","1448","616290050","864443444","2397088783","3340068897"
"14:43:44.994426","1500","47.74.8.123","80","100.64.0.2","53650","1448","616291498","864443444","2397088803","3340068916"
"14:43:45.014920","1500","47.74.8.123","80","100.64.0.2","53650","1448","616271226","864443444","2397088824","3340068937"
"14:43:45.034028","1500","47.74.8.123","80","100.64.0.2","53650","1448","616292946","864443444","2397088843","3340068957"
"14:43:45.094683","1500","47.74.8.123","80","100.64.0.2","53650","1448","616294394","864443444","2397088904","3340069016"
"14:43:45.134276","1500","47.74.8.123","80","100.64.0.2","53650","1448","616272674","864443444","2397088943","3340069056"
"14:43:45.234551","1500","47.74.8.123","80","100.64.0.2","53650","1448","616274122","864443444","2397089044","3340069156"
"14:43:45.234567","1500","47.74.8.123","80","100.64.0.2","53650","1448","616295842","864443444","2397089044","3340069156"
"14:43:45.334863","1500","47.74.8.123","80","100.64.0.2","53650","1448","616275570","864443444","2397089144","3340069257"
"14:43:45.334877","1500","47.74.8.123","80","100.64.0.2","53650","1448","616297290","864443444","2397089144","3340069257"
"14:43:45.354871","1500","47.74.8.123","80","100.64.0.2","53650","1448","616298738","864443444","2397089164","3340069277"
"14:43:45.434116","1500","47.74.8.123","80","100.64.0.2","53650","1448","616277018","864443444","2397089243","3340069356"
"14:43:45.434128","1500","47.74.8.123","80","100.64.0.2","53650","1448","616300186","864443444","2397089243","3340069356"
"14:43:45.454052","1500","47.74.8.123","80","100.64.0.2","53650","1448","616301634","864443444","2397089263","3340069377"
"14:43:45.474164","1500","47.74.8.123","80","100.64.0.2","53650","1448","616303082","864443444","2397089283","3340069396"
"14:43:45.534404","1500","47.74.8.123","80","100.64.0.2","53650","1448","616278466","864443444","2397089343","3340069456"
"14:43:45.534416","1500","47.74.8.123","80","100.64.0.2","53650","1448","616304530","864443444","2397089343","3340069456"
"14:43:45.554234","1500","47.74.8.123","80","100.64.0.2","53650","1448","616305978","864443444","2397089363","3340069476"
"14:43:45.574324","1500","47.74.8.123","80","100.64.0.2","53650","1448","616307426","864443444","2397089383","3340069496"
"14:43:45.594444","1500","47.74.8.123","80","100.64.0.2","53650","1448","616308874","864443444","2397089404","3340069516"
"14:43:45.634667","1500","47.74.8.123","80","100.64.0.2","53650","1448","616279914","864443444","2397089444","3340069556"
"14:43:45.634678","1500","47.74.8.123","80","100.64.0.2","53650","1448","616310322","864443444","2397089444","3340069556"
"14:43:45.654436","1500","47.74.8.123","80","100.64.0.2","53650","1448","616311770","864443444","2397089464","3340069576"
"14:43:45.674510","1500","47.74.8.123","80","100.64.0.2","53650","1448","616313218","864443444","2397089484","3340069596"
"14:43:45.694660","1500","47.74.8.123","80","100.64.0.2","53650","1448","616314666","864443444","2397089504","3340069616"
"14:43:45.714773","1500","47.74.8.123","80","100.64.0.2","53650","1448","616316114","864443444","2397089524","3340069636"
"14:43:45.734973","1500","47.74.8.123","80","100.64.0.2","53650","1448","616288602","864443444","2397089544","3340069657"
"14:43:45.734985","1500","47.74.8.123","80","100.64.0.2","53650","1448","616317562","864443444","2397089544","3340069657"
"14:43:45.754673","1500","47.74.8.123","80","100.64.0.2","53650","1448","616319010","864443444","2397089564","3340069676"
"14:43:45.774739","1500","47.74.8.123","80","100.64.0.2","53650","1448","616320458","864443444","2397089584","3340069696"
"14:43:45.794883","1500","47.74.8.123","80","100.64.0.2","53650","1448","616321906","864443444","2397089604","3340069717"
"14:43:45.813944","1500","47.74.8.123","80","100.64.0.2","53650","1448","616323354","864443444","2397089623","3340069737"
"14:43:45.834172","1500","47.74.8.123","80","100.64.0.2","53650","1448","616324802","864443444","2397089643","3340069756"
"14:43:45.854903","1500","47.74.8.123","80","100.64.0.2","53650","1448","616326250","864443444","2397089664","3340069777"
"14:43:45.874005","1500","47.74.8.123","80","100.64.0.2","53650","1448","616327698","864443444","2397089683","3340069797"
"14:43:45.894093","1500","47.74.8.123","80","100.64.0.2","53650","1448","616329146","864443444","2397089703","3340069816"
"14:43:45.914182","1500","47.74.8.123","80","100.64.0.2","53650","1448","616330594","864443444","2397089723","3340069836"
"14:43:45.934393","1500","47.74.8.123","80","100.64.0.2","53650","1448","616332042","864443444","2397089743","3340069856"
"14:43:45.954078","1500","47.74.8.123","80","100.64.0.2","53650","1448","616333490","864443444","2397089763","3340069876"
"14:43:45.974212","1500","47.74.8.123","80","100.64.0.2","53650","1448","616334938","864443444","2397089783","3340069896"
"14:43:45.974224","1500","47.74.8.123","80","100.64.0.2","53650","1448","616336386","864443444","2397089783","3340069896"
"14:43:45.994271","1500","47.74.8.123","80","100.64.0.2","53650","1448","616337834","864443444","2397089803","3340069916"
"14:43:46.014371","1500","47.74.8.123","80","100.64.0.2","53650","1448","616339282","864443444","2397089823","3340069936"
"14:43:46.034620","1500","47.74.8.123","80","100.64.0.2","53650","1448","616340730","864443444","2397089844","3340069956"
"14:43:46.054283","1500","47.74.8.123","80","100.64.0.2","53650","1448","616342178","864443444","2397089863","3340069976"
"14:43:46.074418","1500","47.74.8.123","80","100.64.0.2","53650","1448","616343626","864443444","2397089884","3340069996"
"14:43:46.094445","1500","47.74.8.123","80","100.64.0.2","53650","1448","616345074","864443444","2397089904","3340070016"
"14:43:46.114592","1500","47.74.8.123","80","100.64.0.2","53650","1448","616346522","864443444","2397089924","3340070036"
"14:43:46.134774","1500","47.74.8.123","80","100.64.0.2","53650","1448","616347970","864443444","2397089944","3340070057"
"14:43:46.154457","1500","47.74.8.123","80","100.64.0.2","53650","1448","616349418","864443444","2397089964","3340070076"
"14:43:46.174623","1500","47.74.8.123","80","100.64.0.2","53650","1448","616336386","864443444","2397089984","3340070096"
"14:43:46.214747","1500","47.74.8.123","80","100.64.0.2","53650","1448","616350866","864443444","2397090024","3340070137"
"14:43:46.274832","1500","47.74.8.123","80","100.64.0.2","53650","1448","616352314","864443444","2397090084","3340070197"
"14:43:46.294893","1500","47.74.8.123","80","100.64.0.2","53650","1448","616353762","864443444","2397090104","3340070217"
"14:43:46.314020","1500","47.74.8.123","80","100.64.0.2","53650","1448","616355210","864443444","2397090123","3340070237"
"14:43:46.334077","1500","47.74.8.123","80","100.64.0.2","53650","1448","616356658","864443444","2397090143","3340070256"
"14:43:46.374089","1500","47.74.8.123","80","100.64.0.2","53650","1448","616358106","864443444","2397090183","3340070297"
"14:43:46.394117","1500","47.74.8.123","80","100.64.0.2","53650","1448","616359554","864443444","2397090203","3340070316"
"14:43:46.414276","1500","47.74.8.123","80","100.64.0.2","53650","1448","616361002","864443444","2397090223","3340070336"
"14:43:46.414290","1500","47.74.8.123","80","100.64.0.2","53650","1448","616362450","864443444","2397090223","3340070336"
"14:43:46.434252","1500","47.74.8.123","80","100.64.0.2","53650","1448","616363898","864443444","2397090243","3340070356"
"14:43:46.474320","1500","47.74.8.123","80","100.64.0.2","53650","1448","616365346","864443444","2397090283","3340070396"
"14:43:46.494353","1500","47.74.8.123","80","100.64.0.2","53650","1448","616366794","864443444","2397090303","3340070416"
"14:43:46.514538","1500","47.74.8.123","80","100.64.0.2","53650","1448","616368242","864443444","2397090324","3340070436"
"14:43:46.534485","1500","47.74.8.123","80","100.64.0.2","53650","1448","616369690","864443444","2397090344","3340070456"
"14:43:46.534497","1500","47.74.8.123","80","100.64.0.2","53650","1448","616371138","864443444","2397090344","3340070456"
"14:43:46.554582","1500","47.74.8.123","80","100.64.0.2","53650","1448","616372586","864443444","2397090364","3340070476"
"14:43:46.574513","1500","47.74.8.123","80","100.64.0.2","53650","1448","616374034","864443444","2397090384","3340070496"
"14:43:46.594560","1500","47.74.8.123","80","100.64.0.2","53650","1448","616375482","864443444","2397090404","3340070516"
"14:43:46.614741","1500","47.74.8.123","80","100.64.0.2","53650","1448","616376930","864443444","2397090424","3340070536"
"14:43:46.634693","1500","47.74.8.123","80","100.64.0.2","53650","1448","616378378","864443444","2397090444","3340070556"
"14:43:46.654764","1500","47.74.8.123","80","100.64.0.2","53650","1448","616379826","864443444","2397090464","3340070577"
"14:43:46.654775","1500","47.74.8.123","80","100.64.0.2","53650","1448","616381274","864443444","2397090464","3340070577"
"14:43:46.674681","1500","47.74.8.123","80","100.64.0.2","53650","1448","616382722","864443444","2397090484","3340070596"
"14:43:46.694780","1500","47.74.8.123","80","100.64.0.2","53650","1448","616384170","864443444","2397090504","3340070616"
"14:43:46.714952","1500","47.74.8.123","80","100.64.0.2","53650","1448","616385618","864443444","2397090524","3340070637"
"14:43:46.734912","1500","47.74.8.123","80","100.64.0.2","53650","1448","616387066","864443444","2397090544","3340070657"
"14:43:46.754072","1500","47.74.8.123","80","100.64.0.2","53650","1448","616388514","864443444","2397090563","3340070677"
"14:43:46.774014","1500","47.74.8.123","80","100.64.0.2","53650","1448","616389962","864443444","2397090583","3340070697"
"14:43:46.794034","1500","47.74.8.123","80","100.64.0.2","53650","1448","616391410","864443444","2397090603","3340070717"
"14:43:46.794046","1500","47.74.8.123","80","100.64.0.2","53650","1448","616392858","864443444","2397090603","3340070717"
"14:43:46.814242","1500","47.74.8.123","80","100.64.0.2","53650","1448","616394306","864443444","2397090623","3340070736"
"14:43:46.834112","1500","47.74.8.123","80","100.64.0.2","53650","1448","616395754","864443444","2397090643","3340070756"
"14:43:46.854281","1500","47.74.8.123","80","100.64.0.2","53650","1448","616397202","864443444","2397090663","3340070776"
"14:43:46.874212","1500","47.74.8.123","80","100.64.0.2","53650","1448","616398650","864443444","2397090683","3340070796"
"14:43:46.894327","1500","47.74.8.123","80","100.64.0.2","53650","1448","616400098","864443444","2397090703","3340070816"
"14:43:46.914462","1500","47.74.8.123","80","100.64.0.2","53650","1448","616401546","864443444","2397090724","3340070836"
"14:43:46.934344","1500","47.74.8.123","80","100.64.0.2","53650","1448","616402994","864443444","2397090743","3340070856"
"14:43:46.954447","1500","47.74.8.123","80","100.64.0.2","53650","1448","616404442","864443444","2397090764","3340070876"
"14:43:46.974420","1500","47.74.8.123","80","100.64.0.2","53650","1448","616405890","864443444","2397090783","3340070896"
"14:43:46.994532","1500","47.74.8.123","80","100.64.0.2","53650","1448","616392858","864443444","2397090804","3340070916"
"14:43:47.034569","1500","47.74.8.123","80","100.64.0.2","53650","1448","616407338","864443444","2397090844","3340070956"
"14:43:47.094764","1500","47.74.8.123","80","100.64.0.2","53650","1448","616408786","864443444","2397090904","3340071016"
"14:43:47.114866","1500","47.74.8.123","80","100.64.0.2","53650","1448","616410234","864443444","2397090924","3340071037"
"14:43:47.134804","1500","47.74.8.123","80","100.64.0.2","53650","1448","616411682","864443444","2397090944","3340071057"
"14:43:47.154853","1500","47.74.8.123","80","100.64.0.2","53650","1448","616413130","864443444","2397090964","3340071077"
"14:43:47.194029","1500","47.74.8.123","80","100.64.0.2","53650","1448","616414578","864443444","2397091003","3340071117"
"14:43:47.214035","1500","47.74.8.123","80","100.64.0.2","53650","1448","616416026","864443444","2397091023","3340071137"
"14:43:47.234016","1500","47.74.8.123","80","100.64.0.2","53650","1448","616417474","864443444","2397091043","3340071157"
"14:43:47.234028","1500","47.74.8.123","80","100.64.0.2","53650","1448","616418922","864443444","2397091043","3340071157"
"14:43:47.254044","1500","47.74.8.123","80","100.64.0.2","53650","1448","616420370","864443444","2397091063","3340071177"
"14:43:47.294283","1500","47.74.8.123","80","100.64.0.2","53650","1448","616421818","864443444","2397091103","3340071216"
"14:43:47.314256","1500","47.74.8.123","80","100.64.0.2","53650","1448","616423266","864443444","2397091123","3340071236"
"14:43:47.334250","1500","47.74.8.123","80","100.64.0.2","53650","1448","616424714","864443444","2397091143","3340071256"
"14:43:47.354292","1500","47.74.8.123","80","100.64.0.2","53650","1448","616426162","864443444","2397091163","3340071276"
"14:43:47.354303","1500","47.74.8.123","80","100.64.0.2","53650","1448","616427610","864443444","2397091163","3340071276"
"14:43:47.374358","1500","47.74.8.123","80","100.64.0.2","53650","1448","616429058","864443444","2397091183","3340071296"
"14:43:47.394533","1500","47.74.8.123","80","100.64.0.2","53650","1448","616430506","864443444","2397091204","3340071316"
"14:43:47.414489","1500","47.74.8.123","80","100.64.0.2","53650","1448","616431954","864443444","2397091224","3340071336"
"14:43:47.434438","1500","47.74.8.123","80","100.64.0.2","53650","1448","616433402","864443444","2397091244","3340071356"
"14:43:47.454533","1500","47.74.8.123","80","100.64.0.2","53650","1448","616434850","864443444","2397091264","3340071376"
"14:43:47.474612","1500","47.74.8.123","80","100.64.0.2","53650","1448","616436298","864443444","2397091284","3340071396"
"14:43:47.474625","1500","47.74.8.123","80","100.64.0.2","53650","1448","616437746","864443444","2397091284","3340071396"
"14:43:47.494735","1500","47.74.8.123","80","100.64.0.2","53650","1448","616439194","864443444","2397091304","3340071416"
"14:43:47.514788","1500","47.74.8.123","80","100.64.0.2","53650","1448","616440642","864443444","2397091324","3340071436"
"14:43:47.534650","1500","47.74.8.123","80","100.64.0.2","53650","1448","616442090","864443444","2397091344","3340071456"
"14:43:47.554753","1500","47.74.8.123","80","100.64.0.2","53650","1448","616443538","864443444","2397091364","3340071477"
"14:43:47.574831","1500","47.74.8.123","80","100.64.0.2","53650","1448","616444986","864443444","2397091384","3340071497"
"14:43:47.594963","1500","47.74.8.123","80","100.64.0.2","53650","1448","616446434","864443444","2397091404","3340071517"
"14:43:47.613982","1500","47.74.8.123","80","100.64.0.2","53650","1448","616447882","864443444","2397091423","3340071537"
"14:43:47.613994","1500","47.74.8.123","80","100.64.0.2","53650","1448","616449330","864443444","2397091423","3340071537"
"14:43:47.634917","1500","47.74.8.123","80","100.64.0.2","53650","1448","616450778","864443444","2397091444","3340071557"
"14:43:47.654942","1500","47.74.8.123","80","100.64.0.2","53650","1448","616452226","864443444","2397091464","3340071577"
"14:43:47.674008","1500","47.74.8.123","80","100.64.0.2","53650","1448","616453674","864443444","2397091483","3340071597"
"14:43:47.694228","1500","47.74.8.123","80","100.64.0.2","53650","1448","616455122","864443444","2397091503","3340071616"
"14:43:47.714240","1500","47.74.8.123","80","100.64.0.2","53650","1448","616456570","864443444","2397091523","3340071636"
"14:43:47.734175","1500","47.74.8.123","80","100.64.0.2","53650","1448","616458018","864443444","2397091543","3340071656"
"14:43:47.754126","1500","47.74.8.123","80","100.64.0.2","53650","1448","616459466","864443444","2397091563","3340071676"
"14:43:47.774236","1500","47.74.8.123","80","100.64.0.2","53650","1448","616460914","864443444","2397091583","3340071696"
"14:43:47.796741","1500","47.74.8.123","80","100.64.0.2","53650","1448","616462362","864443444","2397091606","3340071716"
"14:43:47.814789","1500","47.74.8.123","80","100.64.0.2","53650","1448","616449330","864443444","2397091624","3340071736"
"14:43:47.854326","1500","47.74.8.123","80","100.64.0.2","53650","1448","616463810","864443444","2397091663","3340071776"
"14:43:47.913970","1500","47.74.8.123","80","100.64.0.2","53650","1448","616465258","864443444","2397091723","3340071837"
"14:43:47.934039","1500","47.74.8.123","80","100.64.0.2","53650","1448","616466706","864443444","2397091743","3340071857"
"14:43:47.954890","1500","47.74.8.123","80","100.64.0.2","53650","1448","616468154","864443444","2397091764","3340071877"
"14:43:47.973963","1500","47.74.8.123","80","100.64.0.2","53650","1448","616469602","864443444","2397091783","3340071897"
"14:43:48.014187","1500","47.74.8.123","80","100.64.0.2","53650","1448","616471050","864443444","2397091823","3340071936"
"14:43:48.034245","1500","47.74.8.123","80","100.64.0.2","53650","1448","616472498","864443444","2397091843","3340071956"
"14:43:48.054093","1500","47.74.8.123","80","100.64.0.2","53650","1448","616473946","864443444","2397091863","3340071976"
"14:43:48.054105","1500","47.74.8.123","80","100.64.0.2","53650","1448","616475394","864443444","2397091863","3340071976"
"14:43:48.074154","1500","47.74.8.123","80","100.64.0.2","53650","1448","616476842","864443444","2397091883","3340071996"
"14:43:48.114393","1500","47.74.8.123","80","100.64.0.2","53650","1448","616478290","864443444","2397091923","3340072036"
"14:43:48.134465","1500","47.74.8.123","80","100.64.0.2","53650","1448","616479738","864443444","2397091944","3340072056"
"14:43:48.154288","1500","47.74.8.123","80","100.64.0.2","53650","1448","616481186","864443444","2397091963","3340072076"
"14:43:48.174459","1500","47.74.8.123","80","100.64.0.2","53650","1448","616482634","864443444","2397091983","3340072096"
"14:43:48.174471","1500","47.74.8.123","80","100.64.0.2","53650","1448","616484082","864443444","2397091983","3340072096"
"14:43:48.194460","1500","47.74.8.123","80","100.64.0.2","53650","1448","616485530","864443444","2397092004","3340072116"
"14:43:48.214568","1500","47.74.8.123","80","100.64.0.2","53650","1448","616486978","864443444","2397092024","3340072136"
"14:43:48.234680","1500","47.74.8.123","80","100.64.0.2","53650","1448","616488426","864443444","2397092044","3340072156"
"14:43:48.254476","1500","47.74.8.123","80","100.64.0.2","53650","1448","616489874","864443444","2397092064","3340072176"
"14:43:48.274672","1500","47.74.8.123","80","100.64.0.2","53650","1448","616491322","864443444","2397092084","3340072196"
"14:43:48.294691","1500","47.74.8.123","80","100.64.0.2","53650","1448","616492770","864443444","2397092104","3340072216"
"14:43:48.294702","1500","47.74.8.123","80","100.64.0.2","53650","1448","616494218","864443444","2397092104","3340072216"
"14:43:48.314788","1500","47.74.8.123","80","100.64.0.2","53650","1448","616495666","864443444","2397092124","3340072237"
"14:43:48.334876","1500","47.74.8.123","80","100.64.0.2","53650","1448","616497114","864443444","2397092144","3340072257"
"14:43:48.354744","1500","47.74.8.123","80","100.64.0.2","53650","1448","616498562","864443444","2397092164","3340072276"
"14:43:48.374872","1500","47.74.8.123","80","100.64.0.2","53650","1448","616500010","864443444","2397092184","3340072297"
"14:43:48.394921","1500","47.74.8.123","80","100.64.0.2","53650","1448","616501458","864443444","2397092204","3340072317"
"14:43:48.413976","1500","47.74.8.123","80","100.64.0.2","53650","1448","616502906","864443444","2397092223","3340072337"
"14:43:48.433002","1500","47.74.8.123","80","100.64.0.2","53650","1448","616504354","864443444","2397092243","3340072357"
"14:43:48.433012","1500","47.74.8.123","80","100.64.0.2","53650","1448","616505802","864443444","2397092243","3340072357"
"14:43:48.454963","1500","47.74.8.123","80","100.64.0.2","53650","1448","616507250","864443444","2397092264","3340072377"
"14:43:48.474060","1500","47.74.8.123","80","100.64.0.2","53650","1448","616508698","864443444","2397092283","3340072397"
"14:43:48.494231","1500","47.74.8.123","80","100.64.0.2","53650","1448","616510146","864443444","2397092303","3340072416"
"14:43:48.514197","1500","47.74.8.123","80","100.64.0.2","53650","1448","616511594","864443444","2397092323","3340072436"
"14:43:48.534230","1500","47.74.8.123","80","100.64.0.2","53650","1448","616513042","864443444","2397092343","3340072456"
"14:43:48.554158","1500","47.74.8.123","80","100.64.0.2","53650","1448","616514490","864443444","2397092363","3340072476"
"14:43:48.574232","1500","47.74.8.123","80","100.64.0.2","53650","1448","616515938","864443444","2397092383","3340072496"
"14:43:48.594413","1500","47.74.8.123","80","100.64.0.2","53650","1448","616517386","864443444","2397092403","3340072516"
"14:43:48.614385","1500","47.74.8.123","80","100.64.0.2","53650","1448","616518834","864443444","2397092423","3340072536"
"14:43:48.634423","1500","47.74.8.123","80","100.64.0.2","53650","1448","616505802","864443444","2397092443","3340072556"
"14:43:48.674441","1500","47.74.8.123","80","100.64.0.2","53650","1448","616520282","864443444","2397092484","3340072596"
"14:43:48.734704","1500","47.74.8.123","80","100.64.0.2","53650","1448","616521730","864443444","2397092544","3340072656"
"14:43:48.754737","1500","47.74.8.123","80","100.64.0.2","53650","1448","616523178","864443444","2397092564","3340072676"
"14:43:48.774725","1500","47.74.8.123","80","100.64.0.2","53650","1448","616524626","864443444","2397092584","3340072696"
"14:43:48.794790","1500","47.74.8.123","80","100.64.0.2","53650","1448","616526074","864443444","2397092604","3340072717"
"14:43:48.834955","1500","47.74.8.123","80","100.64.0.2","53650","1448","616527522","864443444","2397092644","3340072757"
"14:43:48.854934","1500","47.74.8.123","80","100.64.0.2","53650","1448","616528970","864443444","2397092664","3340072777"
"14:43:48.874936","1500","47.74.8.123","80","100.64.0.2","53650","1448","616530418","864443444","2397092684","3340072797"
"14:43:48.874949","1500","47.74.8.123","80","100.64.0.2","53650","1448","616531866","864443444","2397092684","3340072797"
"14:43:48.894022","1500","47.74.8.123","80","100.64.0.2","53650","1448","616533314","864443444","2397092703","3340072817"
"14:43:48.934220","1500","47.74.8.123","80","100.64.0.2","53650","1448","616534762","864443444","2397092743","3340072856"
"14:43:48.954154","1500","47.74.8.123","80","100.64.0.2","53650","1448","616536210","864443444","2397092763","3340072876"
"14:43:48.974177","1500","47.74.8.123","80","100.64.0.2","53650","1448","616537658","864443444","2397092783","3340072896"
"14:43:48.994295","1500","47.74.8.123","80","100.64.0.2","53650","1448","616539106","864443444","2397092803","3340072916"
"14:43:48.994305","1500","47.74.8.123","80","100.64.0.2","53650","1448","616540554","864443444","2397092803","3340072916"
"14:43:49.014337","1500","47.74.8.123","80","100.64.0.2","53650","1448","616542002","864443444","2397092823","3340072936"
"14:43:49.034427","1500","47.74.8.123","80","100.64.0.2","53650","1448","616543450","864443444","2397092843","3340072956"
"14:43:49.054367","1500","47.74.8.123","80","100.64.0.2","53650","1448","616544898","864443444","2397092863","3340072976"
"14:43:49.074398","1500","47.74.8.123","80","100.64.0.2","53650","1448","616546346","864443444","2397092883","3340072996"
"14:43:49.094500","1500","47.74.8.123","80","100.64.0.2","53650","1448","616547794","864443444","2397092904","3340073016"
"14:43:49.114607","1500","47.74.8.123","80","100.64.0.2","53650","1448","616549242","864443444","2397092924","3340073036"
"14:43:49.114619","1500","47.74.8.123","80","100.64.0.2","53650","1448","616550690","864443444","2397092924","3340073036"
"14:43:49.134625","1500","47.74.8.123","80","100.64.0.2","53650","1448","616552138","864443444","2397092944","3340073056"
"14:43:49.154566","1500","47.74.8.123","80","100.64.0.2","53650","1448","616553586","864443444","2397092964","3340073076"
"14:43:49.174600","1500","47.74.8.123","80","100.64.0.2","53650","1448","616555034","864443444","2397092984","3340073096"
"14:43:49.194700","1500","47.74.8.123","80","100.64.0.2","53650","1448","616556482","864443444","2397093004","3340073116"
"14:43:49.214887","1500","47.74.8.123","80","100.64.0.2","53650","1448","616557930","864443444","2397093024","3340073137"
"14:43:49.234871","1500","47.74.8.123","80","100.64.0.2","53650","1448","616559378","864443444","2397093044","3340073157"
"14:43:49.254816","1500","47.74.8.123","80","100.64.0.2","53650","1448","616560826","864443444","2397093064","3340073177"
"14:43:49.254828","1500","47.74.8.123","80","100.64.0.2","53650","1448","616562274","864443444","2397093064","3340073177"
"14:43:49.274796","1500","47.74.8.123","80","100.64.0.2","53650","1448","616563722","864443444","2397093084","3340073197"
"14:43:49.294899","1500","47.74.8.123","80","100.64.0.2","53650","1448","616565170","864443444","2397093104","3340073217"
"14:43:49.314084","1500","47.74.8.123","80","100.64.0.2","53650","1448","616566618","864443444","2397093123","3340073236"
"14:43:49.334078","1500","47.74.8.123","80","100.64.0.2","53650","1448","616568066","864443444","2397093143","3340073256"
"14:43:49.354051","1500","47.74.8.123","80","100.64.0.2","53650","1448","616569514","864443444","2397093163","3340073277"
"14:43:49.374026","1500","47.74.8.123","80","100.64.0.2","53650","1448","616570962","864443444","2397093183","3340073297"
"14:43:49.394129","1500","47.74.8.123","80","100.64.0.2","53650","1448","616572410","864443444","2397093203","3340073316"
"14:43:49.414279","1500","47.74.8.123","80","100.64.0.2","53650","1448","616573858","864443444","2397093223","3340073336"
"14:43:49.434266","1500","47.74.8.123","80","100.64.0.2","53650","1448","616575306","864443444","2397093243","3340073356"
"14:43:49.454241","1500","47.74.8.123","80","100.64.0.2","53650","1448","616562274","864443444","2397093263","3340073376"
"14:43:49.494354","1500","47.74.8.123","80","100.64.0.2","53650","1448","616576754","864443444","2397093303","3340073416"
"14:43:49.554434","1500","47.74.8.123","80","100.64.0.2","53650","1448","616578202","864443444","2397093364","3340073476"
"14:43:49.574493","1500","47.74.8.123","80","100.64.0.2","53650","1448","616579650","864443444","2397093384","3340073496"
"14:43:49.594555","1500","47.74.8.123","80","100.64.0.2","53650","1448","616581098","864443444","2397093404","3340073516"
"14:43:49.614635","1500","47.74.8.123","80","100.64.0.2","53650","1448","616582546","864443444","2397093424","3340073536"
"14:43:49.654671","1500","47.74.8.123","80","100.64.0.2","53650","1448","616583994","864443444","2397093464","3340073576"
"14:43:49.674727","1500","47.74.8.123","80","100.64.0.2","53650","1448","616585442","864443444","2397093484","3340073596"
"14:43:49.694781","1500","47.74.8.123","80","100.64.0.2","53650","1448","616586890","864443444","2397093504","3340073616"
"14:43:49.694795","1500","47.74.8.123","80","100.64.0.2","53650","1448","616588338","864443444","2397093504","3340073616"
"14:43:49.714869","1500","47.74.8.123","80","100.64.0.2","53650","1448","616589786","864443444","2397093524","3340073637"
"14:43:49.754930","1500","47.74.8.123","80","100.64.0.2","53650","1448","616591234","864443444","2397093564","3340073677"
"14:43:49.775007","1500","47.74.8.123","80","100.64.0.2","53650","1448","616592682","864443444","2397093584","3340073697"
"14:43:49.794052","1500","47.74.8.123","80","100.64.0.2","53650","1448","616594130","864443444","2397093603","3340073717"
"14:43:49.814109","1500","47.74.8.123","80","100.64.0.2","53650","1448","616595578","864443444","2397093623","3340073736"
"14:43:49.814120","1500","47.74.8.123","80","100.64.0.2","53650","1448","616597026","864443444","2397093623","3340073736"
"14:43:49.854162","1500","47.74.8.123","80","100.64.0.2","53650","1448","616598474","864443444","2397093663","3340073776"
"14:43:49.854175","1500","47.74.8.123","80","100.64.0.2","53650","1448","616599922","864443444","2397093663","3340073776"
"14:43:49.894323","1500","47.74.8.123","80","100.64.0.2","53650","1448","616601370","864443444","2397093703","3340073816"
"14:43:49.894335","1500","47.74.8.123","80","100.64.0.2","53650","1448","616602818","864443444","2397093703","3340073816"
"14:43:49.934484","1500","47.74.8.123","80","100.64.0.2","53650","1448","616604266","864443444","2397093744","3340073856"
"14:43:49.934495","1500","47.74.8.123","80","100.64.0.2","53650","1448","616605714","864443444","2397093744","3340073856"
"14:43:49.974498","1500","47.74.8.123","80","100.64.0.2","53650","1448","616607162","864443444","2397093784","3340073896"
"14:43:49.974511","1500","47.74.8.123","80","100.64.0.2","53650","1448","616608610","864443444","2397093784","3340073896"
"14:43:50.014651","1500","47.74.8.123","80","100.64.0.2","53650","1448","616610058","864443444","2397093824","3340073936"
"14:43:50.014663","1500","47.74.8.123","80","100.64.0.2","53650","1448","616611506","864443444","2397093824","3340073936"
"14:43:50.054807","1500","47.74.8.123","80","100.64.0.2","53650","1448","616612954","864443444","2397093864","3340073977"
"14:43:50.054822","1500","47.74.8.123","80","100.64.0.2","53650","1448","616614402","864443444","2397093864","3340073977"
"14:43:50.094832","1500","47.74.8.123","80","100.64.0.2","53650","1448","616615850","864443444","2397093904","3340074017"
"14:43:50.094843","1500","47.74.8.123","80","100.64.0.2","53650","1448","616617298","864443444","2397093904","3340074017"
"14:43:50.135010","1500","47.74.8.123","80","100.64.0.2","53650","1448","616618746","864443444","2397093944","3340074057"
"14:43:50.135024","1500","47.74.8.123","80","100.64.0.2","53650","1448","616620194","864443444","2397093944","3340074057"
"14:43:50.174199","1500","47.74.8.123","80","100.64.0.2","53650","1448","616621642","864443444","2397093983","3340074096"
"14:43:50.174212","1500","47.74.8.123","80","100.64.0.2","53650","1448","616623090","864443444","2397093983","3340074096"
"14:43:50.214251","1500","47.74.8.123","80","100.64.0.2","53650","1448","616624538","864443444","2397094023","3340074136"
"14:43:50.214263","1500","47.74.8.123","80","100.64.0.2","53650","1448","616625986","864443444","2397094023","3340074136"
"14:43:50.254376","1500","47.74.8.123","80","100.64.0.2","53650","1448","616627434","864443444","2397094063","3340074176"
"14:43:50.254388","1500","47.74.8.123","80","100.64.0.2","53650","1448","616628882","864443444","2397094063","3340074176"
"14:43:50.294537","1500","47.74.8.123","80","100.64.0.2","53650","1448","616630330","864443444","2397094104","3340074216"
"14:43:50.294549","1500","47.74.8.123","80","100.64.0.2","53650","1448","616631778","864443444","2397094104","3340074216"
"14:43:50.334656","1500","47.74.8.123","80","100.64.0.2","53650","1448","616633226","864443444","2397094144","3340074256"
"14:43:50.334669","1500","47.74.8.123","80","100.64.0.2","53650","1448","616634674","864443444","2397094144","3340074256"
"14:43:50.334674","1500","47.74.8.123","80","100.64.0.2","53650","1448","616636122","864443444","2397094144","3340074256"
"14:43:50.334678","1500","47.74.8.123","80","100.64.0.2","53650","1448","616637570","864443444","2397094144","3340074256"
"14:43:50.374736","1500","47.74.8.123","80","100.64.0.2","53650","1448","616639018","864443444","2397094184","3340074296"
"14:43:50.374748","1500","47.74.8.123","80","100.64.0.2","53650","1448","616640466","864443444","2397094184","3340074296"
"14:43:50.414874","1500","47.74.8.123","80","100.64.0.2","53650","1448","616641914","864443444","2397094224","3340074337"
"14:43:50.414888","1500","47.74.8.123","80","100.64.0.2","53650","1448","616643362","864443444","2397094224","3340074337"
"14:43:50.453010","1500","47.74.8.123","80","100.64.0.2","53650","1448","616644810","864443444","2397094263","3340074377"
"14:43:50.454087","1500","47.74.8.123","80","100.64.0.2","53650","1448","616646258","864443444","2397094263","3340074377"
"14:43:50.494059","1500","47.74.8.123","80","100.64.0.2","53650","1448","616647706","864443444","2397094303","3340074417"
"14:43:50.514121","1500","47.74.8.123","80","100.64.0.2","53650","1448","616649154","864443444","2397094323","3340074436"
"14:43:50.534190","1500","47.74.8.123","80","100.64.0.2","53650","1448","616650602","864443444","2397094343","3340074456"
"14:43:50.554356","1500","47.74.8.123","80","100.64.0.2","53650","1448","616637570","864443444","2397094363","3340074476"
"14:43:50.594277","1500","47.74.8.123","80","100.64.0.2","53650","1448","616652050","864443444","2397094403","3340074516"
"14:43:50.654601","1500","47.74.8.123","80","100.64.0.2","53650","1448","616653498","864443444","2397094464","3340074576"
"14:43:50.674699","1500","47.74.8.123","80","100.64.0.2","53650","1448","616654946","864443444","2397094484","3340074596"
"14:43:50.674713","1500","47.74.8.123","80","100.64.0.2","53650","1448","616656394","864443444","2397094484","3340074596"
"14:43:50.734803","1500","47.74.8.123","80","100.64.0.2","53650","1448","616657842","864443444","2397094544","3340074659"
"14:43:50.775049","1500","47.74.8.123","80","100.64.0.2","53650","1448","616659290","864443444","2397094584","3340074697"
"14:43:50.775063","1500","47.74.8.123","80","100.64.0.2","53650","1448","616660738","864443444","2397094584","3340074697"
"14:43:50.794074","1500","47.74.8.123","80","100.64.0.2","53650","1448","616662186","864443444","2397094603","3340074717"
"14:43:50.874545","1500","47.74.8.123","80","100.64.0.2","53650","1448","616663634","864443444","2397094684","3340074796"
"14:43:50.874561","1500","47.74.8.123","80","100.64.0.2","53650","1448","616665082","864443444","2397094684","3340074796"
"14:43:50.894339","1500","47.74.8.123","80","100.64.0.2","53650","1448","616666530","864443444","2397094703","3340074816"
"14:43:50.894350","1500","47.74.8.123","80","100.64.0.2","53650","1448","616667978","864443444","2397094703","3340074816"
"14:43:50.954841","1500","47.74.8.123","80","100.64.0.2","53650","1448","616669426","864443444","2397094764","3340074887"
"14:43:50.994602","1500","47.74.8.123","80","100.64.0.2","53650","1448","616670874","864443444","2397094804","3340074916"
"14:43:50.994614","1500","47.74.8.123","80","100.64.0.2","53650","1448","616672322","864443444","2397094804","3340074916"
"14:43:51.034766","1500","47.74.8.123","80","100.64.0.2","53650","1448","616673770","864443444","2397094844","3340074956"
"14:43:51.034782","1500","47.74.8.123","80","100.64.0.2","53650","1448","616675218","864443444","2397094844","3340074956"
"14:43:51.094940","1500","47.74.8.123","80","100.64.0.2","53650","1448","616676666","864443444","2397094904","3340075017"
"14:43:51.094954","1500","47.74.8.123","80","100.64.0.2","53650","1448","616678114","864443444","2397094904","3340075017"
"14:43:51.114032","1500","47.74.8.123","80","100.64.0.2","53650","1448","616679562","864443444","2397094923","3340075037"
"14:43:51.114044","1500","47.74.8.123","80","100.64.0.2","53650","1448","616681010","864443444","2397094923","3340075037"
"14:43:51.154161","1500","47.74.8.123","80","100.64.0.2","53650","1448","616682458","864443444","2397094963","3340075076"
"14:43:51.154178","1500","47.74.8.123","80","100.64.0.2","53650","1448","616683906","864443444","2397094963","3340075076"
"14:43:51.214388","1500","47.74.8.123","80","100.64.0.2","53650","1448","616685354","864443444","2397095023","3340075136"
"14:43:51.214401","1500","47.74.8.123","80","100.64.0.2","53650","1448","616686802","864443444","2397095023","3340075136"
"14:43:51.254527","1500","47.74.8.123","80","100.64.0.2","53650","1448","616688250","864443444","2397095064","3340075176"
"14:43:51.254542","1500","47.74.8.123","80","100.64.0.2","53650","1448","616689698","864443444","2397095064","3340075176"
"14:43:51.294732","1500","47.74.8.123","80","100.64.0.2","53650","1448","616691146","864443444","2397095104","3340075216"
"14:43:51.294746","1500","47.74.8.123","80","100.64.0.2","53650","1448","616692594","864443444","2397095104","3340075216"
"14:43:51.334760","1500","47.74.8.123","80","100.64.0.2","53650","1448","616694042","864443444","2397095144","3340075256"
"14:43:51.334789","1500","47.74.8.123","80","100.64.0.2","53650","1448","616695490","864443444","2397095144","3340075256"
"14:43:51.374992","1500","47.74.8.123","80","100.64.0.2","53650","1448","616696938","864443444","2397095184","3340075297"
"14:43:51.375004","1500","47.74.8.123","80","100.64.0.2","53650","1448","616698386","864443444","2397095184","3340075297"
"14:43:51.414105","1500","47.74.8.123","80","100.64.0.2","53650","1448","616699834","864443444","2397095223","3340075337"
"14:43:51.414117","1500","47.74.8.123","80","100.64.0.2","53650","1448","616701282","864443444","2397095223","3340075337"
"14:43:51.454151","1500","47.74.8.123","80","100.64.0.2","53650","1448","616702730","864443444","2397095263","3340075376"
"14:43:51.454163","1500","47.74.8.123","80","100.64.0.2","53650","1448","616704178","864443444","2397095263","3340075376"
"14:43:51.494389","1500","47.74.8.123","80","100.64.0.2","53650","1448","616705626","864443444","2397095303","3340075416"
"14:43:51.494401","1500","47.74.8.123","80","100.64.0.2","53650","1448","616707074","864443444","2397095303","3340075416"
"14:43:51.534491","1500","47.74.8.123","80","100.64.0.2","53650","1448","616708522","864443444","2397095344","3340075456"
"14:43:51.534502","1500","47.74.8.123","80","100.64.0.2","53650","1448","616709970","864443444","2397095344","3340075456"
"14:43:51.574509","1500","47.74.8.123","80","100.64.0.2","53650","1448","616711418","864443444","2397095384","3340075496"
"14:43:51.574520","1500","47.74.8.123","80","100.64.0.2","53650","1448","616712866","864443444","2397095384","3340075496"
"14:43:51.614702","1500","47.74.8.123","80","100.64.0.2","53650","1448","616714314","864443444","2397095424","3340075536"
"14:43:51.614713","1500","47.74.8.123","80","100.64.0.2","53650","1448","616715762","864443444","2397095424","3340075536"
"14:43:51.614718","1500","47.74.8.123","80","100.64.0.2","53650","1448","616717210","864443444","2397095424","3340075536"
"14:43:51.614722","1500","47.74.8.123","80","100.64.0.2","53650","1448","616718658","864443444","2397095424","3340075536"
"14:43:51.654824","1500","47.74.8.123","80","100.64.0.2","53650","1448","616720106","864443444","2397095464","3340075577"
"14:43:51.654836","1500","47.74.8.123","80","100.64.0.2","53650","1448","616721554","864443444","2397095464","3340075577"
"14:43:51.694911","1500","47.74.8.123","80","100.64.0.2","53650","1448","616723002","864443444","2397095504","3340075617"
"14:43:51.694922","1500","47.74.8.123","80","100.64.0.2","53650","1448","616724450","864443444","2397095504","3340075617"
"14:43:51.734110","1500","47.74.8.123","80","100.64.0.2","53650","1448","616725898","864443444","2397095543","3340075657"
"14:43:51.734122","1500","47.74.8.123","80","100.64.0.2","53650","1448","616727346","864443444","2397095543","3340075657"
"14:43:51.774208","702","47.74.8.123","80","100.64.0.2","53650","650","616728794","864443444","2397095583","3340075696"
"14:43:51.834389","1500","47.74.8.123","80","100.64.0.2","53650","1448","616718658","864443444","2397095643","3340075756"
"14:43:51.935238","52","47.74.8.123","80","100.64.0.2","53650","0","616729444","864443590","2397095744","3340075858"
"14:43:51.935253","1500","47.74.8.123","80","100.64.0.2","53650","1448","616729444","864443590","2397095744","3340075858"
"14:43:51.935258","1500","47.74.8.123","80","100.64.0.2","53650","1448","616730892","864443590","2397095744","3340075858"
"14:43:51.935263","1500","47.74.8.123","80","100.64.0.2","53650","1448","616732340","864443590","2397095744","3340075858"
"14:43:51.935267","1500","47.74.8.123","80","100.64.0.2","53650","1448","616733788","864443590","2397095744","3340075858"
"14:43:52.074774","1500","47.74.8.123","80","100.64.0.2","53650","1448","616735236","864443590","2397095884","3340075996"
"14:43:52.074788","1500","47.74.8.123","80","100.64.0.2","53650","1448","616736684","864443590","2397095884","3340075996"
"14:43:52.134783","1500","47.74.8.123","80","100.64.0.2","53650","1448","616738132","864443590","2397095944","3340076059"
"14:43:52.174015","1500","47.74.8.123","80","100.64.0.2","53650","1448","616739580","864443590","2397095983","3340076097"
"14:43:52.194083","1500","47.74.8.123","80","100.64.0.2","53650","1448","616741028","864443590","2397096003","3340076116"
"14:43:52.234014","1500","47.74.8.123","80","100.64.0.2","53650","1448","616733788","864443590","2397096043","3340076157"
"14:43:52.294313","1500","47.74.8.123","80","100.64.0.2","53650","1448","616742476","864443590","2397096103","3340076216"
"14:43:52.334279","1500","47.74.8.123","80","100.64.0.2","53650","1448","616743924","864443590","2397096143","3340076256"
"14:43:52.434679","1500","47.74.8.123","80","100.64.0.2","53650","1448","616745372","864443590","2397096244","3340076356"
"14:43:52.434694","1500","47.74.8.123","80","100.64.0.2","53650","1448","616746820","864443590","2397096244","3340076356"
"14:43:52.554155","1500","47.74.8.123","80","100.64.0.2","53650","1448","616748268","864443590","2397096363","3340076477"
"14:43:52.554169","1500","47.74.8.123","80","100.64.0.2","53650","1448","616749716","864443590","2397096363","3340076477"
"14:43:52.554174","1500","47.74.8.123","80","100.64.0.2","53650","1448","616751164","864443590","2397096363","3340076477"
"14:43:52.674594","1500","47.74.8.123","80","100.64.0.2","53650","1448","616752612","864443590","2397096484","3340076596"
"14:43:52.674611","1500","47.74.8.123","80","100.64.0.2","53650","1448","616754060","864443590","2397096484","3340076596"
"14:43:52.734815","1500","47.74.8.123","80","100.64.0.2","53650","1448","616755508","864443590","2397096544","3340076663"
"14:43:52.795001","1500","47.74.8.123","80","100.64.0.2","53650","1448","616756956","864443590","2397096604","3340076717"
"14:43:52.795014","1500","47.74.8.123","80","100.64.0.2","53650","1448","616758404","864443590","2397096604","3340076717"
"14:43:52.795019","1500","47.74.8.123","80","100.64.0.2","53650","1448","616759852","864443590","2397096604","3340076717"
"14:43:52.894330","1500","47.74.8.123","80","100.64.0.2","53650","1448","616761300","864443590","2397096703","3340076816"
"14:43:52.894345","1500","47.74.8.123","80","100.64.0.2","53650","1448","616762748","864443590","2397096703","3340076816"
"14:43:52.914405","1500","47.74.8.123","80","100.64.0.2","53650","1448","616764196","864443590","2397096723","3340076836"
"14:43:52.974734","1500","47.74.8.123","80","100.64.0.2","53650","1448","616765644","864443590","2397096784","3340076911"
"14:43:53.014667","1500","47.74.8.123","80","100.64.0.2","53650","1448","616767092","864443590","2397096824","3340076936"
"14:43:53.014680","1500","47.74.8.123","80","100.64.0.2","53650","1448","616768540","864443590","2397096824","3340076936"
"14:43:53.074018","1500","47.74.8.123","80","100.64.0.2","53650","1448","616769988","864443590","2397096883","3340076997"
"14:43:53.074034","1500","47.74.8.123","80","100.64.0.2","53650","1448","616771436","864443590","2397096883","3340076997"
"14:43:53.074039","1500","47.74.8.123","80","100.64.0.2","53650","1448","616772884","864443590","2397096883","3340076997"
"14:43:53.133009","1500","47.74.8.123","80","100.64.0.2","53650","1448","616774332","864443590","2397096943","3340077057"
"14:43:53.134089","1500","47.74.8.123","80","100.64.0.2","53650","1448","616775780","864443590","2397096943","3340077057"
"14:43:53.195271","1500","47.74.8.123","80","100.64.0.2","53650","1448","616777228","864443590","2397097004","3340077116"
"14:43:53.195282","1500","47.74.8.123","80","100.64.0.2","53650","1448","616778676","864443590","2397097004","3340077116"
"14:43:53.234383","1500","47.74.8.123","80","100.64.0.2","53650","1448","616780124","864443590","2397097043","3340077156"
"14:43:53.234398","1500","47.74.8.123","80","100.64.0.2","53650","1448","616781572","864443590","2397097043","3340077156"
"14:43:53.254514","1500","47.74.8.123","80","100.64.0.2","53650","1448","616783020","864443590","2397097064","3340077176"
"14:43:53.254527","1500","47.74.8.123","80","100.64.0.2","53650","1448","616784468","864443590","2397097064","3340077176"
"14:43:53.314603","1500","47.74.8.123","80","100.64.0.2","53650","1448","616785916","864443590","2397097124","3340077236"
"14:43:53.314616","1500","47.74.8.123","80","100.64.0.2","53650","1448","616787364","864443590","2397097124","3340077236"
"14:43:53.354773","1500","47.74.8.123","80","100.64.0.2","53650","1448","616788812","864443590","2397097164","3340077276"
"14:43:53.354785","1500","47.74.8.123","80","100.64.0.2","53650","1448","616790260","864443590","2397097164","3340077276"
"14:43:53.394973","1500","47.74.8.123","80","100.64.0.2","53650","1448","616791708","864443590","2397097204","3340077317"
"14:43:53.394986","1500","47.74.8.123","80","100.64.0.2","53650","1448","616793156","864443590","2397097204","3340077317"
"14:43:53.434959","1500","47.74.8.123","80","100.64.0.2","53650","1448","616794604","864443590","2397097244","3340077357"
"14:43:53.434970","1500","47.74.8.123","80","100.64.0.2","53650","1448","616796052","864443590","2397097244","3340077357"
"14:43:53.474148","1500","47.74.8.123","80","100.64.0.2","53650","1448","616797500","864443590","2397097283","3340077397"
"14:43:53.474159","1500","47.74.8.123","80","100.64.0.2","53650","1448","616798948","864443590","2397097283","3340077397"
"14:43:53.514380","1500","47.74.8.123","80","100.64.0.2","53650","1448","616800396","864443590","2397097323","3340077436"
"14:43:53.514392","1500","47.74.8.123","80","100.64.0.2","53650","1448","616801844","864443590","2397097323","3340077436"
"14:43:53.554317","1500","47.74.8.123","80","100.64.0.2","53650","1448","616803292","864443590","2397097363","3340077476"
"14:43:53.554328","1500","47.74.8.123","80","100.64.0.2","53650","1448","616804740","864443590","2397097363","3340077476"
"14:43:53.594486","1500","47.74.8.123","80","100.64.0.2","53650","1448","616806188","864443590","2397097404","3340077516"
"14:43:53.594498","1500","47.74.8.123","80","100.64.0.2","53650","1448","616807636","864443590","2397097404","3340077516"
"14:43:53.634735","1500","47.74.8.123","80","100.64.0.2","53650","1448","616809084","864443590","2397097444","3340077556"
"14:43:53.634748","1500","47.74.8.123","80","100.64.0.2","53650","1448","616810532","864443590","2397097444","3340077556"
"14:43:53.674681","1500","47.74.8.123","80","100.64.0.2","53650","1448","616811980","864443590","2397097484","3340077596"
"14:43:53.674694","1500","47.74.8.123","80","100.64.0.2","53650","1448","616813428","864443590","2397097484","3340077596"
"14:43:53.714855","1500","47.74.8.123","80","100.64.0.2","53650","1448","616814876","864443590","2397097524","3340077637"
"14:43:53.714867","1500","47.74.8.123","80","100.64.0.2","53650","1448","616816324","864443590","2397097524","3340077637"
"14:43:53.754110","1500","47.74.8.123","80","100.64.0.2","53650","1448","616817772","864443590","2397097563","3340077677"
"14:43:53.754123","1500","47.74.8.123","80","100.64.0.2","53650","1448","616819220","864443590","2397097563","3340077677"
"14:43:53.794111","1500","47.74.8.123","80","100.64.0.2","53650","1448","616820668","864443590","2397097603","3340077717"
"14:43:53.794125","1500","47.74.8.123","80","100.64.0.2","53650","1448","616822116","864443590","2397097603","3340077717"
"14:43:53.794129","1500","47.74.8.123","80","100.64.0.2","53650","1448","616823564","864443590","2397097603","3340077717"
"14:43:53.794151","1500","47.74.8.123","80","100.64.0.2","53650","1448","616825012","864443590","2397097603","3340077717"
"14:43:53.834256","1500","47.74.8.123","80","100.64.0.2","53650","1448","616826460","864443590","2397097643","3340077756"
"14:43:53.834269","1500","47.74.8.123","80","100.64.0.2","53650","1448","616827908","864443590","2397097643","3340077756"
"14:43:53.874528","1500","47.74.8.123","80","100.64.0.2","53650","1448","616829356","864443590","2397097684","3340077796"
"14:43:53.874540","1500","47.74.8.123","80","100.64.0.2","53650","1448","616830804","864443590","2397097684","3340077796"
"14:43:53.914558","1500","47.74.8.123","80","100.64.0.2","53650","1448","616832252","864443590","2397097724","3340077836"
"14:43:53.914569","1500","47.74.8.123","80","100.64.0.2","53650","1448","616833700","864443590","2397097724","3340077836"
"14:43:53.954578","1500","47.74.8.123","80","100.64.0.2","53650","1448","616835148","864443590","2397097764","3340077876"
"14:43:53.974724","1500","47.74.8.123","80","100.64.0.2","53650","1448","616836596","864443590","2397097784","3340077897"
"14:43:53.994849","1500","47.74.8.123","80","100.64.0.2","53650","1448","616838044","864443590","2397097804","3340077917"
"14:43:54.014776","1500","47.74.8.123","80","100.64.0.2","53650","1448","616825012","864443590","2397097824","3340077937"
"14:43:54.054742","1500","47.74.8.123","80","100.64.0.2","53650","1448","616839492","864443590","2397097864","3340077977"
"14:43:54.114989","1500","47.74.8.123","80","100.64.0.2","53650","1448","616840940","864443590","2397097924","3340078037"
"14:43:54.133005","1500","47.74.8.123","80","100.64.0.2","53650","1448","616842388","864443590","2397097943","3340078057"
"14:43:54.134086","1500","47.74.8.123","80","100.64.0.2","53650","1448","616843836","864443590","2397097943","3340078057"
"14:43:54.194807","1500","47.74.8.123","80","100.64.0.2","53650","1448","616845284","864443590","2397098004","3340078119"
"14:43:54.234378","1500","47.74.8.123","80","100.64.0.2","53650","1448","616846732","864443590","2397098043","3340078156"
"14:43:54.234391","1500","47.74.8.123","80","100.64.0.2","53650","1448","616848180","864443590","2397098043","3340078156"
"14:43:54.254386","1500","47.74.8.123","80","100.64.0.2","53650","1448","616849628","864443590","2397098064","3340078176"
"14:43:54.334683","1500","47.74.8.123","80","100.64.0.2","53650","1448","616851076","864443590","2397098144","3340078256"
"14:43:54.334696","1500","47.74.8.123","80","100.64.0.2","53650","1448","616852524","864443590","2397098144","3340078256"
"14:43:54.354630","1500","47.74.8.123","80","100.64.0.2","53650","1448","616853972","864443590","2397098164","3340078276"
"14:43:54.354641","1500","47.74.8.123","80","100.64.0.2","53650","1448","616855420","864443590","2397098164","3340078276"
"14:43:54.414769","1500","47.74.8.123","80","100.64.0.2","53650","1448","616856868","864443590","2397098224","3340078347"
"14:43:54.454919","1500","47.74.8.123","80","100.64.0.2","53650","1448","616858316","864443590","2397098264","3340078377"
"14:43:54.454931","1500","47.74.8.123","80","100.64.0.2","53650","1448","616859764","864443590","2397098264","3340078377"
"14:43:54.494127","1500","47.74.8.123","80","100.64.0.2","53650","1448","616861212","864443590","2397098303","3340078417"
"14:43:54.494148","1500","47.74.8.123","80","100.64.0.2","53650","1448","616862660","864443590","2397098303","3340078417"
"14:43:54.554277","1500","47.74.8.123","80","100.64.0.2","53650","1448","616864108","864443590","2397098363","3340078476"
"14:43:54.554291","1500","47.74.8.123","80","100.64.0.2","53650","1448","616865556","864443590","2397098363","3340078476"
"14:43:54.574289","1500","47.74.8.123","80","100.64.0.2","53650","1448","616867004","864443590","2397098383","3340078496"
"14:43:54.574300","1500","47.74.8.123","80","100.64.0.2","53650","1448","616868452","864443590","2397098383","3340078496"
"14:43:54.614498","1500","47.74.8.123","80","100.64.0.2","53650","1448","616869900","864443590","2397098424","3340078536"
"14:43:54.614511","1500","47.74.8.123","80","100.64.0.2","53650","1448","616871348","864443590","2397098424","3340078536"
"14:43:54.674561","1500","47.74.8.123","80","100.64.0.2","53650","1448","616872796","864443590","2397098484","3340078596"
"14:43:54.674574","1500","47.74.8.123","80","100.64.0.2","53650","1448","616874244","864443590","2397098484","3340078596"
"14:43:54.714764","1500","47.74.8.123","80","100.64.0.2","53650","1448","616875692","864443590","2397098524","3340078636"
"14:43:54.714779","1500","47.74.8.123","80","100.64.0.2","53650","1448","616877140","864443590","2397098524","3340078636"
"14:43:54.754943","1500","47.74.8.123","80","100.64.0.2","53650","1448","616878588","864443590","2397098564","3340078677"
"14:43:54.754955","1500","47.74.8.123","80","100.64.0.2","53650","1448","616880036","864443590","2397098564","3340078677"
"14:43:54.794967","1500","47.74.8.123","80","100.64.0.2","53650","1448","616881484","864443590","2397098604","3340078717"
"14:43:54.794980","1500","47.74.8.123","80","100.64.0.2","53650","1448","616882932","864443590","2397098604","3340078717"
"14:43:54.834244","1500","47.74.8.123","80","100.64.0.2","53650","1448","616884380","864443590","2397098643","3340078756"
"14:43:54.834256","1500","47.74.8.123","80","100.64.0.2","53650","1448","616885828","864443590","2397098643","3340078756"
"14:43:54.874317","1500","47.74.8.123","80","100.64.0.2","53650","1448","616887276","864443590","2397098683","3340078796"
"14:43:54.874330","1500","47.74.8.123","80","100.64.0.2","53650","1448","616888724","864443590","2397098683","3340078796"
"14:43:54.874335","1500","47.74.8.123","80","100.64.0.2","53650","1448","616890172","864443590","2397098683","3340078796"
"14:43:54.914386","1500","47.74.8.123","80","100.64.0.2","53650","1448","616891620","864443590","2397098723","3340078836"
"14:43:54.914398","1500","47.74.8.123","80","100.64.0.2","53650","1448","616893068","864443590","2397098723","3340078836"
"14:43:54.954601","1500","47.74.8.123","80","100.64.0.2","53650","1448","616894516","864443590","2397098764","3340078876"
"14:43:54.954613","1500","47.74.8.123","80","100.64.0.2","53650","1448","616895964","864443590","2397098764","3340078876"
"14:43:54.994686","1500","47.74.8.123","80","100.64.0.2","53650","1448","616897412","864443590","2397098804","3340078916"
"14:43:54.994699","1500","47.74.8.123","80","100.64.0.2","53650","1448","616898860","864443590","2397098804","3340078916"
"14:43:55.034721","1500","47.74.8.123","80","100.64.0.2","53650","1448","616900308","864443590","2397098844","3340078956"
"14:43:55.034733","1500","47.74.8.123","80","100.64.0.2","53650","1448","616901756","864443590","2397098844","3340078956"
"14:43:55.054854","1500","47.74.8.123","80","100.64.0.2","53650","1448","616903204","864443590","2397098864","3340078977"
"14:43:55.054867","1500","47.74.8.123","80","100.64.0.2","53650","1448","616904652","864443590","2397098864","3340078977"
"14:43:55.094965","1500","47.74.8.123","80","100.64.0.2","53650","1448","616906100","864443590","2397098904","3340079017"
"14:43:55.094977","1500","47.74.8.123","80","100.64.0.2","53650","1448","616907548","864443590","2397098904","3340079017"
"14:43:55.134092","1500","47.74.8.123","80","100.64.0.2","53650","1448","616908996","864443590","2397098943","3340079057"
"14:43:55.134105","1500","47.74.8.123","80","100.64.0.2","53650","1448","616910444","864443590","2397098943","3340079057"
"14:43:55.174304","1500","47.74.8.123","80","100.64.0.2","53650","1448","616911892","864443590","2397098983","3340079096"
"14:43:55.174316","1500","47.74.8.123","80","100.64.0.2","53650","1448","616913340","864443590","2397098983","3340079096"
"14:43:55.214306","1500","47.74.8.123","80","100.64.0.2","53650","1448","616914788","864443590","2397099023","3340079136"
"14:43:55.234324","1500","47.74.8.123","80","100.64.0.2","53650","1448","616916236","864443590","2397099043","3340079156"
"14:43:55.254404","1500","47.74.8.123","80","100.64.0.2","53650","1448","616917684","864443590","2397099063","3340079176"
"14:43:55.274551","1500","47.74.8.123","80","100.64.0.2","53650","1448","616904652","864443590","2397099084","3340079196"
"14:43:55.314492","1500","47.74.8.123","80","100.64.0.2","53650","1448","616919132","864443590","2397099124","3340079236"
"14:43:55.374770","1500","47.74.8.123","80","100.64.0.2","53650","1448","616920580","864443590","2397099184","3340079296"
"14:43:55.394880","1500","47.74.8.123","80","100.64.0.2","53650","1448","616922028","864443590","2397099204","3340079317"
"14:43:55.394890","1500","47.74.8.123","80","100.64.0.2","53650","1448","616923476","864443590","2397099204","3340079317"
"14:43:55.474049","1500","47.74.8.123","80","100.64.0.2","53650","1448","616924924","864443590","2397099283","3340079397"
"14:43:55.474063","1500","47.74.8.123","80","100.64.0.2","53650","1448","616926372","864443590","2397099283","3340079397"
"14:43:55.514301","1500","47.74.8.123","80","100.64.0.2","53650","1448","616927820","864443590","2397099323","3340079436"
"14:43:55.514311","1500","47.74.8.123","80","100.64.0.2","53650","1448","616929268","864443590","2397099323","3340079436"
"14:43:55.594453","1500","47.74.8.123","80","100.64.0.2","53650","1448","616930716","864443590","2397099403","3340079516"
"14:43:55.594464","1500","47.74.8.123","80","100.64.0.2","53650","1448","616932164","864443590","2397099403","3340079516"
"14:43:55.634630","1500","47.74.8.123","80","100.64.0.2","53650","1448","616933612","864443590","2397099444","3340079556"
"14:43:55.634642","1500","47.74.8.123","80","100.64.0.2","53650","1448","616935060","864443590","2397099444","3340079556"
"14:43:55.634647","1500","47.74.8.123","80","100.64.0.2","53650","1448","616936508","864443590","2397099444","3340079556"
"14:43:55.714826","1500","47.74.8.123","80","100.64.0.2","53650","1448","616937956","864443590","2397099524","3340079637"
"14:43:55.714840","1500","47.74.8.123","80","100.64.0.2","53650","1448","616939404","864443590","2397099524","3340079637"
"14:43:55.754046","1500","47.74.8.123","80","100.64.0.2","53650","1448","616940852","864443590","2397099563","3340079677"
"14:43:55.754061","1500","47.74.8.123","80","100.64.0.2","53650","1448","616942300","864443590","2397099563","3340079677"
"14:43:55.814118","1500","47.74.8.123","80","100.64.0.2","53650","1448","616943748","864443590","2397099623","3340079737"
"14:43:55.814131","1500","47.74.8.123","80","100.64.0.2","53650","1448","616945196","864443590","2397099623","3340079737"
"14:43:55.834210","1500","47.74.8.123","80","100.64.0.2","53650","1448","616946644","864443590","2397099643","3340079756"
"14:43:55.874453","1500","47.74.8.123","80","100.64.0.2","53650","1448","616948092","864443590","2397099683","3340079796"
"14:43:55.874468","1500","47.74.8.123","80","100.64.0.2","53650","1448","616949540","864443590","2397099683","3340079796"
"14:43:55.874473","1500","47.74.8.123","80","100.64.0.2","53650","1448","616950988","864443590","2397099683","3340079796"
"14:43:55.934492","1500","47.74.8.123","80","100.64.0.2","53650","1448","616952436","864443590","2397099744","3340079856"
"14:43:55.934504","1500","47.74.8.123","80","100.64.0.2","53650","1448","616953884","864443590","2397099744","3340079856"
"14:43:55.974720","1500","47.74.8.123","80","100.64.0.2","53650","1448","616955332","864443590","2397099784","3340079896"
"14:43:55.974733","1500","47.74.8.123","80","100.64.0.2","53650","1448","616956780","864443590","2397099784","3340079896"
"14:43:55.995613","1500","47.74.8.123","80","100.64.0.2","53650","1448","616958228","864443590","2397099805","3340079917"
"14:43:56.034796","1500","47.74.8.123","80","100.64.0.2","53650","1448","616959676","864443590","2397099844","3340079956"
"14:43:56.034808","1500","47.74.8.123","80","100.64.0.2","53650","1448","616961124","864443590","2397099844","3340079956"
"14:43:56.054820","1500","47.74.8.123","80","100.64.0.2","53650","1448","616962572","864443590","2397099864","3340079977"
"14:43:56.094823","1500","47.74.8.123","80","100.64.0.2","53650","1448","616964020","864443590","2397099904","3340080017"
"14:43:56.094834","1500","47.74.8.123","80","100.64.0.2","53650","1448","616965468","864443590","2397099904","3340080017"
"14:43:56.133009","1500","47.74.8.123","80","100.64.0.2","53650","1448","616966916","864443590","2397099943","3340080057"
"14:43:56.134088","1500","47.74.8.123","80","100.64.0.2","53650","1448","616968364","864443590","2397099943","3340080057"
"14:43:56.154045","1500","47.74.8.123","80","100.64.0.2","53650","1448","616969812","864443590","2397099963","3340080077"
"14:43:56.154056","1500","47.74.8.123","80","100.64.0.2","53650","1448","616971260","864443590","2397099963","3340080077"
"14:43:56.194122","1500","47.74.8.123","80","100.64.0.2","53650","1448","616972708","864443590","2397100003","3340080117"
"14:43:56.194146","1500","47.74.8.123","80","100.64.0.2","53650","1448","616974156","864443590","2397100003","3340080117"
"14:43:56.214213","1500","47.74.8.123","80","100.64.0.2","53650","1448","616975604","864443590","2397100023","3340080136"
"14:43:56.254354","1500","47.74.8.123","80","100.64.0.2","53650","1448","616977052","864443590","2397100063","3340080176"
"14:43:56.254366","1500","47.74.8.123","80","100.64.0.2","53650","1448","616978500","864443590","2397100063","3340080176"
"14:43:56.294392","1500","47.74.8.123","80","100.64.0.2","53650","1448","616979948","864443590","2397100103","3340080216"
"14:43:56.294403","1500","47.74.8.123","80","100.64.0.2","53650","1448","616981396","864443590","2397100103","3340080216"
"14:43:56.334562","1500","47.74.8.123","80","100.64.0.2","53650","1448","616982844","864443590","2397100144","3340080256"
"14:43:56.334574","1500","47.74.8.123","80","100.64.0.2","53650","1448","616984292","864443590","2397100144","3340080256"
"14:43:56.374699","1500","47.74.8.123","80","100.64.0.2","53650","1448","616985740","864443590","2397100184","3340080296"
"14:43:56.374713","1500","47.74.8.123","80","100.64.0.2","53650","1448","616987188","864443590","2397100184","3340080296"
"14:43:56.374717","1500","47.74.8.123","80","100.64.0.2","53650","1448","616988636","864443590","2397100184","3340080296"
"14:43:56.394649","1500","47.74.8.123","80","100.64.0.2","53650","1448","616990084","864443590","2397100204","3340080316"
"14:43:56.434833","1500","47.74.8.123","80","100.64.0.2","53650","1448","616991532","864443590","2397100244","3340080357"
"14:43:56.434846","1500","47.74.8.123","80","100.64.0.2","53650","1448","616992980","864443590","2397100244","3340080357"
"14:43:56.475007","1500","47.74.8.123","80","100.64.0.2","53650","1448","616994428","864443590","2397100284","3340080397"
"14:43:56.475019","1500","47.74.8.123","80","100.64.0.2","53650","1448","616995876","864443590","2397100284","3340080397"
"14:43:56.515001","1500","47.74.8.123","80","100.64.0.2","53650","1448","616997324","864443590","2397100324","3340080437"
"14:43:56.515012","1500","47.74.8.123","80","100.64.0.2","53650","1448","616998772","864443590","2397100324","3340080437"
"14:43:56.534051","1500","47.74.8.123","80","100.64.0.2","53650","1448","617000220","864443590","2397100343","3340080457"
"14:43:56.554173","1500","47.74.8.123","80","100.64.0.2","53650","1448","617001668","864443590","2397100363","3340080476"
"14:43:56.574285","1500","47.74.8.123","80","100.64.0.2","53650","1448","616988636","864443590","2397100383","3340080496"
"14:43:56.614247","1500","47.74.8.123","80","100.64.0.2","53650","1448","617003116","864443590","2397100423","3340080536"
"14:43:56.674493","1500","47.74.8.123","80","100.64.0.2","53650","1448","617004564","864443590","2397100484","3340080596"
"14:43:56.694568","1500","47.74.8.123","80","100.64.0.2","53650","1448","617006012","864443590","2397100504","3340080616"
"14:43:56.714543","1500","47.74.8.123","80","100.64.0.2","53650","1448","617007460","864443590","2397100524","3340080636"
"14:43:56.774767","1500","47.74.8.123","80","100.64.0.2","53650","1448","617008908","864443590","2397100584","3340080696"
"14:43:56.774779","1500","47.74.8.123","80","100.64.0.2","53650","1448","617010356","864443590","2397100584","3340080696"
"14:43:56.814773","1500","47.74.8.123","80","100.64.0.2","53650","1448","617011804","864443590","2397100624","3340080736"
"14:43:56.814784","1500","47.74.8.123","80","100.64.0.2","53650","1448","617013252","864443590","2397100624","3340080736"
"14:43:56.894116","1500","47.74.8.123","80","100.64.0.2","53650","1448","617014700","864443590","2397100703","3340080816"
"14:43:56.894128","1500","47.74.8.123","80","100.64.0.2","53650","1448","617016148","864443590","2397100703","3340080816"
"14:43:56.934181","1500","47.74.8.123","80","100.64.0.2","53650","1448","617017596","864443590","2397100743","3340080857"
"14:43:56.934195","1500","47.74.8.123","80","100.64.0.2","53650","1448","617019044","864443590","2397100743","3340080857"
"14:43:56.934200","1500","47.74.8.123","80","100.64.0.2","53650","1448","617020492","864443590","2397100743","3340080857"
"14:43:57.014490","1500","47.74.8.123","80","100.64.0.2","53650","1448","617021940","864443590","2397100824","3340080936"
"14:43:57.014502","1500","47.74.8.123","80","100.64.0.2","53650","1448","617023388","864443590","2397100824","3340080936"
"14:43:57.054518","1500","47.74.8.123","80","100.64.0.2","53650","1448","617024836","864443590","2397100864","3340080976"
"14:43:57.054535","1500","47.74.8.123","80","100.64.0.2","53650","1448","617026284","864443590","2397100864","3340080976"
"14:43:57.114772","1500","47.74.8.123","80","100.64.0.2","53650","1448","617027732","864443590","2397100924","3340081036"
"14:43:57.114787","1500","47.74.8.123","80","100.64.0.2","53650","1448","617029180","864443590","2397100924","3340081036"
"14:43:57.134861","1500","47.74.8.123","80","100.64.0.2","53650","1448","617030628","864443590","2397100944","3340081057"
"14:43:57.174870","1500","47.74.8.123","80","100.64.0.2","53650","1448","617032076","864443590","2397100984","3340081097"
"14:43:57.174882","1500","47.74.8.123","80","100.64.0.2","53650","1448","617033524","864443590","2397100984","3340081097"
"14:43:57.174886","1500","47.74.8.123","80","100.64.0.2","53650","1448","617034972","864443590","2397100984","3340081097"
"14:43:57.234108","1500","47.74.8.123","80","100.64.0.2","53650","1448","617036420","864443590","2397101043","3340081157"
"14:43:57.234119","1500","47.74.8.123","80","100.64.0.2","53650","1448","617037868","864443590","2397101043","3340081157"
"14:43:57.274160","1500","47.74.8.123","80","100.64.0.2","53650","1448","617039316","864443590","2397101083","3340081196"
"14:43:57.274174","1500","47.74.8.123","80","100.64.0.2","53650","1448","617040764","864443590","2397101083","3340081196"
"14:43:57.294252","1500","47.74.8.123","80","100.64.0.2","53650","1448","617042212","864443590","2397101103","3340081216"
"14:43:57.334411","1500","47.74.8.123","80","100.64.0.2","53650","1448","617043660","864443590","2397101143","3340081256"
"14:43:57.334424","1500","47.74.8.123","80","100.64.0.2","53650","1448","617045108","864443590","2397101143","3340081256"
"14:43:57.354477","1500","47.74.8.123","80","100.64.0.2","53650","1448","617046556","864443590","2397101164","3340081276"
"14:43:57.394512","1500","47.74.8.123","80","100.64.0.2","53650","1448","617048004","864443590","2397101204","3340081316"
"14:43:57.394524","1500","47.74.8.123","80","100.64.0.2","53650","1448","617049452","864443590","2397101204","3340081316"
"14:43:57.434713","1500","47.74.8.123","80","100.64.0.2","53650","1448","617050900","864443590","2397101244","3340081356"
"14:43:57.434726","1500","47.74.8.123","80","100.64.0.2","53650","1448","617052348","864443590","2397101244","3340081356"
"14:43:57.454770","1500","47.74.8.123","80","100.64.0.2","53650","1448","617053796","864443590","2397101264","3340081376"
"14:43:57.454782","1500","47.74.8.123","80","100.64.0.2","53650","1448","617055244","864443590","2397101264","3340081376"
"14:43:57.494779","1500","47.74.8.123","80","100.64.0.2","53650","1448","617056692","864443590","2397101304","3340081416"
"14:43:57.494792","1500","47.74.8.123","80","100.64.0.2","53650","1448","617058140","864443590","2397101304","3340081416"
"14:43:57.514892","1500","47.74.8.123","80","100.64.0.2","53650","1448","617059588","864443590","2397101324","3340081437"
"14:43:57.553007","1500","47.74.8.123","80","100.64.0.2","53650","1448","617061036","864443590","2397101363","3340081477"
"14:43:57.554084","1500","47.74.8.123","80","100.64.0.2","53650","1448","617062484","864443590","2397101363","3340081477"
"14:43:57.594053","1500","47.74.8.123","80","100.64.0.2","53650","1448","617063932","864443590","2397101403","3340081517"
"14:43:57.594065","1500","47.74.8.123","80","100.64.0.2","53650","1448","617065380","864443590","2397101403","3340081517"
"14:43:57.634219","1500","47.74.8.123","80","100.64.0.2","53650","1448","617066828","864443590","2397101443","3340081556"
"14:43:57.634231","1500","47.74.8.123","80","100.64.0.2","53650","1448","617068276","864443590","2397101443","3340081556"
"14:43:57.674488","1500","47.74.8.123","80","100.64.0.2","53650","1448","617069724","864443590","2397101484","3340081596"
"14:43:57.674502","1500","47.74.8.123","80","100.64.0.2","53650","1448","617071172","864443590","2397101484","3340081596"
"14:43:57.694278","1500","47.74.8.123","80","100.64.0.2","53650","1448","617072620","864443590","2397101503","3340081616"
"14:43:57.694291","1500","47.74.8.123","80","100.64.0.2","53650","1448","617074068","864443590","2397101503","3340081616"
"14:43:57.734466","1500","47.74.8.123","80","100.64.0.2","53650","1448","617075516","864443590","2397101544","3340081656"
"14:43:57.774781","1500","47.74.8.123","80","100.64.0.2","53650","1448","617076964","864443590","2397101584","3340081696"
"14:43:57.774793","1500","47.74.8.123","80","100.64.0.2","53650","1448","617078412","864443590","2397101584","3340081696"
"14:43:57.814598","1500","47.74.8.123","80","100.64.0.2","53650","1448","617079860","864443590","2397101624","3340081736"
"14:43:57.814609","1500","47.74.8.123","80","100.64.0.2","53650","1448","617081308","864443590","2397101624","3340081736"
"14:43:57.854752","1500","47.74.8.123","80","100.64.0.2","53650","1448","617082756","864443590","2397101664","3340081776"
"14:43:57.854773","1500","47.74.8.123","80","100.64.0.2","53650","1448","617084204","864443590","2397101664","3340081776"
"14:43:57.873986","1500","47.74.8.123","80","100.64.0.2","53650","1448","617085652","864443590","2397101683","3340081797"
"14:43:57.894069","1500","47.74.8.123","80","100.64.0.2","53650","1448","617087100","864443590","2397101703","3340081816"
"14:43:57.914724","1500","47.74.8.123","80","100.64.0.2","53650","1448","617074068","864443590","2397101724","3340081837"
"14:43:57.953989","1500","47.74.8.123","80","100.64.0.2","53650","1448","617088548","864443590","2397101763","3340081877"
"14:43:58.014974","1500","47.74.8.123","80","100.64.0.2","53650","1448","617089996","864443590","2397101824","3340081937"
"14:43:58.034033","1500","47.74.8.123","80","100.64.0.2","53650","1448","617091444","864443590","2397101843","3340081957"
"14:43:58.034044","1500","47.74.8.123","80","100.64.0.2","53650","1448","617092892","864443590","2397101843","3340081957"
"14:43:58.094773","1500","47.74.8.123","80","100.64.0.2","53650","1448","617094340","864443590","2397101904","3340082019"
"14:43:58.134312","1500","47.74.8.123","80","100.64.0.2","53650","1448","617095788","864443590","2397101943","3340082056"
"14:43:58.134327","1500","47.74.8.123","80","100.64.0.2","53650","1448","617097236","864443590","2397101943","3340082056"
"14:43:58.154374","1500","47.74.8.123","80","100.64.0.2","53650","1448","617098684","864443590","2397101963","3340082076"
"14:43:58.234623","1500","47.74.8.123","80","100.64.0.2","53650","1448","617100132","864443590","2397102044","3340082156"
"14:43:58.234634","1500","47.74.8.123","80","100.64.0.2","53650","1448","617101580","864443590","2397102044","3340082156"
"14:43:58.254581","1500","47.74.8.123","80","100.64.0.2","53650","1448","617103028","864443590","2397102064","3340082176"
"14:43:58.254597","1500","47.74.8.123","80","100.64.0.2","53650","1448","617104476","864443590","2397102064","3340082176"
"14:43:58.314776","1500","47.74.8.123","80","100.64.0.2","53650","1448","617105924","864443590","2397102124","3340082247"
"14:43:58.354846","1500","47.74.8.123","80","100.64.0.2","53650","1448","617107372","864443590","2397102164","3340082277"
"14:43:58.354858","1500","47.74.8.123","80","100.64.0.2","53650","1448","617108820","864443590","2397102164","3340082277"
"14:43:58.394076","1500","47.74.8.123","80","100.64.0.2","53650","1448","617110268","864443590","2397102203","3340082317"
"14:43:58.394087","1500","47.74.8.123","80","100.64.0.2","53650","1448","617111716","864443590","2397102203","3340082317"
"14:43:58.454160","1500","47.74.8.123","80","100.64.0.2","53650","1448","617113164","864443590","2397102263","3340082376"
"14:43:58.454173","1500","47.74.8.123","80","100.64.0.2","53650","1448","617114612","864443590","2397102263","3340082376"
"14:43:58.474184","1500","47.74.8.123","80","100.64.0.2","53650","1448","617116060","864443590","2397102283","3340082396"
"14:43:58.474196","1500","47.74.8.123","80","100.64.0.2","53650","1448","617117508","864443590","2397102283","3340082396"
"14:43:58.514449","1500","47.74.8.123","80","100.64.0.2","53650","1448","617118956","864443590","2397102323","3340082436"
"14:43:58.514467","1500","47.74.8.123","80","100.64.0.2","53650","1448","617120404","864443590","2397102323","3340082436"
"14:43:58.574492","1500","47.74.8.123","80","100.64.0.2","53650","1448","617121852","864443590","2397102384","3340082496"
"14:43:58.574505","1500","47.74.8.123","80","100.64.0.2","53650","1448","617123300","864443590","2397102384","3340082496"
"14:43:58.614694","1500","47.74.8.123","80","100.64.0.2","53650","1448","617124748","864443590","2397102424","3340082536"
"14:43:58.614705","1500","47.74.8.123","80","100.64.0.2","53650","1448","617126196","864443590","2397102424","3340082536"
"14:43:58.654887","1500","47.74.8.123","80","100.64.0.2","53650","1448","617127644","864443590","2397102464","3340082577"
"14:43:58.654898","1500","47.74.8.123","80","100.64.0.2","53650","1448","617129092","864443590","2397102464","3340082577"
"14:43:58.694856","1500","47.74.8.123","80","100.64.0.2","53650","1448","617130540","864443590","2397102504","3340082617"
"14:43:58.694870","1500","47.74.8.123","80","100.64.0.2","53650","1448","617131988","864443590","2397102504","3340082617"
"14:43:58.734081","1500","47.74.8.123","80","100.64.0.2","53650","1448","617133436","864443590","2397102543","3340082657"
"14:43:58.734095","1500","47.74.8.123","80","100.64.0.2","53650","1448","617134884","864443590","2397102543","3340082657"
"14:43:58.774265","1500","47.74.8.123","80","100.64.0.2","53650","1448","617136332","864443590","2397102583","3340082696"
"14:43:58.774277","1500","47.74.8.123","80","100.64.0.2","53650","1448","617137780","864443590","2397102583","3340082696"
"14:43:58.814261","1500","47.74.8.123","80","100.64.0.2","53650","1448","617139228","864443590","2397102623","3340082736"
"14:43:58.814273","1500","47.74.8.123","80","100.64.0.2","53650","1448","617140676","864443590","2397102623","3340082736"
"14:43:58.854458","1500","47.74.8.123","80","100.64.0.2","53650","1448","617142124","864443590","2397102664","3340082776"
"14:43:58.854471","1500","47.74.8.123","80","100.64.0.2","53650","1448","617143572","864443590","2397102664","3340082776"
"14:43:58.894615","1500","47.74.8.123","80","100.64.0.2","53650","1448","617145020","864443590","2397102704","3340082816"
"14:43:58.894628","1500","47.74.8.123","80","100.64.0.2","53650","1448","617146468","864443590","2397102704","3340082816"
"14:43:58.934657","1500","47.74.8.123","80","100.64.0.2","53650","1448","617147916","864443590","2397102744","3340082856"
"14:43:58.934669","1500","47.74.8.123","80","100.64.0.2","53650","1448","617149364","864443590","2397102744","3340082856"
"14:43:58.974839","1500","47.74.8.123","80","100.64.0.2","53650","1448","617150812","864443590","2397102784","3340082897"
"14:43:58.974852","1500","47.74.8.123","80","100.64.0.2","53650","1448","617152260","864443590","2397102784","3340082897"
"14:43:58.974857","1500","47.74.8.123","80","100.64.0.2","53650","1448","617153708","864443590","2397102784","3340082897"
"14:43:58.974861","1500","47.74.8.123","80","100.64.0.2","53650","1448","617155156","864443590","2397102784","3340082897"
"14:43:59.015042","1500","47.74.8.123","80","100.64.0.2","53650","1448","617156604","864443590","2397102824","3340082937"
"14:43:59.015055","1500","47.74.8.123","80","100.64.0.2","53650","1448","617158052","864443590","2397102824","3340082937"
"14:43:59.054009","1500","47.74.8.123","80","100.64.0.2","53650","1448","617159500","864443590","2397102863","3340082977"
"14:43:59.094267","1500","47.74.8.123","80","100.64.0.2","53650","1448","617160948","864443590","2397102903","3340083016"
"14:43:59.094279","1500","47.74.8.123","80","100.64.0.2","53650","1448","617162396","864443590","2397102903","3340083016"
"14:43:59.134454","1500","47.74.8.123","80","100.64.0.2","53650","1448","617163844","864443590","2397102943","3340083056"
"14:43:59.134467","1500","47.74.8.123","80","100.64.0.2","53650","1448","617165292","864443590","2397102943","3340083056"
"14:43:59.154298","1500","47.74.8.123","80","100.64.0.2","53650","1448","617166740","864443590","2397102963","3340083076"
"14:43:59.174282","1500","47.74.8.123","80","100.64.0.2","53650","1448","617168188","864443590","2397102983","3340083096"
"14:43:59.194458","1500","47.74.8.123","80","100.64.0.2","53650","1448","617155156","864443590","2397103004","3340083116"
"14:43:59.234653","1500","47.74.8.123","80","100.64.0.2","53650","1448","617169636","864443590","2397103044","3340083156"
"14:43:59.294674","1500","47.74.8.123","80","100.64.0.2","53650","1448","617171084","864443590","2397103104","3340083216"
"14:43:59.314752","1500","47.74.8.123","80","100.64.0.2","53650","1448","617172532","864443590","2397103124","3340083236"
"14:43:59.314770","1500","47.74.8.123","80","100.64.0.2","53650","1448","617173980","864443590","2397103124","3340083236"
"14:43:59.374800","1500","47.74.8.123","80","100.64.0.2","53650","1448","617175428","864443590","2397103184","3340083299"
"14:43:59.414090","1500","47.74.8.123","80","100.64.0.2","53650","1448","617176876","864443590","2397103223","3340083337"
"14:43:59.414102","1500","47.74.8.123","80","100.64.0.2","53650","1448","617178324","864443590","2397103223","3340083337"
"14:43:59.434154","1500","47.74.8.123","80","100.64.0.2","53650","1448","617179772","864443590","2397103243","3340083356"
"14:43:59.514401","1500","47.74.8.123","80","100.64.0.2","53650","1448","617181220","864443590","2397103323","3340083436"
"14:43:59.514418","1500","47.74.8.123","80","100.64.0.2","53650","1448","617182668","864443590","2397103323","3340083436"
"14:43:59.549532","1500","47.74.8.123","80","100.64.0.2","53650","1448","617184116","864443590","2397103358","3340083456"
"14:43:59.549566","1500","47.74.8.123","80","100.64.0.2","53650","1448","617185564","864443590","2397103358","3340083456"
