_ws.col.Time,frame.len,ip.src,tcp.srcport,ip.dst,tcp.dstport,tcp.len,tcp.seq_raw,tcp.ack_raw,tcp.options.timestamp.tsval,tcp.options.timestamp.tsecr
"17:56:54.776258","52","47.76.60.27","80","100.64.0.5","55052","0","1571651722","2794701598","946911945","3513805033"
"17:56:54.806987","1500","47.76.60.27","80","100.64.0.5","55052","1448","1571651722","2794701598","946911945","3513805033"
"17:56:54.837445","1500","47.76.60.27","80","100.64.0.5","55052","1448","1571653170","2794701598","946911945","3513805033"
"17:56:54.867675","1500","47.76.60.27","80","100.64.0.5","55052","1448","1571654618","2794701598","946911945","3513805033"
"17:56:54.897798","1500","47.76.60.27","80","100.64.0.5","55052","1448","1571656066","2794701598","946911945","3513805033"
"17:56:54.928938","1500","47.76.60.27","80","100.64.0.5","55052","1448","1571657514","2794701598","946911945","3513805033"
"17:56:54.959035","1500","47.76.60.27","80","100.64.0.5","55052","1448","1571677786","2794701598","946911974","3513805033"
"17:56:54.988660","1500","47.76.60.27","80","100.64.0.5","55052","1448","1571692266","2794701598","946912003","3513805033"
"17:56:55.018533","1500","47.76.60.27","80","100.64.0.5","55052","1448","1571709642","2794701598","946912038","3513805033"
"17:56:55.049921","1500","47.76.60.27","80","100.64.0.5","55052","1448","1571715434","2794701598","946912158","3513805245"
"17:56:55.079534","1500","47.76.60.27","80","100.64.0.5","55052","1448","1571716882","2794701598","946912158","3513805245"
"17:56:55.109737","1500","47.76.60.27","80","100.64.0.5","55052","1448","1571718330","2794701598","946912161","3513805245"
"17:56:55.140840","1500","47.76.60.27","80","100.64.0.5","55052","1448","1571719778","2794701598","946912161","3513805245"
"17:56:55.170998","1500","47.76.60.27","80","100.64.0.5","55052","1448","1571721226","2794701598","946912189","3513805275"
"17:56:55.200256","1500","47.76.60.27","80","100.64.0.5","55052","1448","1571724122","2794701598","946912218","3513805305"
"17:56:55.231360","1500","47.76.60.27","80","100.64.0.5","55052","1448","1571729914","2794701598","946912250","3513805336"
"17:56:55.261761","1500","47.76.60.27","80","100.64.0.5","55052","1448","1571732810","2794701598","946912279","3513805367"
"17:56:55.292160","1500","47.76.60.27","80","100.64.0.5","55052","1448","1571658962","2794701598","946912370","3513805456"
"17:56:55.473209","1500","47.76.60.27","80","100.64.0.5","55052","1448","1571660410","2794701598","946912642","3513805730"
"17:56:55.503361","1500","47.76.60.27","80","100.64.0.5","55052","1448","1571738602","2794701598","946912644","3513805730"
"17:56:55.534507","1500","47.76.60.27","80","100.64.0.5","55052","1448","1571740050","2794701598","946912644","3513805730"
"17:56:55.564623","1500","47.76.60.27","80","100.64.0.5","55052","1448","1571741498","2794701598","946912649","3513805730"
"17:56:55.594727","460","47.76.60.27","80","100.64.0.5","55052","408","1571742946","2794701598","946912649","3513805730"
"17:56:55.655183","1500","47.76.60.27","80","100.64.0.5","55052","1448","1571661858","2794701598","946912824","3513805911"
"17:56:55.685317","1500","47.76.60.27","80","100.64.0.5","55052","1448","1571743354","2794701598","946912826","3513805911"
"17:56:55.715486","1500","47.76.60.27","80","100.64.0.5","55052","1448","1571744802","2794701598","946912826","3513805911"
"17:56:55.746627","1500","47.76.60.27","80","100.64.0.5","55052","1448","1571746250","2794701598","946912831","3513805911"
"17:56:55.837743","1500","47.76.60.27","80","100.64.0.5","55052","1448","1571663306","2794701598","946913006","3513806093"
"17:56:55.867903","1500","47.76.60.27","80","100.64.0.5","55052","1448","1571747698","2794701598","946913008","3513806093"
"17:56:55.898066","1500","47.76.60.27","80","100.64.0.5","55052","1448","1571749146","2794701598","946913008","3513806093"
"17:56:56.018807","1500","47.76.60.27","80","100.64.0.5","55052","1448","1571664754","2794701598","946913189","3513806275"
"17:56:56.049944","1500","47.76.60.27","80","100.64.0.5","55052","1448","1571750594","2794701598","946913190","3513806275"
"17:56:56.080074","1500","47.76.60.27","80","100.64.0.5","55052","1448","1571752042","2794701598","946913190","3513806275"
"17:56:56.109202","1500","47.76.60.27","80","100.64.0.5","55052","1448","1571753490","2794701598","946913196","3513806275"
"17:56:56.140340","1500","47.76.60.27","80","100.64.0.5","55052","1448","1571754938","2794701598","946913196","3513806275"
"17:56:56.200935","1500","47.76.60.27","80","100.64.0.5","55052","1448","1571666202","2794701598","946913371","3513806457"
"17:56:56.232043","1500","47.76.60.27","80","100.64.0.5","55052","1448","1571756386","2794701598","946913372","3513806457"
"17:56:56.261131","1500","47.76.60.27","80","100.64.0.5","55052","1448","1571757834","2794701598","946913372","3513806457"
"17:56:56.291231","1500","47.76.60.27","80","100.64.0.5","55052","1448","1571759282","2794701598","946913378","3513806457"
"17:56:56.382265","1500","47.76.60.27","80","100.64.0.5","55052","1448","1571667650","2794701598","946913552","3513806639"
"17:56:56.412396","1092","47.76.60.27","80","100.64.0.5","55052","1040","1571760730","2794701598","946913553","3513806639"
"17:56:56.443523","1500","47.76.60.27","80","100.64.0.5","55052","1448","1571761770","2794701598","946913555","3513806639"
"17:56:56.473629","1500","47.76.60.27","80","100.64.0.5","55052","1448","1571763218","2794701598","946913555","3513806639"
"17:56:56.564626","1500","47.76.60.27","80","100.64.0.5","55052","1448","1571669098","2794701598","946913733","3513806820"
"17:56:56.594760","1500","47.76.60.27","80","100.64.0.5","55052","1448","1571764666","2794701598","946913735","3513806820"
"17:56:56.624898","1500","47.76.60.27","80","100.64.0.5","55052","1448","1571766114","2794701598","946913735","3513806820"
"17:56:56.655999","1500","47.76.60.27","80","100.64.0.5","55052","1448","1571767562","2794701598","946913741","3513806820"
"17:56:56.746996","1500","47.76.60.27","80","100.64.0.5","55052","1448","1571670546","2794701598","946913916","3513807002"
"17:56:56.776126","1500","47.76.60.27","80","100.64.0.5","55052","1448","1571769010","2794701598","946913917","3513807002"
"17:56:56.806268","1500","47.76.60.27","80","100.64.0.5","55052","1448","1571770458","2794701598","946913917","3513807002"
"17:56:56.837402","1500","47.76.60.27","80","100.64.0.5","55052","1448","1571771906","2794701598","946913923","3513807002"
"17:56:56.928370","1500","47.76.60.27","80","100.64.0.5","55052","1448","1571671994","2794701598","946914097","3513807185"
"17:56:56.958510","1500","47.76.60.27","80","100.64.0.5","55052","1448","1571773354","2794701598","946914099","3513807185"
"17:56:56.988666","1500","47.76.60.27","80","100.64.0.5","55052","1448","1571774802","2794701598","946914099","3513807185"
"17:56:57.018827","1500","47.76.60.27","80","100.64.0.5","55052","1448","1571776250","2794701598","946914104","3513807185"
"17:56:57.109835","1500","47.76.60.27","80","100.64.0.5","55052","1448","1571673442","2794701598","946914280","3513807366"
"17:56:57.140967","1500","47.76.60.27","80","100.64.0.5","55052","1448","1571777698","2794701598","946914281","3513807366"
"17:56:57.170107","1500","47.76.60.27","80","100.64.0.5","55052","1448","1571779146","2794701598","946914281","3513807366"
"17:56:57.200254","1500","47.76.60.27","80","100.64.0.5","55052","1448","1571780594","2794701598","946914287","3513807366"
"17:56:57.291312","1500","47.76.60.27","80","100.64.0.5","55052","1448","1571674890","2794701598","946914462","3513807548"
"17:56:57.321452","1500","47.76.60.27","80","100.64.0.5","55052","1448","1571782042","2794701598","946914463","3513807548"
"17:56:57.352588","1500","47.76.60.27","80","100.64.0.5","55052","1448","1571783490","2794701598","946914463","3513807548"
"17:56:57.382693","1500","47.76.60.27","80","100.64.0.5","55052","1448","1571784938","2794701598","946914469","3513807548"
"17:56:57.473683","1500","47.76.60.27","80","100.64.0.5","55052","1448","1571676338","2794701598","946914642","3513807729"
"17:56:57.503822","1500","47.76.60.27","80","100.64.0.5","55052","1448","1571786386","2794701598","946914644","3513807729"
"17:56:57.534954","1500","47.76.60.27","80","100.64.0.5","55052","1448","1571787834","2794701598","946914644","3513807729"
"17:56:57.565047","1500","47.76.60.27","80","100.64.0.5","55052","1448","1571789282","2794701598","946914650","3513807729"
"17:56:57.655237","1500","47.76.60.27","80","100.64.0.5","55052","1448","1571679234","2794701598","946914824","3513807911"
"17:56:57.685374","1500","47.76.60.27","80","100.64.0.5","55052","1448","1571790730","2794701598","946914825","3513807911"
"17:56:57.715522","1500","47.76.60.27","80","100.64.0.5","55052","1448","1571792178","2794701598","946914825","3513807911"
"17:56:57.746653","1500","47.76.60.27","80","100.64.0.5","55052","1448","1571793626","2794701598","946914831","3513807911"
"17:56:57.776780","1500","47.76.60.27","80","100.64.0.5","55052","1448","1571795074","2794701598","946914831","3513807911"
"17:56:57.837615","1500","47.76.60.27","80","100.64.0.5","55052","1448","1571680682","2794701598","946915006","3513808093"
"17:56:57.867735","1500","47.76.60.27","80","100.64.0.5","55052","1448","1571796522","2794701598","946915008","3513808093"
"17:56:57.897881","1500","47.76.60.27","80","100.64.0.5","55052","1448","1571797970","2794701598","946915008","3513808093"
"17:56:57.928979","1500","47.76.60.27","80","100.64.0.5","55052","1448","1571799418","2794701598","946915014","3513808093"
"17:56:58.018982","1500","47.76.60.27","80","100.64.0.5","55052","1448","1571682130","2794701598","946915189","3513808275"
"17:56:58.049106","1500","47.76.60.27","80","100.64.0.5","55052","1448","1571800866","2794701598","946915190","3513808275"
"17:56:58.079907","1500","47.76.60.27","80","100.64.0.5","55052","1448","1571802314","2794701598","946915190","3513808275"
"17:56:58.109972","1500","47.76.60.27","80","100.64.0.5","55052","1448","1571803762","2794701598","946915196","3513808275"
"17:56:58.200355","1500","47.76.60.27","80","100.64.0.5","55052","1448","1571683578","2794701598","946915370","3513808457"
"17:56:58.231487","1500","47.76.60.27","80","100.64.0.5","55052","1448","1571805210","2794701598","946915371","3513808457"
"17:56:58.261613","1500","47.76.60.27","80","100.64.0.5","55052","1448","1571806658","2794701598","946915371","3513808457"
"17:56:58.291712","1500","47.76.60.27","80","100.64.0.5","55052","1448","1571808106","2794701598","946915377","3513808457"
"17:56:58.382688","1500","47.76.60.27","80","100.64.0.5","55052","1448","1571685026","2794701598","946915552","3513808638"
"17:56:58.412823","1500","47.76.60.27","80","100.64.0.5","55052","1448","1571809554","2794701598","946915554","3513808638"
"17:56:58.443951","1500","47.76.60.27","80","100.64.0.5","55052","1448","1571811002","2794701598","946915554","3513808638"
"17:56:58.474063","1500","47.76.60.27","80","100.64.0.5","55052","1448","1571812450","2794701598","946915560","3513808638"
"17:56:58.565054","1500","47.76.60.27","80","100.64.0.5","55052","1448","1571686474","2794701598","946915733","3513808820"
"17:56:58.594184","1500","47.76.60.27","80","100.64.0.5","55052","1448","1571813898","2794701598","946915734","3513808820"
"17:56:58.624318","1500","47.76.60.27","80","100.64.0.5","55052","1448","1571815346","2794701598","946915734","3513808820"
"17:56:58.655422","1500","47.76.60.27","80","100.64.0.5","55052","1448","1571816794","2794701598","946915740","3513808820"
"17:56:58.746444","1500","47.76.60.27","80","100.64.0.5","55052","1448","1571687922","2794701598","946915915","3513809003"
"17:56:58.776557","1500","47.76.60.27","80","100.64.0.5","55052","1448","1571818242","2794701598","946915917","3513809003"
"17:56:58.806673","1500","47.76.60.27","80","100.64.0.5","55052","1448","1571819690","2794701598","946915917","3513809003"
"17:56:58.837793","1500","47.76.60.27","80","100.64.0.5","55052","1448","1571821138","2794701598","946915922","3513809003"
"17:56:58.928095","1500","47.76.60.27","80","100.64.0.5","55052","1448","1571689370","2794701598","946916097","3513809184"
"17:56:58.958176","1500","47.76.60.27","80","100.64.0.5","55052","1448","1571822586","2794701598","946916099","3513809184"
"17:56:58.988285","1500","47.76.60.27","80","100.64.0.5","55052","1448","1571824034","2794701598","946916099","3513809184"
"17:56:59.018408","1500","47.76.60.27","80","100.64.0.5","55052","1448","1571825482","2794701598","946916104","3513809184"
"17:56:59.109693","1500","47.76.60.27","80","100.64.0.5","55052","1448","1571690818","2794701598","946916279","3513809366"
"17:56:59.140815","1500","47.76.60.27","80","100.64.0.5","55052","1448","1571826930","2794701598","946916280","3513809366"
"17:56:59.170981","1500","47.76.60.27","80","100.64.0.5","55052","1448","1571828378","2794701598","946916280","3513809366"
"17:56:59.200206","1500","47.76.60.27","80","100.64.0.5","55052","1448","1571829826","2794701598","946916286","3513809366"
"17:56:59.292031","1500","47.76.60.27","80","100.64.0.5","55052","1448","1571693714","2794701598","946916461","3513809547"
"17:56:59.321190","1500","47.76.60.27","80","100.64.0.5","55052","1448","1571831274","2794701598","946916462","3513809547"
"17:56:59.352326","1500","47.76.60.27","80","100.64.0.5","55052","1448","1571832722","2794701598","946916462","3513809547"
"17:56:59.382435","1500","47.76.60.27","80","100.64.0.5","55052","1448","1571834170","2794701598","946916468","3513809547"
"17:56:59.412559","1500","47.76.60.27","80","100.64.0.5","55052","1448","1571835618","2794701598","946916468","3513809547"
"17:56:59.473693","1500","47.76.60.27","80","100.64.0.5","55052","1448","1571695162","2794701598","946916642","3513809730"
"17:56:59.503819","1500","47.76.60.27","80","100.64.0.5","55052","1448","1571837066","2794701598","946916643","3513809730"
"17:56:59.534951","1500","47.76.60.27","80","100.64.0.5","55052","1448","1571838514","2794701598","946916643","3513809730"
"17:56:59.565071","1500","47.76.60.27","80","100.64.0.5","55052","1448","1571839962","2794701598","946916649","3513809730"
"17:56:59.655289","1500","47.76.60.27","80","100.64.0.5","55052","1448","1571696610","2794701598","946916824","3513809911"
"17:56:59.685410","1500","47.76.60.27","80","100.64.0.5","55052","1448","1571841410","2794701598","946916825","3513809911"
"17:56:59.715525","1500","47.76.60.27","80","100.64.0.5","55052","1448","1571842858","2794701598","946916825","3513809911"
"17:56:59.746646","1500","47.76.60.27","80","100.64.0.5","55052","1448","1571844306","2794701598","946916830","3513809911"
"17:56:59.837297","1500","47.76.60.27","80","100.64.0.5","55052","1448","1571698058","2794701598","946917006","3513810093"
"17:56:59.867459","1500","47.76.60.27","80","100.64.0.5","55052","1448","1571845754","2794701598","946917008","3513810093"
"17:56:59.897616","1500","47.76.60.27","80","100.64.0.5","55052","1448","1571847202","2794701598","946917008","3513810093"
"17:56:59.928730","1500","47.76.60.27","80","100.64.0.5","55052","1448","1571848650","2794701598","946917013","3513810093"
"17:57:00.019049","1500","47.76.60.27","80","100.64.0.5","55052","1448","1571699506","2794701598","946917188","3513810275"
"17:57:00.049164","1500","47.76.60.27","80","100.64.0.5","55052","1448","1571850098","2794701598","946917190","3513810275"
"17:57:00.079262","1500","47.76.60.27","80","100.64.0.5","55052","1448","1571851546","2794701598","946917190","3513810275"
"17:57:00.109366","1500","47.76.60.27","80","100.64.0.5","55052","1448","1571852994","2794701598","946917195","3513810275"
"17:57:00.200916","1500","47.76.60.27","80","100.64.0.5","55052","1448","1571700954","2794701598","946917370","3513810457"
"17:57:00.232044","1500","47.76.60.27","80","100.64.0.5","55052","1448","1571854442","2794701598","946917371","3513810457"
"17:57:00.261207","1500","47.76.60.27","80","100.64.0.5","55052","1448","1571855890","2794701598","946917371","3513810457"
"17:57:00.291416","1500","47.76.60.27","80","100.64.0.5","55052","1448","1571857338","2794701598","946917377","3513810457"
"17:57:00.382991","1500","47.76.60.27","80","100.64.0.5","55052","1448","1571702402","2794701598","946917553","3513810639"
"17:57:00.412121","1500","47.76.60.27","80","100.64.0.5","55052","1448","1571858786","2794701598","946917555","3513810639"
"17:57:00.443227","1500","47.76.60.27","80","100.64.0.5","55052","1448","1571860234","2794701598","946917555","3513810639"
"17:57:00.473330","1500","47.76.60.27","80","100.64.0.5","55052","1448","1571861682","2794701598","946917560","3513810639"
"17:57:00.564595","1500","47.76.60.27","80","100.64.0.5","55052","1448","1571703850","2794701598","946917733","3513810821"
"17:57:00.594731","1500","47.76.60.27","80","100.64.0.5","55052","1448","1571863130","2794701598","946917734","3513810821"
"17:57:00.624878","1500","47.76.60.27","80","100.64.0.5","55052","1448","1571864578","2794701598","946917734","3513810821"
"17:57:00.655945","1500","47.76.60.27","80","100.64.0.5","55052","1448","1571866026","2794701598","946917740","3513810821"
"17:57:00.746240","1500","47.76.60.27","80","100.64.0.5","55052","1448","1571705298","2794701598","946917916","3513811002"
"17:57:00.776377","1500","47.76.60.27","80","100.64.0.5","55052","1448","1571867474","2794701598","946917917","3513811002"
"17:57:00.806528","1500","47.76.60.27","80","100.64.0.5","55052","1448","1571868922","2794701598","946917917","3513811002"
"17:57:00.837671","1500","47.76.60.27","80","100.64.0.5","55052","1448","1571870370","2794701598","946917922","3513811002"
"17:57:00.928966","1500","47.76.60.27","80","100.64.0.5","55052","1448","1571706746","2794701598","946918097","3513811184"
"17:57:00.958087","1500","47.76.60.27","80","100.64.0.5","55052","1448","1571871818","2794701598","946918099","3513811184"
"17:57:00.988207","1500","47.76.60.27","80","100.64.0.5","55052","1448","1571873266","2794701598","946918099","3513811184"
"17:57:01.018329","1500","47.76.60.27","80","100.64.0.5","55052","1448","1571874714","2794701598","946918104","3513811184"
"17:57:01.109569","1500","47.76.60.27","80","100.64.0.5","55052","1448","1571708194","2794701598","946918279","3513811367"
"17:57:01.140707","1500","47.76.60.27","80","100.64.0.5","55052","1448","1571876162","2794701598","946918280","3513811367"
"17:57:01.170885","1500","47.76.60.27","80","100.64.0.5","55052","1448","1571877610","2794701598","946918280","3513811367"
"17:57:01.201049","1500","47.76.60.27","80","100.64.0.5","55052","1448","1571879058","2794701598","946918286","3513811367"
"17:57:01.291271","1500","47.76.60.27","80","100.64.0.5","55052","1448","1571711090","2794701598","946918462","3513811547"
"17:57:01.321406","1500","47.76.60.27","80","100.64.0.5","55052","1448","1571880506","2794701598","946918463","3513811547"
"17:57:01.352534","1500","47.76.60.27","80","100.64.0.5","55052","1448","1571881954","2794701598","946918463","3513811547"
"17:57:01.382636","1500","47.76.60.27","80","100.64.0.5","55052","1448","1571883402","2794701598","946918468","3513811547"
"17:57:01.412784","1500","47.76.60.27","80","100.64.0.5","55052","1448","1571884850","2794701598","946918468","3513811547"
"17:57:01.474027","1500","47.76.60.27","80","100.64.0.5","55052","1448","1571712538","2794701598","946918642","3513811729"
"17:57:01.503156","1500","47.76.60.27","80","100.64.0.5","55052","1448","1571886298","2794701598","946918644","3513811729"
"17:57:01.534286","1500","47.76.60.27","80","100.64.0.5","55052","1448","1571887746","2794701598","946918644","3513811729"
"17:57:01.564386","1500","47.76.60.27","80","100.64.0.5","55052","1448","1571889194","2794701598","946918649","3513811729"
"17:57:01.655704","1500","47.76.60.27","80","100.64.0.5","55052","1448","1571713986","2794701598","946918824","3513811912"
"17:57:01.685846","1500","47.76.60.27","80","100.64.0.5","55052","1448","1571890642","2794701598","946918825","3513811912"
"17:57:01.715964","1500","47.76.60.27","80","100.64.0.5","55052","1448","1571892090","2794701598","946918825","3513811912"
"17:57:01.746078","1500","47.76.60.27","80","100.64.0.5","55052","1448","1571893538","2794701598","946918831","3513811912"
"17:57:01.837101","1500","47.76.60.27","80","100.64.0.5","55052","1448","1571722674","2794701598","946919006","3513812093"
"17:57:01.867241","1500","47.76.60.27","80","100.64.0.5","55052","1448","1571894986","2794701598","946919007","3513812093"
"17:57:01.908070","1500","47.76.60.27","80","100.64.0.5","55052","1448","1571896434","2794701598","946919007","3513812093"
"17:57:01.928242","1500","47.76.60.27","80","100.64.0.5","55052","1448","1571897882","2794701598","946919012","3513812093"
"17:57:01.958363","1500","47.76.60.27","80","100.64.0.5","55052","1448","1571899330","2794701598","946919012","3513812093"
"17:57:02.018523","1500","47.76.60.27","80","100.64.0.5","55052","1448","1571725570","2794701598","946919189","3513812275"
"17:57:02.049656","1500","47.76.60.27","80","100.64.0.5","55052","1448","1571906570","2794701598","946919190","3513812275"
"17:57:02.079785","1500","47.76.60.27","80","100.64.0.5","55052","1448","1571908018","2794701598","946919190","3513812275"
"17:57:02.109916","1500","47.76.60.27","80","100.64.0.5","55052","1448","1571909466","2794701598","946919195","3513812275"
"17:57:02.141013","1500","47.76.60.27","80","100.64.0.5","55052","1448","1571910914","2794701598","946919195","3513812275"
"17:57:02.200206","1500","47.76.60.27","80","100.64.0.5","55052","1448","1571727018","2794701598","946919371","3513812456"
"17:57:02.231328","1500","47.76.60.27","80","100.64.0.5","55052","1448","1571912362","2794701598","946919372","3513812456"
"17:57:02.261424","1500","47.76.60.27","80","100.64.0.5","55052","1448","1571913810","2794701598","946919372","3513812456"
"17:57:02.291520","1500","47.76.60.27","80","100.64.0.5","55052","1448","1571915258","2794701598","946919377","3513812456"
"17:57:02.382895","1500","47.76.60.27","80","100.64.0.5","55052","1448","1571728466","2794701598","946919552","3513812638"
"17:57:02.413035","1500","47.76.60.27","80","100.64.0.5","55052","1448","1571916706","2794701598","946919554","3513812638"
"17:57:02.443172","1500","47.76.60.27","80","100.64.0.5","55052","1448","1571918154","2794701598","946919554","3513812638"
"17:57:02.473274","1500","47.76.60.27","80","100.64.0.5","55052","1448","1571919602","2794701598","946919559","3513812638"
"17:57:02.564591","1500","47.76.60.27","80","100.64.0.5","55052","1448","1571731362","2794701598","946919734","3513812821"
"17:57:02.594697","1500","47.76.60.27","80","100.64.0.5","55052","1448","1571921050","2794701598","946919735","3513812821"
"17:57:02.624813","1500","47.76.60.27","80","100.64.0.5","55052","1448","1571922498","2794701598","946919735","3513812821"
"17:57:02.655921","1500","47.76.60.27","80","100.64.0.5","55052","1448","1571923946","2794701598","946919741","3513812821"
"17:57:02.686018","1500","47.76.60.27","80","100.64.0.5","55052","1448","1571925394","2794701598","946919741","3513812821"
"17:57:02.746204","1500","47.76.60.27","80","100.64.0.5","55052","1448","1571734258","2794701598","946919916","3513813002"
"17:57:02.776328","1500","47.76.60.27","80","100.64.0.5","55052","1448","1571926842","2794701598","946919917","3513813002"
"17:57:02.806438","1500","47.76.60.27","80","100.64.0.5","55052","1448","1571928290","2794701598","946919917","3513813002"
"17:57:02.837550","1500","47.76.60.27","80","100.64.0.5","55052","1448","1571929738","2794701598","946919922","3513813002"
"17:57:02.867644","1500","47.76.60.27","80","100.64.0.5","55052","1448","1571931186","2794701598","946919922","3513813002"
"17:57:02.928895","1500","47.76.60.27","80","100.64.0.5","55052","1448","1571735706","2794701598","946920097","3513813184"
"17:57:02.959005","1500","47.76.60.27","80","100.64.0.5","55052","1448","1571932634","2794701598","946920099","3513813184"
"17:57:02.988120","1500","47.76.60.27","80","100.64.0.5","55052","1448","1571934082","2794701598","946920099","3513813184"
"17:57:03.018274","1500","47.76.60.27","80","100.64.0.5","55052","1448","1571935530","2794701598","946920104","3513813184"
"17:57:03.109559","1500","47.76.60.27","80","100.64.0.5","55052","1448","1571737154","2794701598","946920279","3513813367"
"17:57:03.140704","1500","47.76.60.27","80","100.64.0.5","55052","1448","1571936978","2794701598","946920280","3513813367"
"17:57:03.170788","1500","47.76.60.27","80","100.64.0.5","55052","1448","1571938426","2794701598","946920280","3513813367"
"17:57:03.200900","1500","47.76.60.27","80","100.64.0.5","55052","1448","1571939874","2794701598","946920286","3513813367"
"17:57:03.291140","1500","47.76.60.27","80","100.64.0.5","55052","1448","1571941322","2794701598","946920479","3513813547"
"17:57:03.321387","1500","47.76.60.27","80","100.64.0.5","55052","1448","1571942770","2794701598","946920479","3513813547"
"17:57:03.352373","1500","47.76.60.27","80","100.64.0.5","55052","1448","1571944218","2794701598","946920482","3513813547"
"17:57:03.382441","1500","47.76.60.27","80","100.64.0.5","55052","1448","1571945666","2794701598","946920482","3513813547"
"17:57:03.412497","1500","47.76.60.27","80","100.64.0.5","55052","1448","1571947114","2794701598","946920488","3513813547"
"17:57:03.443535","1500","47.76.60.27","80","100.64.0.5","55052","1448","1571948562","2794701598","946920488","3513813547"
"17:57:03.473635","1500","47.76.60.27","80","100.64.0.5","55052","1448","1571964490","2794701598","946920522","3513813609"
"17:57:03.503429","1500","47.76.60.27","80","100.64.0.5","55052","1448","1571978970","2794701598","946920552","3513813609"
"17:57:03.534670","1500","47.76.60.27","80","100.64.0.5","55052","1448","1571993450","2794701598","946920584","3513813639"
"17:57:03.564262","1500","47.76.60.27","80","100.64.0.5","55052","1448","1572007930","2794701598","946920613","3513813639"
"17:57:03.594177","1500","47.76.60.27","80","100.64.0.5","55052","1448","1572022410","2794701598","946920642","3513813639"
"17:57:03.624338","1500","47.76.60.27","80","100.64.0.5","55052","1448","1572036890","2794701598","946920671","3513813729"
"17:57:03.655949","1500","47.76.60.27","80","100.64.0.5","55052","1448","1572051370","2794701598","946920700","3513813759"
"17:57:03.686051","1500","47.76.60.27","80","100.64.0.5","55052","1448","1572068746","2794701598","946920735","3513813820"
"17:57:03.715199","1500","47.76.60.27","80","100.64.0.5","55052","1448","1572083226","2794701598","946920762","3513813820"
"17:57:03.746323","1500","47.76.60.27","80","100.64.0.5","55052","1448","1572100602","2794701598","946920795","3513813881"
"17:57:03.776418","1500","47.76.60.27","80","100.64.0.5","55052","1448","1572104946","2794701598","946920824","3513813911"
"17:57:03.806516","1500","47.76.60.27","80","100.64.0.5","55052","1448","1572106394","2794701598","946920855","3513813941"
"17:57:03.897611","1500","47.76.60.27","80","100.64.0.5","55052","1448","1571900778","2794701598","946921073","3513814153"
"17:57:03.928017","1500","47.76.60.27","80","100.64.0.5","55052","1448","1571902226","2794701598","946921097","3513814184"
"17:57:03.958466","1500","47.76.60.27","80","100.64.0.5","55052","1448","1571903674","2794701598","946921099","3513814184"
"17:57:03.988144","1500","47.76.60.27","80","100.64.0.5","55052","1448","1571905122","2794701598","946921099","3513814184"
"17:57:04.018191","1500","47.76.60.27","80","100.64.0.5","55052","1448","1571906570","2794701598","946921104","3513814184"
"17:57:04.049822","1500","47.76.60.27","80","100.64.0.5","55052","1448","1571908018","2794701598","946921104","3513814184"
"17:57:04.079932","1500","47.76.60.27","80","100.64.0.5","55052","1448","1571916706","2794701598","946921124","3513814184"
"17:57:04.109656","1500","47.76.60.27","80","100.64.0.5","55052","1448","1571935530","2794701598","946921159","3513814244"
"17:57:04.140753","1500","47.76.60.27","80","100.64.0.5","55052","1448","1571950010","2794701598","946921187","3513814244"
"17:57:04.170325","1500","47.76.60.27","80","100.64.0.5","55052","1448","1571964490","2794701598","946921215","3513814244"
"17:57:04.200586","1500","47.76.60.27","80","100.64.0.5","55052","1448","1571981866","2794701598","946921248","3513814244"
"17:57:04.231578","1500","47.76.60.27","80","100.64.0.5","55052","1448","1571987658","2794701598","946921259","3513814335"
"17:57:04.261213","1500","47.76.60.27","80","100.64.0.5","55052","1448","1572013722","2794701598","946921309","3513814366"
"17:57:04.291122","1500","47.76.60.27","80","100.64.0.5","55052","1448","1572031098","2794701598","946921342","3513814396"
"17:57:04.321373","1500","47.76.60.27","80","100.64.0.5","55052","1448","1572045578","2794701598","946921369","3513814426"
"17:57:04.352477","1500","47.76.60.27","80","100.64.0.5","55052","1448","1572060058","2794701598","946921397","3513814456"
"17:57:04.382612","1500","47.76.60.27","80","100.64.0.5","55052","1448","1572077434","2794701598","946921430","3513814488"
"17:57:04.412763","1500","47.76.60.27","80","100.64.0.5","55052","1448","1572091914","2794701598","946921458","3513814518"
"17:57:04.443964","1500","47.76.60.27","80","100.64.0.5","55052","1448","1572107842","2794701598","946921488","3513814547"
"17:57:04.807031","1500","47.76.60.27","80","100.64.0.5","55052","1448","1571951458","2794701598","946922001","3513814882"
"17:57:04.988443","1500","47.76.60.27","80","100.64.0.5","55052","1448","1571952906","2794701598","946922158","3513815245"
"17:57:05.018069","1500","47.76.60.27","80","100.64.0.5","55052","1448","1571954354","2794701598","946922158","3513815245"
"17:57:05.049154","1500","47.76.60.27","80","100.64.0.5","55052","1448","1571955802","2794701598","946922161","3513815245"
"17:57:05.079801","1500","47.76.60.27","80","100.64.0.5","55052","1448","1571957250","2794701598","946922161","3513815245"
"17:57:05.109942","1500","47.76.60.27","80","100.64.0.5","55052","1448","1571958698","2794701598","946922166","3513815245"
"17:57:05.140571","1500","47.76.60.27","80","100.64.0.5","55052","1448","1571970282","2794701598","946922188","3513815245"
"17:57:05.170733","1500","47.76.60.27","80","100.64.0.5","55052","1448","1571984762","2794701598","946922216","3513815245"
"17:57:05.200317","1500","47.76.60.27","80","100.64.0.5","55052","1448","1572002138","2794701598","946922249","3513815245"
"17:57:05.231969","1500","47.76.60.27","80","100.64.0.5","55052","1448","1572016618","2794701598","946922277","3513815245"
"17:57:05.261251","1500","47.76.60.27","80","100.64.0.5","55052","1448","1572033994","2794701598","946922310","3513815245"
"17:57:05.291575","1500","47.76.60.27","80","100.64.0.5","55052","1448","1572048474","2794701598","946922338","3513815245"
"17:57:05.321800","1500","47.76.60.27","80","100.64.0.5","55052","1448","1572065850","2794701598","946922371","3513815456"
"17:57:05.352947","1500","47.76.60.27","80","100.64.0.5","55052","1448","1572080330","2794701598","946922398","3513815456"
"17:57:05.383042","1500","47.76.60.27","80","100.64.0.5","55052","1448","1572097706","2794701598","946922431","3513815518"
"17:57:05.412157","1500","47.76.60.27","80","100.64.0.5","55052","1448","1572112186","2794701598","946922459","3513815518"
"17:57:05.806991","1500","47.76.60.27","80","100.64.0.5","55052","1448","1571960146","2794701598","946922993","3513815850"
"17:57:05.988312","1500","47.76.60.27","80","100.64.0.5","55052","1448","1571961594","2794701598","946923158","3513816245"
"17:57:06.018106","1500","47.76.60.27","80","100.64.0.5","55052","1448","1571963042","2794701598","946923158","3513816245"
"17:57:06.049238","1500","47.76.60.27","80","100.64.0.5","55052","1448","1571964490","2794701598","946923161","3513816245"
"17:57:06.079691","1500","47.76.60.27","80","100.64.0.5","55052","1448","1571965938","2794701598","946923161","3513816245"
"17:57:06.109858","1500","47.76.60.27","80","100.64.0.5","55052","1448","1571967386","2794701598","946923166","3513816245"
"17:57:06.140511","1500","47.76.60.27","80","100.64.0.5","55052","1448","1571978970","2794701598","946923188","3513816245"
"17:57:06.170624","1500","47.76.60.27","80","100.64.0.5","55052","1448","1571993450","2794701598","946923216","3513816245"
"17:57:06.200193","1500","47.76.60.27","80","100.64.0.5","55052","1448","1572010826","2794701598","946923249","3513816245"
"17:57:06.231611","1500","47.76.60.27","80","100.64.0.5","55052","1448","1572025306","2794701598","946923277","3513816245"
"17:57:06.262017","1500","47.76.60.27","80","100.64.0.5","55052","1448","1572042682","2794701598","946923310","3513816245"
"17:57:06.291120","1500","47.76.60.27","80","100.64.0.5","55052","1448","1572057162","2794701598","946923337","3513816245"
"17:57:06.321258","1500","47.76.60.27","80","100.64.0.5","55052","1448","1572074538","2794701598","946923371","3513816456"
"17:57:06.352389","1500","47.76.60.27","80","100.64.0.5","55052","1448","1572089018","2794701598","946923398","3513816456"
"17:57:06.382493","1500","47.76.60.27","80","100.64.0.5","55052","1448","1572104946","2794701598","946923429","3513816487"
"17:57:06.837078","1500","47.76.60.27","80","100.64.0.5","55052","1448","1571968834","2794701598","946924017","3513816820"
"17:57:07.018073","1500","47.76.60.27","80","100.64.0.5","55052","1448","1571971730","2794701598","946924188","3513817275"
"17:57:07.049196","1500","47.76.60.27","80","100.64.0.5","55052","1448","1571973178","2794701598","946924189","3513817275"
"17:57:07.079944","1500","47.76.60.27","80","100.64.0.5","55052","1448","1571974626","2794701598","946924189","3513817275"
"17:57:07.109444","1500","47.76.60.27","80","100.64.0.5","55052","1448","1571976074","2794701598","946924195","3513817275"
"17:57:07.140585","1500","47.76.60.27","80","100.64.0.5","55052","1448","1571977522","2794701598","946924195","3513817275"
"17:57:07.170707","1500","47.76.60.27","80","100.64.0.5","55052","1448","1571987658","2794701598","946924217","3513817275"
"17:57:07.200364","1500","47.76.60.27","80","100.64.0.5","55052","1448","1572005034","2794701598","946924250","3513817275"
"17:57:07.231628","1500","47.76.60.27","80","100.64.0.5","55052","1448","1572019514","2794701598","946924278","3513817275"
"17:57:07.261140","1500","47.76.60.27","80","100.64.0.5","55052","1448","1572033994","2794701598","946924305","3513817275"
"17:57:07.291233","1500","47.76.60.27","80","100.64.0.5","55052","1448","1572051370","2794701598","946924339","3513817275"
"17:57:07.321338","1500","47.76.60.27","80","100.64.0.5","55052","1448","1572068746","2794701598","946924372","3513817456"
"17:57:07.352435","1500","47.76.60.27","80","100.64.0.5","55052","1448","1572083226","2794701598","946924399","3513817456"
"17:57:07.382538","1500","47.76.60.27","80","100.64.0.5","55052","1448","1572100602","2794701598","946924433","3513817518"
"17:57:07.868046","1500","47.76.60.27","80","100.64.0.5","55052","1448","1571980418","2794701598","946925041","3513817820"
"17:57:08.049101","1500","47.76.60.27","80","100.64.0.5","55052","1448","1571983314","2794701598","946925218","3513818306"
"17:57:08.079093","1500","47.76.60.27","80","100.64.0.5","55052","1448","1571984762","2794701598","946925219","3513818306"
"17:57:08.109801","1500","47.76.60.27","80","100.64.0.5","55052","1448","1571986210","2794701598","946925219","3513818306"
"17:57:08.141040","1500","47.76.60.27","80","100.64.0.5","55052","1448","1571987658","2794701598","946925225","3513818306"
"17:57:08.170572","1500","47.76.60.27","80","100.64.0.5","55052","1448","1571989106","2794701598","946925225","3513818306"
"17:57:08.200693","1500","47.76.60.27","80","100.64.0.5","55052","1448","1571999242","2794701598","946925247","3513818306"
"17:57:08.231328","1500","47.76.60.27","80","100.64.0.5","55052","1448","1572013722","2794701598","946925275","3513818306"
"17:57:08.261907","1500","47.76.60.27","80","100.64.0.5","55052","1448","1572031098","2794701598","946925308","3513818306"
"17:57:08.291080","1500","47.76.60.27","80","100.64.0.5","55052","1448","1572048474","2794701598","946925341","3513818306"
"17:57:08.321166","1500","47.76.60.27","80","100.64.0.5","55052","1448","1572062954","2794701598","946925369","3513818306"
"17:57:08.352260","1500","47.76.60.27","80","100.64.0.5","55052","1448","1572080330","2794701598","946925402","3513818487"
"17:57:08.382360","1500","47.76.60.27","80","100.64.0.5","55052","1448","1572094810","2794701598","946925429","3513818487"
"17:57:08.412463","1500","47.76.60.27","80","100.64.0.5","55052","1448","1572110738","2794701598","946925460","3513818517"
"17:57:08.898080","1500","47.76.60.27","80","100.64.0.5","55052","1448","1571990554","2794701598","946926065","3513818850"
"17:57:09.079238","1500","47.76.60.27","80","100.64.0.5","55052","1448","1571992002","2794701598","946926249","3513819336"
"17:57:09.109432","1500","47.76.60.27","80","100.64.0.5","55052","1448","1571993450","2794701598","946926251","3513819336"
"17:57:09.141043","1500","47.76.60.27","80","100.64.0.5","55052","1448","1571994898","2794701598","946926251","3513819336"
"17:57:09.170586","1500","47.76.60.27","80","100.64.0.5","55052","1448","1571996346","2794701598","946926256","3513819336"
"17:57:09.200252","1500","47.76.60.27","80","100.64.0.5","55052","1448","1571997794","2794701598","946926256","3513819336"
"17:57:09.231916","1500","47.76.60.27","80","100.64.0.5","55052","1448","1572007930","2794701598","946926278","3513819336"
"17:57:09.261411","1500","47.76.60.27","80","100.64.0.5","55052","1448","1572022410","2794701598","946926306","3513819336"
"17:57:09.291227","1500","47.76.60.27","80","100.64.0.5","55052","1448","1572039786","2794701598","946926339","3513819336"
"17:57:09.321336","1500","47.76.60.27","80","100.64.0.5","55052","1448","1572054266","2794701598","946926367","3513819336"
"17:57:09.352443","1500","47.76.60.27","80","100.64.0.5","55052","1448","1572071642","2794701598","946926400","3513819336"
"17:57:09.382558","1500","47.76.60.27","80","100.64.0.5","55052","1448","1572086122","2794701598","946926427","3513819336"
"17:57:09.412673","1500","47.76.60.27","80","100.64.0.5","55052","1448","1572103498","2794701598","946926461","3513819517"
"17:57:09.594511","52","47.76.60.27","80","100.64.0.5","55052","0","1572114284","2794701599","946926766","3513819863"
