_ws.col.Time,frame.len,ip.src,tcp.srcport,ip.dst,tcp.dstport,tcp.len,tcp.seq_raw,tcp.ack_raw,tcp.options.timestamp.tsval,tcp.options.timestamp.tsecr
"07:35:54.295321","52","47.83.16.111","80","100.64.0.5","49470","0","3777783204","1368024470","1985155630","1643354422"
"07:35:54.307406","1500","47.83.16.111","80","100.64.0.5","49470","1448","3777783204","1368024470","1985155630","1643354422"
"07:35:54.319514","1500","47.83.16.111","80","100.64.0.5","49470","1448","3777784652","1368024470","1985155630","1643354422"
"07:35:54.331607","1500","47.83.16.111","80","100.64.0.5","49470","1448","3777786100","1368024470","1985155630","1643354422"
"07:35:54.343693","1500","47.83.16.111","80","100.64.0.5","49470","1448","3777788996","1368024470","1985155630","1643354422"
"07:35:54.355777","1500","47.83.16.111","80","100.64.0.5","49470","1448","3777787548","1368024470","1985155630","1643354422"
"07:35:54.368885","1500","47.83.16.111","80","100.64.0.5","49470","1448","3777790444","1368024470","1985155630","1643354422"
"07:35:54.380999","1500","47.83.16.111","80","100.64.0.5","49470","1448","3777791892","1368024470","1985155630","1643354422"
"07:35:54.392092","1500","47.83.16.111","80","100.64.0.5","49470","1448","3777793340","1368024470","1985155630","1643354422"
"07:35:54.404176","1500","47.83.16.111","80","100.64.0.5","49470","1448","3777794788","1368024470","1985155630","1643354422"
"07:35:54.416270","1500","47.83.16.111","80","100.64.0.5","49470","1448","3777796236","1368024470","1985155630","1643354422"
"07:35:54.549024","1500","47.83.16.111","80","100.64.0.5","49470","1448","3777799132","1368024470","1985155883","1643354675"
"07:35:54.560074","1500","47.83.16.111","80","100.64.0.5","49470","1448","3777797684","1368024470","1985155883","1643354675"
"07:35:54.572138","1500","47.83.16.111","80","100.64.0.5","49470","1448","3777800580","1368024470","1985155895","1643354687"
"07:35:54.584204","1500","47.83.16.111","80","100.64.0.5","49470","1448","3777802028","1368024470","1985155895","1643354687"
"07:35:54.596295","1500","47.83.16.111","80","100.64.0.5","49470","1448","3777803476","1368024470","1985155907","1643354699"
"07:35:54.608374","1500","47.83.16.111","80","100.64.0.5","49470","1448","3777804924","1368024470","1985155907","1643354699"
"07:35:54.621460","1500","47.83.16.111","80","100.64.0.5","49470","1448","3777806372","1368024470","1985155919","1643354711"
"07:35:54.633557","1500","47.83.16.111","80","100.64.0.5","49470","1448","3777807820","1368024470","1985155932","1643354724"
"07:35:54.645636","1500","47.83.16.111","80","100.64.0.5","49470","1448","3777809268","1368024470","1985155932","1643354724"
"07:35:54.657720","1500","47.83.16.111","80","100.64.0.5","49470","1448","3777810716","1368024470","1985155945","1643354737"
"07:35:54.669804","1500","47.83.16.111","80","100.64.0.5","49470","1448","3777812164","1368024470","1985155945","1643354737"
"07:35:54.681889","1500","47.83.16.111","80","100.64.0.5","49470","1448","3777813612","1368024470","1985155956","1643354749"
"07:35:54.693976","1500","47.83.16.111","80","100.64.0.5","49470","1448","3777815060","1368024470","1985155956","1643354749"
"07:35:54.706062","1500","47.83.16.111","80","100.64.0.5","49470","1448","3777816508","1368024470","1985155968","1643354760"
"07:35:54.717147","1500","47.83.16.111","80","100.64.0.5","49470","1448","3777817956","1368024470","1985155968","1643354760"
"07:35:54.729231","1500","47.83.16.111","80","100.64.0.5","49470","1448","3777819404","1368024470","1985155981","1643354772"
"07:35:54.741317","1500","47.83.16.111","80","100.64.0.5","49470","1448","3777820852","1368024470","1985155981","1643354772"
"07:35:54.753401","1500","47.83.16.111","80","100.64.0.5","49470","1448","3777822300","1368024470","1985155992","1643354784"
"07:35:54.765501","1500","47.83.16.111","80","100.64.0.5","49470","1448","3777823748","1368024470","1985155992","1643354784"
"07:35:54.789373","1500","47.83.16.111","80","100.64.0.5","49470","1448","3777825196","1368024470","1985156124","1643354917"
"07:35:54.801531","1500","47.83.16.111","80","100.64.0.5","49470","1448","3777826644","1368024470","1985156136","1643354928"
"07:35:54.813598","1500","47.83.16.111","80","100.64.0.5","49470","1448","3777828092","1368024470","1985156136","1643354928"
"07:35:54.825718","1500","47.83.16.111","80","100.64.0.5","49470","1448","3777829540","1368024470","1985156148","1643354940"
"07:35:54.837773","1500","47.83.16.111","80","100.64.0.5","49470","1448","3777830988","1368024470","1985156148","1643354940"
"07:35:54.849846","1500","47.83.16.111","80","100.64.0.5","49470","1448","3777832436","1368024470","1985156161","1643354952"
"07:35:54.862675","1500","47.83.16.111","80","100.64.0.5","49470","1448","3777833884","1368024470","1985156161","1643354952"
"07:35:54.874772","1500","47.83.16.111","80","100.64.0.5","49470","1448","3777835332","1368024470","1985156172","1643354964"
"07:35:54.886914","1500","47.83.16.111","80","100.64.0.5","49470","1448","3777836780","1368024470","1985156172","1643354964"
"07:35:54.898966","1500","47.83.16.111","80","100.64.0.5","49470","1448","3777838228","1368024470","1985156185","1643354976"
"07:35:54.911019","1500","47.83.16.111","80","100.64.0.5","49470","1448","3777839676","1368024470","1985156185","1643354976"
"07:35:54.922885","1500","47.83.16.111","80","100.64.0.5","49470","1448","3777841124","1368024470","1985156197","1643354989"
"07:35:54.934963","1500","47.83.16.111","80","100.64.0.5","49470","1448","3777842572","1368024470","1985156197","1643354989"
"07:35:54.946105","1500","47.83.16.111","80","100.64.0.5","49470","1448","3777844020","1368024470","1985156209","1643355001"
"07:35:54.958150","1500","47.83.16.111","80","100.64.0.5","49470","1448","3777845468","1368024470","1985156209","1643355001"
"07:35:54.970286","1500","47.83.16.111","80","100.64.0.5","49470","1448","3777846916","1368024470","1985156221","1643355013"
"07:35:54.982258","1500","47.83.16.111","80","100.64.0.5","49470","1448","3777848364","1368024470","1985156221","1643355013"
"07:35:54.994172","1500","47.83.16.111","80","100.64.0.5","49470","1448","3777849812","1368024470","1985156233","1643355025"
"07:35:55.006238","1500","47.83.16.111","80","100.64.0.5","49470","1448","3777851260","1368024470","1985156233","1643355025"
"07:35:55.018324","1500","47.83.16.111","80","100.64.0.5","49470","1448","3777852708","1368024470","1985156245","1643355038"
"07:35:55.030443","1500","47.83.16.111","80","100.64.0.5","49470","1448","3777854156","1368024470","1985156245","1643355038"
"07:35:55.042610","1500","47.83.16.111","80","100.64.0.5","49470","1448","3777855604","1368024470","1985156258","1643355050"
"07:35:55.054406","1500","47.83.16.111","80","100.64.0.5","49470","1448","3777857052","1368024470","1985156258","1643355050"
"07:35:55.066439","1500","47.83.16.111","80","100.64.0.5","49470","1448","3777858500","1368024470","1985156269","1643355062"
"07:35:55.078730","1500","47.83.16.111","80","100.64.0.5","49470","1448","3777859948","1368024470","1985156269","1643355062"
"07:35:55.090579","1500","47.83.16.111","80","100.64.0.5","49470","1448","3777862844","1368024470","1985156281","1643355074"
"07:35:55.102646","1500","47.83.16.111","80","100.64.0.5","49470","1448","3777861396","1368024470","1985156281","1643355074"
"07:35:55.115541","1500","47.83.16.111","80","100.64.0.5","49470","1448","3777864292","1368024470","1985156293","1643355085"
"07:35:55.127614","1500","47.83.16.111","80","100.64.0.5","49470","1448","3777865740","1368024470","1985156293","1643355085"
"07:35:55.139695","1500","47.83.16.111","80","100.64.0.5","49470","1448","3777867188","1368024470","1985156305","1643355097"
"07:35:55.151698","1500","47.83.16.111","80","100.64.0.5","49470","1448","3777868636","1368024470","1985156305","1643355097"
"07:35:55.163806","1500","47.83.16.111","80","100.64.0.5","49470","1448","3777870084","1368024470","1985156317","1643355109"
"07:35:55.175703","1500","47.83.16.111","80","100.64.0.5","49470","1448","3777871532","1368024470","1985156317","1643355109"
"07:35:55.187723","1500","47.83.16.111","80","100.64.0.5","49470","1448","3777872980","1368024470","1985156330","1643355121"
"07:35:55.199946","1500","47.83.16.111","80","100.64.0.5","49470","1448","3777874428","1368024470","1985156330","1643355121"
"07:35:55.211877","1500","47.83.16.111","80","100.64.0.5","49470","1448","3777875876","1368024470","1985156341","1643355133"
"07:35:55.223921","1500","47.83.16.111","80","100.64.0.5","49470","1448","3777877324","1368024470","1985156341","1643355133"
"07:35:55.235919","1500","47.83.16.111","80","100.64.0.5","49470","1448","3777878772","1368024470","1985156366","1643355157"
"07:35:55.247922","1500","47.83.16.111","80","100.64.0.5","49470","1448","3777880220","1368024470","1985156366","1643355157"
"07:35:55.260038","1500","47.83.16.111","80","100.64.0.5","49470","1448","3777881668","1368024470","1985156377","1643355169"
"07:35:55.272016","1500","47.83.16.111","80","100.64.0.5","49470","1448","3777884564","1368024470","1985156389","1643355181"
"07:35:55.284062","1500","47.83.16.111","80","100.64.0.5","49470","1448","3777887460","1368024470","1985156401","1643355193"
"07:35:55.295080","1500","47.83.16.111","80","100.64.0.5","49470","1448","3777890356","1368024470","1985156413","1643355206"
"07:35:55.308021","1500","47.83.16.111","80","100.64.0.5","49470","1448","3777894700","1368024470","1985156426","1643355218"
"07:35:55.319213","1500","47.83.16.111","80","100.64.0.5","49470","1448","3777896148","1368024470","1985156438","1643355230"
"07:35:55.331223","1500","47.83.16.111","80","100.64.0.5","49470","1448","3777899044","1368024470","1985156450","1643355243"
"07:35:55.343169","1500","47.83.16.111","80","100.64.0.5","49470","1448","3777901940","1368024470","1985156463","1643355255"
"07:35:55.355311","1500","47.83.16.111","80","100.64.0.5","49470","1448","3777904836","1368024470","1985156474","1643355267"
"07:35:55.368321","1500","47.83.16.111","80","100.64.0.5","49470","1448","3777906284","1368024470","1985156486","1643355279"
"07:35:55.380227","1500","47.83.16.111","80","100.64.0.5","49470","1448","3777907732","1368024470","1985156499","1643355291"
"07:35:55.392342","1500","47.83.16.111","80","100.64.0.5","49470","1448","3777909180","1368024470","1985156510","1643355303"
"07:35:55.404255","1500","47.83.16.111","80","100.64.0.5","49470","1448","3777910628","1368024470","1985156522","1643355314"
"07:35:55.416462","1500","47.83.16.111","80","100.64.0.5","49470","1448","3777912076","1368024470","1985156534","1643355326"
"07:35:55.428431","1500","47.83.16.111","80","100.64.0.5","49470","1448","3777913524","1368024470","1985156546","1643355338"
"07:35:55.440325","1500","47.83.16.111","80","100.64.0.5","49470","1448","3777914972","1368024470","1985156558","1643355350"
"07:35:55.452535","1500","47.83.16.111","80","100.64.0.5","49470","1448","3777916420","1368024470","1985156570","1643355362"
"07:35:55.464474","1500","47.83.16.111","80","100.64.0.5","49470","1448","3777917868","1368024470","1985156582","1643355374"
"07:35:55.476493","1500","47.83.16.111","80","100.64.0.5","49470","1448","3777919316","1368024470","1985156594","1643355386"
"07:35:55.488575","1500","47.83.16.111","80","100.64.0.5","49470","1448","3777920764","1368024470","1985156606","1643355398"
"07:35:55.500515","1500","47.83.16.111","80","100.64.0.5","49470","1448","3777922212","1368024470","1985156618","1643355410"
"07:35:55.512600","1500","47.83.16.111","80","100.64.0.5","49470","1448","3777923660","1368024470","1985156630","1643355422"
"07:35:55.524580","1500","47.83.16.111","80","100.64.0.5","49470","1448","3777925108","1368024470","1985156642","1643355434"
"07:35:55.536612","1500","47.83.16.111","80","100.64.0.5","49470","1448","3777926556","1368024470","1985156654","1643355446"
"07:35:55.548764","1500","47.83.16.111","80","100.64.0.5","49470","1448","3777928004","1368024470","1985156666","1643355458"
"07:35:55.560806","1500","47.83.16.111","80","100.64.0.5","49470","1448","3777929452","1368024470","1985156680","1643355470"
"07:35:55.572730","1500","47.83.16.111","80","100.64.0.5","49470","1448","3777930900","1368024470","1985156692","1643355483"
"07:35:55.584699","1500","47.83.16.111","80","100.64.0.5","49470","1448","3777932348","1368024470","1985156703","1643355495"
"07:35:55.596693","1500","47.83.16.111","80","100.64.0.5","49470","1448","3777933796","1368024470","1985156716","1643355507"
"07:35:55.608860","1500","47.83.16.111","80","100.64.0.5","49470","1448","3777935244","1368024470","1985156727","1643355519"
"07:35:55.621979","1500","47.83.16.111","80","100.64.0.5","49470","1448","3777936692","1368024470","1985156739","1643355532"
"07:35:55.633909","1500","47.83.16.111","80","100.64.0.5","49470","1448","3777938140","1368024470","1985156751","1643355543"
"07:35:55.645998","1500","47.83.16.111","80","100.64.0.5","49470","1448","3777939588","1368024470","1985156763","1643355555"
"07:35:55.657849","1500","47.83.16.111","80","100.64.0.5","49470","1448","3777941036","1368024470","1985156775","1643355568"
"07:35:55.669911","1500","47.83.16.111","80","100.64.0.5","49470","1448","3777942484","1368024470","1985156788","1643355580"
"07:35:55.681144","1500","47.83.16.111","80","100.64.0.5","49470","1448","3777943932","1368024470","1985156799","1643355592"
"07:35:55.693310","1500","47.83.16.111","80","100.64.0.5","49470","1448","3777945380","1368024470","1985156812","1643355604"
"07:35:55.705200","1500","47.83.16.111","80","100.64.0.5","49470","1448","3777946828","1368024470","1985156824","1643355616"
"07:35:55.717248","1500","47.83.16.111","80","100.64.0.5","49470","1448","3777948276","1368024470","1985156835","1643355628"
"07:35:55.730062","1500","47.83.16.111","80","100.64.0.5","49470","1448","3777949724","1368024470","1985156847","1643355640"
"07:35:55.741342","1500","47.83.16.111","80","100.64.0.5","49470","1448","3777951172","1368024470","1985156859","1643355652"
"07:35:55.753439","1500","47.83.16.111","80","100.64.0.5","49470","1448","3777883116","1368024470","1985156871","1643355663"
"07:35:55.765433","1500","47.83.16.111","80","100.64.0.5","49470","1448","3777952620","1368024470","1985156883","1643355676"
"07:35:55.777550","1500","47.83.16.111","80","100.64.0.5","49470","1448","3777954068","1368024470","1985156895","1643355687"
"07:35:55.789648","1500","47.83.16.111","80","100.64.0.5","49470","1448","3777955516","1368024470","1985156907","1643355699"
"07:35:55.801378","1500","47.83.16.111","80","100.64.0.5","49470","1448","3777956964","1368024470","1985156919","1643355711"
"07:35:55.813701","1500","47.83.16.111","80","100.64.0.5","49470","1448","3777958412","1368024470","1985156932","1643355723"
"07:35:55.825680","1500","47.83.16.111","80","100.64.0.5","49470","1448","3777959860","1368024470","1985156944","1643355736"
"07:35:55.837776","1500","47.83.16.111","80","100.64.0.5","49470","1448","3777961308","1368024470","1985156956","1643355748"
"07:35:55.849800","1500","47.83.16.111","80","100.64.0.5","49470","1448","3777962756","1368024470","1985156968","1643355760"
"07:35:55.862886","1500","47.83.16.111","80","100.64.0.5","49470","1448","3777964204","1368024470","1985156992","1643355784"
"07:35:55.874969","1500","47.83.16.111","80","100.64.0.5","49470","1448","3777965652","1368024470","1985157004","1643355796"
"07:35:55.886781","1500","47.83.16.111","80","100.64.0.5","49470","1448","3777967100","1368024470","1985157016","1643355808"
"07:35:55.898995","1500","47.83.16.111","80","100.64.0.5","49470","1448","3777968548","1368024470","1985157028","1643355820"
"07:35:55.910968","1500","47.83.16.111","80","100.64.0.5","49470","1448","3777969996","1368024470","1985157040","1643355832"
"07:35:55.922992","1500","47.83.16.111","80","100.64.0.5","49470","1448","3777971444","1368024470","1985157052","1643355844"
"07:35:55.935060","1500","47.83.16.111","80","100.64.0.5","49470","1448","3777972892","1368024470","1985157064","1643355856"
"07:35:55.946143","1500","47.83.16.111","80","100.64.0.5","49470","1448","3777974340","1368024470","1985157076","1643355868"
"07:35:55.959006","1500","47.83.16.111","80","100.64.0.5","49470","1448","3777975788","1368024470","1985157100","1643355892"
"07:35:55.970154","1500","47.83.16.111","80","100.64.0.5","49470","1448","3777977236","1368024470","1985157112","1643355904"
"07:35:55.982159","1500","47.83.16.111","80","100.64.0.5","49470","1448","3777978684","1368024470","1985157124","1643355917"
"07:35:55.994195","1500","47.83.16.111","80","100.64.0.5","49470","1448","3777980132","1368024470","1985157136","1643355929"
"07:35:56.006308","1500","47.83.16.111","80","100.64.0.5","49470","1448","3777981580","1368024470","1985157149","1643355940"
"07:35:56.018400","1500","47.83.16.111","80","100.64.0.5","49470","1448","3777983028","1368024470","1985157160","1643355952"
"07:35:56.030203","1500","47.83.16.111","80","100.64.0.5","49470","1448","3777984476","1368024470","1985157172","1643355964"
"07:35:56.042252","1500","47.83.16.111","80","100.64.0.5","49470","1448","3777985924","1368024470","1985157186","1643355977"
"07:35:56.054333","1500","47.83.16.111","80","100.64.0.5","49470","1448","3777987372","1368024470","1985157221","1643356014"
"07:35:56.066350","1500","47.83.16.111","80","100.64.0.5","49470","1448","3777988820","1368024470","1985157233","1643356026"
"07:35:56.078553","1500","47.83.16.111","80","100.64.0.5","49470","1448","3777990268","1368024470","1985157245","1643356038"
"07:35:56.090318","1500","47.83.16.111","80","100.64.0.5","49470","1448","3777991716","1368024470","1985157257","1643356049"
"07:35:56.102454","1500","47.83.16.111","80","100.64.0.5","49470","1448","3777993164","1368024470","1985157269","1643356061"
"07:35:56.115437","1500","47.83.16.111","80","100.64.0.5","49470","1448","3777994612","1368024470","1985157281","1643356073"
"07:35:56.127462","1500","47.83.16.111","80","100.64.0.5","49470","1448","3777996060","1368024470","1985157293","1643356085"
"07:35:56.139536","1500","47.83.16.111","80","100.64.0.5","49470","1448","3777997508","1368024470","1985157305","1643356098"
"07:35:56.151443","1500","47.83.16.111","80","100.64.0.5","49470","1448","3777998956","1368024470","1985157317","1643356109"
"07:35:56.163648","1500","47.83.16.111","80","100.64.0.5","49470","1448","3777886012","1368024470","1985157329","1643356121"
"07:35:56.175556","1500","47.83.16.111","80","100.64.0.5","49470","1448","3778000404","1368024470","1985157329","1643356121"
"07:35:56.187538","1500","47.83.16.111","80","100.64.0.5","49470","1448","3778001852","1368024470","1985157342","1643356133"
"07:35:56.199645","1500","47.83.16.111","80","100.64.0.5","49470","1448","3778003300","1368024470","1985157353","1643356145"
"07:35:56.211631","1500","47.83.16.111","80","100.64.0.5","49470","1448","3778004748","1368024470","1985157365","1643356157"
"07:35:56.223709","1500","47.83.16.111","80","100.64.0.5","49470","1448","3778006196","1368024470","1985157378","1643356169"
"07:35:56.235660","1500","47.83.16.111","80","100.64.0.5","49470","1448","3778007644","1368024470","1985157389","1643356181"
"07:35:56.247634","1500","47.83.16.111","80","100.64.0.5","49470","1448","3778009092","1368024470","1985157401","1643356193"
"07:35:56.259900","1500","47.83.16.111","80","100.64.0.5","49470","1448","3778010540","1368024470","1985157413","1643356206"
"07:35:56.271829","1500","47.83.16.111","80","100.64.0.5","49470","1448","3778011988","1368024470","1985157426","1643356218"
"07:35:56.283837","1500","47.83.16.111","80","100.64.0.5","49470","1448","3778013436","1368024470","1985157439","1643356231"
"07:35:56.295753","1500","47.83.16.111","80","100.64.0.5","49470","1448","3778014884","1368024470","1985157450","1643356243"
"07:35:56.307789","1500","47.83.16.111","80","100.64.0.5","49470","1448","3778016332","1368024470","1985157462","1643356255"
"07:35:56.319860","1500","47.83.16.111","80","100.64.0.5","49470","1448","3778017780","1368024470","1985157474","1643356267"
"07:35:56.331686","1500","47.83.16.111","80","100.64.0.5","49470","1448","3778019228","1368024470","1985157488","1643356279"
"07:35:56.343934","1500","47.83.16.111","80","100.64.0.5","49470","1448","3778020676","1368024470","1985157498","1643356291"
"07:35:56.355966","1500","47.83.16.111","80","100.64.0.5","49470","1448","3778022124","1368024470","1985157510","1643356303"
"07:35:56.368924","1500","47.83.16.111","80","100.64.0.5","49470","1448","3778023572","1368024470","1985157522","1643356314"
"07:35:56.380983","1500","47.83.16.111","80","100.64.0.5","49470","1448","3778025020","1368024470","1985157534","1643356327"
"07:35:56.392828","1500","47.83.16.111","80","100.64.0.5","49470","1448","3778026468","1368024470","1985157546","1643356338"
"07:35:56.404925","1500","47.83.16.111","80","100.64.0.5","49470","1448","3778027916","1368024470","1985157558","1643356350"
"07:35:56.417026","1500","47.83.16.111","80","100.64.0.5","49470","1448","3778029364","1368024470","1985157570","1643356362"
"07:35:56.428259","1500","47.83.16.111","80","100.64.0.5","49470","1448","3778030812","1368024470","1985157582","1643356374"
"07:35:56.440115","1500","47.83.16.111","80","100.64.0.5","49470","1448","3778032260","1368024470","1985157594","1643356386"
"07:35:56.452207","1500","47.83.16.111","80","100.64.0.5","49470","1448","3778033708","1368024470","1985157606","1643356398"
"07:35:56.464083","1500","47.83.16.111","80","100.64.0.5","49470","1448","3778035156","1368024470","1985157618","1643356410"
"07:35:56.476209","1500","47.83.16.111","80","100.64.0.5","49470","1448","3778036604","1368024470","1985157630","1643356422"
"07:35:56.488289","1500","47.83.16.111","80","100.64.0.5","49470","1448","3778038052","1368024470","1985157642","1643356434"
"07:35:56.500291","1500","47.83.16.111","80","100.64.0.5","49470","1448","3778039500","1368024470","1985157654","1643356446"
"07:35:56.512363","1500","47.83.16.111","80","100.64.0.5","49470","1448","3778040948","1368024470","1985157666","1643356458"
"07:35:56.524179","1500","47.83.16.111","80","100.64.0.5","49470","1448","3778042396","1368024470","1985157679","1643356470"
"07:35:56.536309","1500","47.83.16.111","80","100.64.0.5","49470","1448","3778043844","1368024470","1985157691","1643356483"
"07:35:56.548523","1500","47.83.16.111","80","100.64.0.5","49470","1448","3778045292","1368024470","1985157703","1643356495"
"07:35:56.560451","1500","47.83.16.111","80","100.64.0.5","49470","1448","3778046740","1368024470","1985157715","1643356507"
"07:35:56.572512","1500","47.83.16.111","80","100.64.0.5","49470","1448","3778048188","1368024470","1985157727","1643356519"
"07:35:56.584315","1500","47.83.16.111","80","100.64.0.5","49470","1448","3777888908","1368024470","1985157758","1643356531"
"07:35:56.596439","1500","47.83.16.111","80","100.64.0.5","49470","1448","3778049636","1368024470","1985157758","1643356531"
"07:35:56.608567","1500","47.83.16.111","80","100.64.0.5","49470","1448","3778051084","1368024470","1985157758","1643356543"
"07:35:56.621582","1500","47.83.16.111","80","100.64.0.5","49470","1448","3778052532","1368024470","1985157763","1643356555"
"07:35:56.633633","1500","47.83.16.111","80","100.64.0.5","49470","1448","3778053980","1368024470","1985157775","1643356567"
"07:35:56.645465","1500","47.83.16.111","80","100.64.0.5","49470","1448","3778055428","1368024470","1985157787","1643356579"
"07:35:56.657554","1500","47.83.16.111","80","100.64.0.5","49470","1448","3778056876","1368024470","1985157800","1643356591"
"07:35:56.669650","1500","47.83.16.111","80","100.64.0.5","49470","1448","3778058324","1368024470","1985157811","1643356603"
"07:35:56.681644","1500","47.83.16.111","80","100.64.0.5","49470","1448","3778059772","1368024470","1985157823","1643356615"
"07:35:56.693732","1500","47.83.16.111","80","100.64.0.5","49470","1448","3778061220","1368024470","1985157835","1643356628"
"07:35:56.705600","1500","47.83.16.111","80","100.64.0.5","49470","1448","3778062668","1368024470","1985157847","1643356640"
"07:35:56.717681","1500","47.83.16.111","80","100.64.0.5","49470","1448","3778064116","1368024470","1985157859","1643356652"
"07:35:56.729763","1500","47.83.16.111","80","100.64.0.5","49470","1448","3778065564","1368024470","1985157871","1643356664"
"07:35:56.741798","1500","47.83.16.111","80","100.64.0.5","49470","1448","3778067012","1368024470","1985157884","1643356676"
"07:35:56.753879","1500","47.83.16.111","80","100.64.0.5","49470","1448","3778068460","1368024470","1985157895","1643356688"
"07:35:56.765741","1500","47.83.16.111","80","100.64.0.5","49470","1448","3778069908","1368024470","1985157907","1643356699"
"07:35:56.777801","1500","47.83.16.111","80","100.64.0.5","49470","1448","3778071356","1368024470","1985157920","1643356712"
"07:35:56.789860","1500","47.83.16.111","80","100.64.0.5","49470","1448","3778072804","1368024470","1985157932","1643356724"
"07:35:56.801909","1500","47.83.16.111","80","100.64.0.5","49470","1448","3778074252","1368024470","1985157945","1643356737"
"07:35:56.813990","1500","47.83.16.111","80","100.64.0.5","49470","1448","3778075700","1368024470","1985157956","1643356749"
"07:35:56.825868","1500","47.83.16.111","80","100.64.0.5","49470","1448","3778077148","1368024470","1985157968","1643356761"
"07:35:56.837904","1500","47.83.16.111","80","100.64.0.5","49470","1448","3778078596","1368024470","1985157981","1643356773"
"07:35:56.850105","1500","47.83.16.111","80","100.64.0.5","49470","1448","3778080044","1368024470","1985157992","1643356785"
"07:35:56.863049","1500","47.83.16.111","80","100.64.0.5","49470","1448","3778081492","1368024470","1985158004","1643356796"
"07:35:56.874075","1500","47.83.16.111","80","100.64.0.5","49470","1448","3778082940","1368024470","1985158016","1643356808"
"07:35:56.886158","1500","47.83.16.111","80","100.64.0.5","49470","1448","3778084388","1368024470","1985158028","1643356820"
"07:35:56.898091","1500","47.83.16.111","80","100.64.0.5","49470","1448","3778085836","1368024470","1985158040","1643356832"
"07:35:56.910205","1500","47.83.16.111","80","100.64.0.5","49470","1448","3778087284","1368024470","1985158052","1643356844"
"07:35:56.922358","1500","47.83.16.111","80","100.64.0.5","49470","1448","3778088732","1368024470","1985158064","1643356856"
"07:35:56.934250","1500","47.83.16.111","80","100.64.0.5","49470","1448","3778090180","1368024470","1985158076","1643356868"
"07:35:56.946347","1500","47.83.16.111","80","100.64.0.5","49470","1448","3778091628","1368024470","1985158088","1643356880"
"07:35:56.958180","1500","47.83.16.111","80","100.64.0.5","49470","1448","3778093076","1368024470","1985158100","1643356892"
"07:35:56.970449","1500","47.83.16.111","80","100.64.0.5","49470","1448","3778094524","1368024470","1985158112","1643356904"
"07:35:56.982492","1500","47.83.16.111","80","100.64.0.5","49470","1448","3778095972","1368024470","1985158124","1643356916"
"07:35:56.994498","1500","47.83.16.111","80","100.64.0.5","49470","1448","3778097420","1368024470","1985158136","1643356928"
"07:35:57.006506","1500","47.83.16.111","80","100.64.0.5","49470","1448","3778098868","1368024470","1985158148","1643356940"
"07:35:57.018961","1500","47.83.16.111","80","100.64.0.5","49470","1448","3777891804","1368024470","1985158160","1643356952"
"07:35:57.030514","1500","47.83.16.111","80","100.64.0.5","49470","1448","3778100316","1368024470","1985158160","1643356952"
"07:35:57.042660","1500","47.83.16.111","80","100.64.0.5","49470","1448","3778101764","1368024470","1985158172","1643356964"
"07:35:57.054743","1500","47.83.16.111","80","100.64.0.5","49470","1448","3778103212","1368024470","1985158185","1643356976"
"07:35:57.066632","1500","47.83.16.111","80","100.64.0.5","49470","1448","3778104660","1368024470","1985158197","1643356989"
"07:35:57.078908","1500","47.83.16.111","80","100.64.0.5","49470","1448","3778106108","1368024470","1985158209","1643357001"
"07:35:57.090176","1500","47.83.16.111","80","100.64.0.5","49470","1448","3778107556","1368024470","1985158221","1643357013"
"07:35:57.102705","1500","47.83.16.111","80","100.64.0.5","49470","1448","3778109004","1368024470","1985158234","1643357025"
"07:35:57.115863","1500","47.83.16.111","80","100.64.0.5","49470","1448","3778110452","1368024470","1985158245","1643357037"
"07:35:57.127749","1500","47.83.16.111","80","100.64.0.5","49470","1448","3778111900","1368024470","1985158257","1643357049"
"07:35:57.139848","1500","47.83.16.111","80","100.64.0.5","49470","1448","3778113348","1368024470","1985158270","1643357061"
"07:35:57.151294","1500","47.83.16.111","80","100.64.0.5","49470","1448","3778114796","1368024470","1985158282","1643357073"
"07:35:57.163379","1500","47.83.16.111","80","100.64.0.5","49470","1448","3778116244","1368024470","1985158293","1643357085"
"07:35:57.175905","1500","47.83.16.111","80","100.64.0.5","49470","1448","3778117692","1368024470","1985158305","1643357098"
"07:35:57.187925","1500","47.83.16.111","80","100.64.0.5","49470","1448","3778119140","1368024470","1985158317","1643357110"
"07:35:57.200024","1500","47.83.16.111","80","100.64.0.5","49470","1448","3778120588","1368024470","1985158329","1643357122"
"07:35:57.211405","1500","47.83.16.111","80","100.64.0.5","49470","1448","3778122036","1368024470","1985158341","1643357133"
"07:35:57.223551","1500","47.83.16.111","80","100.64.0.5","49470","1448","3778123484","1368024470","1985158353","1643357146"
"07:35:57.235577","1500","47.83.16.111","80","100.64.0.5","49470","1448","3778124932","1368024470","1985158365","1643357158"
"07:35:57.247645","1500","47.83.16.111","80","100.64.0.5","49470","1448","3778126380","1368024470","1985158378","1643357170"
"07:35:57.259772","1500","47.83.16.111","80","100.64.0.5","49470","1448","3778127828","1368024470","1985158389","1643357182"
"07:35:57.271777","1500","47.83.16.111","80","100.64.0.5","49470","1448","3778129276","1368024470","1985158401","1643357194"
"07:35:57.283873","1500","47.83.16.111","80","100.64.0.5","49470","1448","3778130724","1368024470","1985158414","1643357206"
"07:35:57.295962","1500","47.83.16.111","80","100.64.0.5","49470","1448","3778132172","1368024470","1985158426","1643357218"
"07:35:57.308039","1500","47.83.16.111","80","100.64.0.5","49470","1448","3778133620","1368024470","1985158438","1643357231"
"07:35:57.319114","1500","47.83.16.111","80","100.64.0.5","49470","1448","3778135068","1368024470","1985158450","1643357242"
"07:35:57.331200","1500","47.83.16.111","80","100.64.0.5","49470","1448","3778136516","1368024470","1985158462","1643357254"
"07:35:57.343298","1500","47.83.16.111","80","100.64.0.5","49470","1448","3778137964","1368024470","1985158474","1643357266"
"07:35:57.355384","1500","47.83.16.111","80","100.64.0.5","49470","1448","3778139412","1368024470","1985158486","1643357278"
"07:35:57.368474","1500","47.83.16.111","80","100.64.0.5","49470","1448","3778140860","1368024470","1985158497","1643357290"
"07:35:57.380520","1500","47.83.16.111","80","100.64.0.5","49470","1448","3778142308","1368024470","1985158510","1643357302"
"07:35:57.392609","1500","47.83.16.111","80","100.64.0.5","49470","1448","3778143756","1368024470","1985158522","1643357314"
"07:35:57.404695","1500","47.83.16.111","80","100.64.0.5","49470","1448","3778145204","1368024470","1985158534","1643357326"
"07:35:57.416789","1500","47.83.16.111","80","100.64.0.5","49470","1448","3778146652","1368024470","1985158546","1643357338"
"07:35:57.428877","1500","47.83.16.111","80","100.64.0.5","49470","1448","3778148100","1368024470","1985158558","1643357350"
"07:35:57.440963","1500","47.83.16.111","80","100.64.0.5","49470","1448","3778149548","1368024470","1985158570","1643357362"
"07:35:57.453048","1500","47.83.16.111","80","100.64.0.5","49470","1448","3778150996","1368024470","1985158582","1643357374"
"07:35:57.464132","1500","47.83.16.111","80","100.64.0.5","49470","1448","3777893252","1368024470","1985158594","1643357387"
"07:35:57.476324","1500","47.83.16.111","80","100.64.0.5","49470","1448","3778152444","1368024470","1985158594","1643357387"
"07:35:57.500533","1500","47.83.16.111","80","100.64.0.5","49470","1448","3778153892","1368024470","1985158606","1643357398"
"07:35:57.512630","1500","47.83.16.111","80","100.64.0.5","49470","1448","3778155340","1368024470","1985158619","1643357410"
"07:35:57.524731","1500","47.83.16.111","80","100.64.0.5","49470","1448","3778156788","1368024470","1985158630","1643357423"
"07:35:57.536821","1500","47.83.16.111","80","100.64.0.5","49470","1448","3778158236","1368024470","1985158642","1643357434"
"07:35:57.548910","1500","47.83.16.111","80","100.64.0.5","49470","1448","3778159684","1368024470","1985158654","1643357447"
"07:35:57.705364","1500","47.83.16.111","80","100.64.0.5","49470","1448","3777897596","1368024470","1985159040","1643357832"
"07:35:57.717473","1500","47.83.16.111","80","100.64.0.5","49470","1448","3778161132","1368024470","1985159040","1643357832"
"07:35:57.729561","1500","47.83.16.111","80","100.64.0.5","49470","1448","3778162580","1368024470","1985159040","1643357832"
"07:35:57.741651","1500","47.83.16.111","80","100.64.0.5","49470","1448","3778164028","1368024470","1985159040","1643357832"
"07:35:57.753739","1500","47.83.16.111","80","100.64.0.5","49470","1448","3778165476","1368024470","1985159040","1643357832"
"07:35:57.765822","1500","47.83.16.111","80","100.64.0.5","49470","1448","3778166924","1368024470","1985159040","1643357832"
"07:35:57.946342","1500","47.83.16.111","80","100.64.0.5","49470","1448","3777900492","1368024470","1985159282","1643358073"
"07:35:57.958462","1500","47.83.16.111","80","100.64.0.5","49470","1448","3778168372","1368024470","1985159282","1643358073"
"07:35:57.970594","1500","47.83.16.111","80","100.64.0.5","49470","1448","3778169820","1368024470","1985159282","1643358073"
"07:35:57.982707","1500","47.83.16.111","80","100.64.0.5","49470","1448","3778171268","1368024470","1985159282","1643358073"
"07:35:57.994800","1500","47.83.16.111","80","100.64.0.5","49470","1448","3778172716","1368024470","1985159282","1643358073"
"07:35:58.187368","1500","47.83.16.111","80","100.64.0.5","49470","1448","3777903388","1368024470","1985159523","1643358314"
"07:35:58.199524","1500","47.83.16.111","80","100.64.0.5","49470","1448","3778174164","1368024470","1985159523","1643358314"
"07:35:58.211674","1500","47.83.16.111","80","100.64.0.5","49470","1448","3778175612","1368024470","1985159523","1643358314"
"07:35:58.223800","1500","47.83.16.111","80","100.64.0.5","49470","1448","3778177060","1368024470","1985159523","1643358314"
"07:35:58.235912","1500","47.83.16.111","80","100.64.0.5","49470","1448","3778178508","1368024470","1985159523","1643358314"
"07:35:58.428738","1500","47.83.16.111","80","100.64.0.5","49470","1448","3778179956","1368024470","1985159763","1643358555"
"07:35:58.440781","1500","47.83.16.111","80","100.64.0.5","49470","1448","3778181404","1368024470","1985159763","1643358555"
"07:35:58.452851","1500","47.83.16.111","80","100.64.0.5","49470","1448","3778184300","1368024470","1985159763","1643358555"
"07:35:58.464940","1500","47.83.16.111","80","100.64.0.5","49470","1448","3778182852","1368024470","1985159763","1643358555"
"07:35:58.477022","1500","47.83.16.111","80","100.64.0.5","49470","1448","3778185748","1368024470","1985159763","1643358555"
"07:35:58.488177","1500","47.83.16.111","80","100.64.0.5","49470","1448","3778187196","1368024470","1985159763","1643358555"
"07:35:58.500355","1500","47.83.16.111","80","100.64.0.5","49470","1448","3778190092","1368024470","1985159763","1643358555"
"07:35:58.512467","1500","47.83.16.111","80","100.64.0.5","49470","1448","3778188644","1368024470","1985159763","1643358555"
"07:35:58.524560","1500","47.83.16.111","80","100.64.0.5","49470","1448","3778191540","1368024470","1985159763","1643358555"
"07:35:58.536670","1500","47.83.16.111","80","100.64.0.5","49470","1448","3778192988","1368024470","1985159763","1643358555"
"07:35:58.548826","1500","47.83.16.111","80","100.64.0.5","49470","1448","3778194436","1368024470","1985159763","1643358555"
"07:35:58.561016","1500","47.83.16.111","80","100.64.0.5","49470","1448","3778195884","1368024470","1985159763","1643358555"
"07:35:58.572223","1500","47.83.16.111","80","100.64.0.5","49470","1448","3778197332","1368024470","1985159763","1643358555"
"07:35:58.584436","1500","47.83.16.111","80","100.64.0.5","49470","1448","3778198780","1368024470","1985159763","1643358555"
"07:35:58.596579","1500","47.83.16.111","80","100.64.0.5","49470","1448","3778200228","1368024470","1985159763","1643358555"
"07:35:58.608736","1500","47.83.16.111","80","100.64.0.5","49470","1448","3778201676","1368024470","1985159763","1643358555"
"07:35:58.621885","1500","47.83.16.111","80","100.64.0.5","49470","1448","3778203124","1368024470","1985159763","1643358555"
"07:35:58.634039","1500","47.83.16.111","80","100.64.0.5","49470","1448","3778204572","1368024470","1985159763","1643358555"
"07:35:58.645196","1500","47.83.16.111","80","100.64.0.5","49470","1448","3778206020","1368024470","1985159763","1643358555"
"07:35:58.657317","1500","47.83.16.111","80","100.64.0.5","49470","1448","3778232084","1368024470","1985159775","1643358567"
"07:35:58.669400","1500","47.83.16.111","80","100.64.0.5","49470","1448","3778234980","1368024470","1985159787","1643358579"
"07:35:58.681482","1500","47.83.16.111","80","100.64.0.5","49470","1448","3778236428","1368024470","1985159799","1643358592"
"07:35:58.693560","1500","47.83.16.111","80","100.64.0.5","49470","1448","3778237876","1368024470","1985159812","1643358604"
"07:35:58.705625","1500","47.83.16.111","80","100.64.0.5","49470","1448","3778239324","1368024470","1985160004","1643358796"
"07:35:58.717703","1500","47.83.16.111","80","100.64.0.5","49470","1448","3778240772","1368024470","1985160016","1643358809"
"07:35:58.729784","1500","47.83.16.111","80","100.64.0.5","49470","1448","3778242220","1368024470","1985160029","1643358821"
"07:35:58.741865","1500","47.83.16.111","80","100.64.0.5","49470","1448","3778243668","1368024470","1985160040","1643358833"
"07:35:58.753948","702","47.83.16.111","80","100.64.0.5","49470","650","3778245116","1368024470","1985160052","1643358845"
"07:35:58.922300","1500","47.83.16.111","80","100.64.0.5","49470","1448","3778207468","1368024470","1985160257","1643359049"
"07:35:59.163771","1500","47.83.16.111","80","100.64.0.5","49470","1448","3778208916","1368024470","1985160498","1643359290"
"07:35:59.404246","1500","47.83.16.111","80","100.64.0.5","49470","1448","3778210364","1368024470","1985160740","1643359532"
"07:35:59.645716","1500","47.83.16.111","80","100.64.0.5","49470","1448","3778211812","1368024470","1985160980","1643359772"
"07:35:59.886125","1500","47.83.16.111","80","100.64.0.5","49470","1448","3778213260","1368024470","1985161222","1643360013"
"07:36:00.127586","1500","47.83.16.111","80","100.64.0.5","49470","1448","3778214708","1368024470","1985161462","1643360254"
"07:36:00.368165","1500","47.83.16.111","80","100.64.0.5","49470","1448","3778216156","1368024470","1985161703","1643360495"
"07:36:00.608725","1500","47.83.16.111","80","100.64.0.5","49470","1448","3778217604","1368024470","1985161944","1643360736"
"07:36:00.849245","1500","47.83.16.111","80","100.64.0.5","49470","1448","3778219052","1368024470","1985162186","1643360976"
"07:36:01.090982","1500","47.83.16.111","80","100.64.0.5","49470","1448","3778220500","1368024470","1985162426","1643361217"
"07:36:01.331434","1500","47.83.16.111","80","100.64.0.5","49470","1448","3778221948","1368024470","1985162666","1643361459"
"07:36:01.572918","1500","47.83.16.111","80","100.64.0.5","49470","1448","3778223396","1368024470","1985162907","1643361699"
"07:36:01.813405","1500","47.83.16.111","80","100.64.0.5","49470","1448","3778224844","1368024470","1985163149","1643361941"
"07:36:02.054921","1500","47.83.16.111","80","100.64.0.5","49470","1448","3778226292","1368024470","1985163389","1643362181"
"07:36:02.295401","1500","47.83.16.111","80","100.64.0.5","49470","1448","3778227740","1368024470","1985163631","1643362423"
"07:36:02.536860","1500","47.83.16.111","80","100.64.0.5","49470","1448","3778229188","1368024470","1985163871","1643362663"
"07:36:02.777298","1500","47.83.16.111","80","100.64.0.5","49470","1448","3778230636","1368024470","1985164113","1643362905"
"07:36:03.018751","1500","47.83.16.111","80","100.64.0.5","49470","1448","3778233532","1368024470","1985164353","1643363145"
"07:36:03.259097","52","47.83.16.111","80","100.64.0.5","49470","0","3778245766","1368024617","1985164594","1643363388"
"07:36:03.271131","1500","47.83.16.111","80","100.64.0.5","49470","1448","3778245766","1368024617","1985164594","1643363388"
"07:36:03.283347","1500","47.83.16.111","80","100.64.0.5","49470","1448","3778247214","1368024617","1985164594","1643363388"
"07:36:03.295474","1500","47.83.16.111","80","100.64.0.5","49470","1448","3778248662","1368024617","1985164594","1643363388"
"07:36:03.307588","1500","47.83.16.111","80","100.64.0.5","49470","1448","3778250110","1368024617","1985164594","1643363388"
"07:36:03.319711","1500","47.83.16.111","80","100.64.0.5","49470","1448","3778251558","1368024617","1985164594","1643363388"
"07:36:03.331840","1500","47.83.16.111","80","100.64.0.5","49470","1448","3778253006","1368024617","1985164594","1643363388"
"07:36:03.343961","1500","47.83.16.111","80","100.64.0.5","49470","1448","3778255902","1368024617","1985164594","1643363388"
"07:36:03.356045","1500","47.83.16.111","80","100.64.0.5","49470","1448","3778254454","1368024617","1985164594","1643363388"
"07:36:03.512186","1500","47.83.16.111","80","100.64.0.5","49470","1448","3778258798","1368024617","1985164847","1643363639"
"07:36:03.524222","1500","47.83.16.111","80","100.64.0.5","49470","1448","3778260246","1368024617","1985164847","1643363639"
"07:36:03.536291","1500","47.83.16.111","80","100.64.0.5","49470","1448","3778257350","1368024617","1985164847","1643363639"
"07:36:03.548370","1500","47.83.16.111","80","100.64.0.5","49470","1448","3778261694","1368024617","1985164847","1643363639"
"07:36:03.560449","1500","47.83.16.111","80","100.64.0.5","49470","1448","3778263142","1368024617","1985164847","1643363639"
"07:36:03.572555","1500","47.83.16.111","80","100.64.0.5","49470","1448","3778264590","1368024617","1985164847","1643363639"
"07:36:03.584610","1500","47.83.16.111","80","100.64.0.5","49470","1448","3778266038","1368024617","1985164847","1643363639"
"07:36:03.596690","1500","47.83.16.111","80","100.64.0.5","49470","1448","3778267486","1368024617","1985164847","1643363639"
"07:36:03.608775","1500","47.83.16.111","80","100.64.0.5","49470","1448","3778268934","1368024617","1985164847","1643363639"
"07:36:03.621897","1500","47.83.16.111","80","100.64.0.5","49470","1448","3778270382","1368024617","1985164847","1643363639"
"07:36:03.634017","1500","47.83.16.111","80","100.64.0.5","49470","1448","3778273278","1368024617","1985164847","1643363639"
"07:36:03.645102","1500","47.83.16.111","80","100.64.0.5","49470","1448","3778271830","1368024617","1985164847","1643363639"
"07:36:03.657191","1500","47.83.16.111","80","100.64.0.5","49470","1448","3778274726","1368024617","1985164847","1643363639"
"07:36:03.669334","1500","47.83.16.111","80","100.64.0.5","49470","1448","3778276174","1368024617","1985164847","1643363639"
"07:36:03.681519","1500","47.83.16.111","80","100.64.0.5","49470","1448","3778277622","1368024617","1985164847","1643363639"
"07:36:03.693657","1500","47.83.16.111","80","100.64.0.5","49470","1448","3778279070","1368024617","1985164847","1643363639"
"07:36:03.705777","1500","47.83.16.111","80","100.64.0.5","49470","1448","3778280518","1368024617","1985164847","1643363639"
"07:36:03.717921","1500","47.83.16.111","80","100.64.0.5","49470","1448","3778281966","1368024617","1985164847","1643363639"
"07:36:03.730066","1500","47.83.16.111","80","100.64.0.5","49470","1448","3778286310","1368024617","1985164847","1643363639"
"07:36:03.741149","1500","47.83.16.111","80","100.64.0.5","49470","1448","3778297894","1368024617","1985164859","1643363651"
"07:36:03.753765","1500","47.83.16.111","80","100.64.0.5","49470","1448","3778300790","1368024617","1985164871","1643363663"
"07:36:03.765972","1500","47.83.16.111","80","100.64.0.5","49470","1448","3778302238","1368024617","1985164883","1643363675"
"07:36:03.777080","1500","47.83.16.111","80","100.64.0.5","49470","1448","3778303686","1368024617","1985164895","1643363687"
"07:36:03.789099","1500","47.83.16.111","80","100.64.0.5","49470","1448","3778305134","1368024617","1985164908","1643363700"
"07:36:03.801249","1500","47.83.16.111","80","100.64.0.5","49470","1448","3778306582","1368024617","1985164920","1643363712"
"07:36:03.813374","1500","47.83.16.111","80","100.64.0.5","49470","1448","3778308030","1368024617","1985164932","1643363724"
"07:36:03.825949","1500","47.83.16.111","80","100.64.0.5","49470","1448","3778309478","1368024617","1985165088","1643363880"
"07:36:03.837150","1500","47.83.16.111","80","100.64.0.5","49470","1448","3778310926","1368024617","1985165101","1643363892"
"07:36:03.849199","1500","47.83.16.111","80","100.64.0.5","49470","1448","3778312374","1368024617","1985165112","1643363904"
"07:36:03.862269","1500","47.83.16.111","80","100.64.0.5","49470","1448","3778313822","1368024617","1985165124","1643363916"
"07:36:03.874479","1500","47.83.16.111","80","100.64.0.5","49470","1448","3778315270","1368024617","1985165136","1643363928"
"07:36:03.886627","1500","47.83.16.111","80","100.64.0.5","49470","1448","3778316718","1368024617","1985165148","1643363940"
"07:36:03.898162","1500","47.83.16.111","80","100.64.0.5","49470","1448","3778318166","1368024617","1985165160","1643363952"
"07:36:03.910314","1500","47.83.16.111","80","100.64.0.5","49470","1448","3778319614","1368024617","1985165172","1643363964"
"07:36:03.922437","1500","47.83.16.111","80","100.64.0.5","49470","1448","3778321062","1368024617","1985165185","1643363977"
"07:36:03.934464","1500","47.83.16.111","80","100.64.0.5","49470","1448","3778322510","1368024617","1985165199","1643363990"
"07:36:03.946662","1500","47.83.16.111","80","100.64.0.5","49470","1448","3778323958","1368024617","1985165209","1643364002"
"07:36:03.958284","1500","47.83.16.111","80","100.64.0.5","49470","1448","3778325406","1368024617","1985165221","1643364013"
"07:36:03.970357","1500","47.83.16.111","80","100.64.0.5","49470","1448","3778326854","1368024617","1985165233","1643364025"
"07:36:03.982890","1500","47.83.16.111","80","100.64.0.5","49470","1448","3778328302","1368024617","1985165245","1643364037"
"07:36:03.994645","1500","47.83.16.111","80","100.64.0.5","49470","1448","3778329750","1368024617","1985165257","1643364049"
"07:36:04.006716","1500","47.83.16.111","80","100.64.0.5","49470","1448","3778331198","1368024617","1985165269","1643364061"
"07:36:04.018435","1500","47.83.16.111","80","100.64.0.5","49470","1448","3778332646","1368024617","1985165281","1643364074"
"07:36:04.030590","1500","47.83.16.111","80","100.64.0.5","49470","1448","3778334094","1368024617","1985165293","1643364086"
"07:36:04.042630","1500","47.83.16.111","80","100.64.0.5","49470","1448","3778335542","1368024617","1985165305","1643364098"
"07:36:04.054779","1500","47.83.16.111","80","100.64.0.5","49470","1448","3778336990","1368024617","1985165317","1643364109"
"07:36:04.066865","1500","47.83.16.111","80","100.64.0.5","49470","1448","3778283414","1368024617","1985165329","1643364122"
"07:36:04.078548","1500","47.83.16.111","80","100.64.0.5","49470","1448","3778338438","1368024617","1985165341","1643364134"
"07:36:04.090632","1500","47.83.16.111","80","100.64.0.5","49470","1448","3778339886","1368024617","1985165353","1643364145"
"07:36:04.102794","1500","47.83.16.111","80","100.64.0.5","49470","1448","3778341334","1368024617","1985165365","1643364157"
"07:36:04.115900","1500","47.83.16.111","80","100.64.0.5","49470","1448","3778342782","1368024617","1985165377","1643364169"
"07:36:04.127928","1500","47.83.16.111","80","100.64.0.5","49470","1448","3778344230","1368024617","1985165389","1643364181"
"07:36:04.139683","1500","47.83.16.111","80","100.64.0.5","49470","1448","3778345678","1368024617","1985165401","1643364194"
"07:36:04.151713","1500","47.83.16.111","80","100.64.0.5","49470","1448","3778347126","1368024617","1985165413","1643364205"
"07:36:04.163887","1500","47.83.16.111","80","100.64.0.5","49470","1448","3778348574","1368024617","1985165438","1643364230"
"07:36:04.176018","1500","47.83.16.111","80","100.64.0.5","49470","1448","3778350022","1368024617","1985165450","1643364242"
"07:36:04.187074","1500","47.83.16.111","80","100.64.0.5","49470","1448","3778351470","1368024617","1985165462","1643364254"
"07:36:04.199158","1500","47.83.16.111","80","100.64.0.5","49470","1448","3778352918","1368024617","1985165474","1643364266"
"07:36:04.211244","1500","47.83.16.111","80","100.64.0.5","49470","1448","3778354366","1368024617","1985165486","1643364278"
"07:36:04.226743","1500","47.83.16.111","80","100.64.0.5","49470","1448","3778355814","1368024617","1985165498","1643364290"
"07:36:04.235110","1500","47.83.16.111","80","100.64.0.5","49470","1448","3778357262","1368024617","1985165510","1643364302"
"07:36:04.247174","1500","47.83.16.111","80","100.64.0.5","49470","1448","3778358710","1368024617","1985165522","1643364314"
"07:36:04.259244","1500","47.83.16.111","80","100.64.0.5","49470","1448","3778360158","1368024617","1985165558","1643364351"
"07:36:04.271855","1500","47.83.16.111","80","100.64.0.5","49470","1448","3778361606","1368024617","1985165570","1643364362"
"07:36:04.283454","1500","47.83.16.111","80","100.64.0.5","49470","1448","3778363054","1368024617","1985165582","1643364374"
"07:36:04.295204","1500","47.83.16.111","80","100.64.0.5","49470","1448","3778364502","1368024617","1985165595","1643364386"
"07:36:04.307260","1500","47.83.16.111","80","100.64.0.5","49470","1448","3778365950","1368024617","1985165607","1643364398"
"07:36:04.319396","1500","47.83.16.111","80","100.64.0.5","49470","1448","3778367398","1368024617","1985165618","1643364410"
"07:36:04.331448","1500","47.83.16.111","80","100.64.0.5","49470","1448","3778368846","1368024617","1985165630","1643364423"
"07:36:04.343554","1500","47.83.16.111","80","100.64.0.5","49470","1448","3778284862","1368024617","1985165642","1643364435"
"07:36:04.355381","1500","47.83.16.111","80","100.64.0.5","49470","1448","3778370294","1368024617","1985165643","1643364435"
"07:36:04.368457","1500","47.83.16.111","80","100.64.0.5","49470","1448","3778371742","1368024617","1985165654","1643364446"
"07:36:04.380541","1500","47.83.16.111","80","100.64.0.5","49470","1448","3778373190","1368024617","1985165666","1643364458"
"07:36:04.392614","1500","47.83.16.111","80","100.64.0.5","49470","1448","3778374638","1368024617","1985165679","1643364471"
"07:36:04.404654","1500","47.83.16.111","80","100.64.0.5","49470","1448","3778376086","1368024617","1985165691","1643364484"
"07:36:04.416548","1500","47.83.16.111","80","100.64.0.5","49470","1448","3778377534","1368024617","1985165703","1643364496"
"07:36:04.428647","1500","47.83.16.111","80","100.64.0.5","49470","1448","3778378982","1368024617","1985165715","1643364507"
"07:36:04.440733","1500","47.83.16.111","80","100.64.0.5","49470","1448","3778380430","1368024617","1985165727","1643364519"
"07:36:04.452856","1500","47.83.16.111","80","100.64.0.5","49470","1448","3778381878","1368024617","1985165740","1643364532"
"07:36:04.464788","1500","47.83.16.111","80","100.64.0.5","49470","1448","3778383326","1368024617","1985165751","1643364544"
"07:36:04.476796","1500","47.83.16.111","80","100.64.0.5","49470","1448","3778384774","1368024617","1985165763","1643364555"
"07:36:04.488911","1500","47.83.16.111","80","100.64.0.5","49470","1448","3778386222","1368024617","1985165783","1643364567"
"07:36:04.500871","1500","47.83.16.111","80","100.64.0.5","49470","1448","3778387670","1368024617","1985165787","1643364579"
"07:36:04.512897","1500","47.83.16.111","80","100.64.0.5","49470","1448","3778389118","1368024617","1985165799","1643364595"
"07:36:04.524886","1500","47.83.16.111","80","100.64.0.5","49470","1448","3778390566","1368024617","1985165811","1643364603"
"07:36:04.536945","1500","47.83.16.111","80","100.64.0.5","49470","1448","3778392014","1368024617","1985165823","1643364615"
"07:36:04.548987","1500","47.83.16.111","80","100.64.0.5","49470","1448","3778393462","1368024617","1985165835","1643364627"
"07:36:04.561026","1500","47.83.16.111","80","100.64.0.5","49470","1448","3778394910","1368024617","1985165847","1643364640"
"07:36:04.572989","1500","47.83.16.111","80","100.64.0.5","49470","1448","3778396358","1368024617","1985165859","1643364651"
"07:36:04.585016","1500","47.83.16.111","80","100.64.0.5","49470","1448","3778397806","1368024617","1985165871","1643364663"
"07:36:04.597030","1500","47.83.16.111","80","100.64.0.5","49470","1448","3778399254","1368024617","1985165883","1643364675"
"07:36:04.608079","1500","47.83.16.111","80","100.64.0.5","49470","1448","3778400702","1368024617","1985165895","1643364687"
"07:36:04.621145","1500","47.83.16.111","80","100.64.0.5","49470","1448","3778402150","1368024617","1985165907","1643364699"
"07:36:04.633231","1500","47.83.16.111","80","100.64.0.5","49470","1448","3778287758","1368024617","1985165919","1643364711"
"07:36:04.645157","1500","47.83.16.111","80","100.64.0.5","49470","1448","3778403598","1368024617","1985165919","1643364711"
"07:36:04.657148","1500","47.83.16.111","80","100.64.0.5","49470","1448","3778405046","1368024617","1985165932","1643364723"
"07:36:04.669175","1500","47.83.16.111","80","100.64.0.5","49470","1448","3778406494","1368024617","1985165944","1643364736"
"07:36:04.681270","1500","47.83.16.111","80","100.64.0.5","49470","1448","3778407942","1368024617","1985165956","1643364748"
"07:36:04.693434","1500","47.83.16.111","80","100.64.0.5","49470","1448","3778409390","1368024617","1985165969","1643364760"
"07:36:04.705257","1500","47.83.16.111","80","100.64.0.5","49470","1448","3778410838","1368024617","1985165981","1643364772"
"07:36:04.717250","1500","47.83.16.111","80","100.64.0.5","49470","1448","3778412286","1368024617","1985165993","1643364784"
"07:36:04.729293","1500","47.83.16.111","80","100.64.0.5","49470","1448","3778413734","1368024617","1985166005","1643364796"
"07:36:04.741420","1500","47.83.16.111","80","100.64.0.5","49470","1448","3778415182","1368024617","1985166016","1643364808"
"07:36:04.753469","1500","47.83.16.111","80","100.64.0.5","49470","1448","3778416630","1368024617","1985166028","1643364821"
"07:36:04.765338","1500","47.83.16.111","80","100.64.0.5","49470","1448","3778418078","1368024617","1985166040","1643364833"
"07:36:04.777342","1500","47.83.16.111","80","100.64.0.5","49470","1448","3778419526","1368024617","1985166052","1643364845"
"07:36:04.789439","1500","47.83.16.111","80","100.64.0.5","49470","1448","3778420974","1368024617","1985166064","1643364857"
"07:36:04.801514","1500","47.83.16.111","80","100.64.0.5","49470","1448","3778422422","1368024617","1985166076","1643364869"
"07:36:04.813582","1500","47.83.16.111","80","100.64.0.5","49470","1448","3778423870","1368024617","1985166088","1643364881"
"07:36:04.825436","1500","47.83.16.111","80","100.64.0.5","49470","1448","3778425318","1368024617","1985166101","1643364893"
"07:36:04.837426","1500","47.83.16.111","80","100.64.0.5","49470","1448","3778426766","1368024617","1985166113","1643364905"
"07:36:04.849540","1500","47.83.16.111","80","100.64.0.5","49470","1448","3778428214","1368024617","1985166124","1643364917"
"07:36:04.862614","1500","47.83.16.111","80","100.64.0.5","49470","1448","3778429662","1368024617","1985166136","1643364929"
"07:36:04.874682","1500","47.83.16.111","80","100.64.0.5","49470","1448","3778431110","1368024617","1985166148","1643364941"
"07:36:04.886540","1500","47.83.16.111","80","100.64.0.5","49470","1448","3778432558","1368024617","1985166160","1643364953"
"07:36:04.898527","1500","47.83.16.111","80","100.64.0.5","49470","1448","3778434006","1368024617","1985166172","1643364965"
"07:36:04.910606","1500","47.83.16.111","80","100.64.0.5","49470","1448","3778435454","1368024617","1985166185","1643364976"
"07:36:04.922692","1500","47.83.16.111","80","100.64.0.5","49470","1448","3778436902","1368024617","1985166197","1643364989"
"07:36:04.934780","1500","47.83.16.111","80","100.64.0.5","49470","1448","3778289206","1368024617","1985166209","1643365001"
"07:36:04.946683","1500","47.83.16.111","80","100.64.0.5","49470","1448","3778438350","1368024617","1985166209","1643365001"
"07:36:04.958649","1500","47.83.16.111","80","100.64.0.5","49470","1448","3778439798","1368024617","1985166221","1643365013"
"07:36:04.970783","1500","47.83.16.111","80","100.64.0.5","49470","1448","3778441246","1368024617","1985166233","1643365025"
"07:36:04.982812","1500","47.83.16.111","80","100.64.0.5","49470","1448","3778442694","1368024617","1985166245","1643365037"
"07:36:04.994930","1500","47.83.16.111","80","100.64.0.5","49470","1448","3778444142","1368024617","1985166257","1643365049"
"07:36:05.006755","1500","47.83.16.111","80","100.64.0.5","49470","1448","3778445590","1368024617","1985166269","1643365061"
"07:36:05.018781","1500","47.83.16.111","80","100.64.0.5","49470","1448","3778447038","1368024617","1985166281","1643365073"
"07:36:05.030857","1500","47.83.16.111","80","100.64.0.5","49470","1448","3778448486","1368024617","1985166293","1643365085"
"07:36:05.042959","1500","47.83.16.111","80","100.64.0.5","49470","1448","3778449934","1368024617","1985166305","1643365097"
"07:36:05.054994","1500","47.83.16.111","80","100.64.0.5","49470","1448","3778451382","1368024617","1985166317","1643365109"
"07:36:05.066851","1500","47.83.16.111","80","100.64.0.5","49470","1448","3778452830","1368024617","1985166329","1643365121"
"07:36:05.078865","1500","47.83.16.111","80","100.64.0.5","49470","1448","3778454278","1368024617","1985166341","1643365133"
"07:36:05.091053","1500","47.83.16.111","80","100.64.0.5","49470","1448","3778455726","1368024617","1985166353","1643365145"
"07:36:05.103045","1500","47.83.16.111","80","100.64.0.5","49470","1448","3778457174","1368024617","1985166365","1643365157"
"07:36:05.115141","1500","47.83.16.111","80","100.64.0.5","49470","1448","3778458622","1368024617","1985166377","1643365169"
"07:36:05.127187","1500","47.83.16.111","80","100.64.0.5","49470","1448","3778460070","1368024617","1985166389","1643365181"
"07:36:05.139997","1500","47.83.16.111","80","100.64.0.5","49470","1448","3778461518","1368024617","1985166401","1643365193"
"07:36:05.152022","1500","47.83.16.111","80","100.64.0.5","49470","1448","3778462966","1368024617","1985166413","1643365205"
"07:36:05.163313","1500","47.83.16.111","80","100.64.0.5","49470","1448","3778464414","1368024617","1985166426","1643365217"
"07:36:05.175312","1500","47.83.16.111","80","100.64.0.5","49470","1448","3778465862","1368024617","1985166438","1643365230"
"07:36:05.187353","1500","47.83.16.111","80","100.64.0.5","49470","1448","3778467310","1368024617","1985166450","1643365242"
"07:36:05.199382","1500","47.83.16.111","80","100.64.0.5","49470","1448","3778468758","1368024617","1985166462","1643365254"
"07:36:05.211969","1500","47.83.16.111","80","100.64.0.5","49470","1448","3778470206","1368024617","1985166475","1643365266"
"07:36:05.223330","1500","47.83.16.111","80","100.64.0.5","49470","1448","3778471654","1368024617","1985166486","1643365278"
"07:36:05.235439","1500","47.83.16.111","80","100.64.0.5","49470","1448","3778473102","1368024617","1985166498","1643365290"
"07:36:05.247468","1500","47.83.16.111","80","100.64.0.5","49470","1448","3778290654","1368024617","1985166511","1643365303"
"07:36:05.259476","1500","47.83.16.111","80","100.64.0.5","49470","1448","3778474550","1368024617","1985166511","1643365303"
"07:36:05.272029","1500","47.83.16.111","80","100.64.0.5","49470","1448","3778475998","1368024617","1985166522","1643365314"
"07:36:05.283127","1500","47.83.16.111","80","100.64.0.5","49470","1448","3778477446","1368024617","1985166534","1643365326"
"07:36:05.295544","1500","47.83.16.111","80","100.64.0.5","49470","1448","3778478894","1368024617","1985166546","1643365339"
"07:36:05.307601","1500","47.83.16.111","80","100.64.0.5","49470","1448","3778480342","1368024617","1985166559","1643365351"
"07:36:05.319548","1500","47.83.16.111","80","100.64.0.5","49470","1448","3778481790","1368024617","1985166570","1643365363"
"07:36:05.331674","1500","47.83.16.111","80","100.64.0.5","49470","1448","3778483238","1368024617","1985166582","1643365375"
"07:36:05.343262","1500","47.83.16.111","80","100.64.0.5","49470","1448","3778484686","1368024617","1985166594","1643365387"
"07:36:05.355321","1500","47.83.16.111","80","100.64.0.5","49470","1448","3778486134","1368024617","1985166607","1643365399"
"07:36:05.368701","1500","47.83.16.111","80","100.64.0.5","49470","1448","3778487582","1368024617","1985166618","1643365411"
"07:36:05.380670","1500","47.83.16.111","80","100.64.0.5","49470","1448","3778489030","1368024617","1985166630","1643365423"
"07:36:05.392776","1500","47.83.16.111","80","100.64.0.5","49470","1448","3778490478","1368024617","1985166642","1643365435"
"07:36:05.404389","1500","47.83.16.111","80","100.64.0.5","49470","1448","3778491926","1368024617","1985166655","1643365447"
"07:36:05.416451","1500","47.83.16.111","80","100.64.0.5","49470","1448","3778493374","1368024617","1985166666","1643365459"
"07:36:05.428558","1500","47.83.16.111","80","100.64.0.5","49470","1448","3778494822","1368024617","1985166679","1643365471"
"07:36:05.440792","1500","47.83.16.111","80","100.64.0.5","49470","1448","3778496270","1368024617","1985166692","1643365483"
"07:36:05.452884","1500","47.83.16.111","80","100.64.0.5","49470","1448","3778497718","1368024617","1985166703","1643365495"
"07:36:05.464544","1500","47.83.16.111","80","100.64.0.5","49470","1448","3778499166","1368024617","1985166715","1643365508"
"07:36:05.476536","1500","47.83.16.111","80","100.64.0.5","49470","1448","3778500614","1368024617","1985166727","1643365520"
"07:36:05.488818","1500","47.83.16.111","80","100.64.0.5","49470","1448","3778502062","1368024617","1985166739","1643365531"
"07:36:05.500802","1500","47.83.16.111","80","100.64.0.5","49470","1448","3778503510","1368024617","1985166751","1643365543"
"07:36:05.512106","1500","47.83.16.111","80","100.64.0.5","49470","1448","3778504958","1368024617","1985166763","1643365555"
"07:36:05.524643","1500","47.83.16.111","80","100.64.0.5","49470","1448","3778506406","1368024617","1985166775","1643365567"
"07:36:05.536676","1500","47.83.16.111","80","100.64.0.5","49470","1448","3778507854","1368024617","1985166787","1643365580"
"07:36:05.548696","1500","47.83.16.111","80","100.64.0.5","49470","1448","3778509302","1368024617","1985166799","1643365591"
"07:36:05.561047","1500","47.83.16.111","80","100.64.0.5","49470","1448","3778510750","1368024617","1985166811","1643365603"
"07:36:05.572254","1500","47.83.16.111","80","100.64.0.5","49470","1448","3778292102","1368024617","1985166823","1643365615"
"07:36:05.584383","1500","47.83.16.111","80","100.64.0.5","49470","1448","3778512198","1368024617","1985166823","1643365615"
"07:36:05.596770","1500","47.83.16.111","80","100.64.0.5","49470","1448","3778513646","1368024617","1985166835","1643365627"
"07:36:05.608875","1500","47.83.16.111","80","100.64.0.5","49470","1448","3778515094","1368024617","1985166847","1643365640"
"07:36:05.621956","1500","47.83.16.111","80","100.64.0.5","49470","1448","3778516542","1368024617","1985166859","1643365651"
"07:36:05.633323","1500","47.83.16.111","80","100.64.0.5","49470","1448","3778517990","1368024617","1985166871","1643365663"
"07:36:05.645387","1500","47.83.16.111","80","100.64.0.5","49470","1448","3778519438","1368024617","1985166883","1643365675"
"07:36:05.657551","1500","47.83.16.111","80","100.64.0.5","49470","1448","3778520886","1368024617","1985166895","1643365687"
"07:36:05.669994","1500","47.83.16.111","80","100.64.0.5","49470","1448","3778522334","1368024617","1985166907","1643365699"
"07:36:05.681079","1500","47.83.16.111","80","100.64.0.5","49470","1448","3778523782","1368024617","1985166919","1643365711"
"07:36:05.693455","1500","47.83.16.111","80","100.64.0.5","49470","1448","3778525230","1368024617","1985166933","1643365723"
"07:36:05.705529","1500","47.83.16.111","80","100.64.0.5","49470","1448","3778526678","1368024617","1985166944","1643365736"
"07:36:05.717633","1500","47.83.16.111","80","100.64.0.5","49470","1448","3778528126","1368024617","1985166956","1643365748"
"07:36:05.729744","1500","47.83.16.111","80","100.64.0.5","49470","1448","3778529574","1368024617","1985166968","1643365761"
"07:36:05.741191","1500","47.83.16.111","80","100.64.0.5","49470","1448","3778531022","1368024617","1985166981","1643365772"
"07:36:05.753307","1500","47.83.16.111","80","100.64.0.5","49470","1448","3778532470","1368024617","1985166992","1643365784"
"07:36:05.765653","1500","47.83.16.111","80","100.64.0.5","49470","1448","3778533918","1368024617","1985167004","1643365796"
"07:36:05.777750","1500","47.83.16.111","80","100.64.0.5","49470","1448","3778535366","1368024617","1985167016","1643365809"
"07:36:05.789872","1500","47.83.16.111","80","100.64.0.5","49470","1448","3778536814","1368024617","1985167028","1643365821"
"07:36:05.801269","1500","47.83.16.111","80","100.64.0.5","49470","1448","3778538262","1368024617","1985167040","1643365832"
"07:36:05.813401","1500","47.83.16.111","80","100.64.0.5","49470","1448","3778539710","1368024617","1985167052","1643365844"
"07:36:05.825503","1500","47.83.16.111","80","100.64.0.5","49470","1448","3778541158","1368024617","1985167064","1643365857"
"07:36:05.837847","1500","47.83.16.111","80","100.64.0.5","49470","1448","3778542606","1368024617","1985167076","1643365869"
"07:36:05.849890","1500","47.83.16.111","80","100.64.0.5","49470","1448","3778544054","1368024617","1985167088","1643365880"
"07:36:05.862429","1500","47.83.16.111","80","100.64.0.5","49470","1448","3778545502","1368024617","1985167100","1643365892"
"07:36:05.874442","1500","47.83.16.111","80","100.64.0.5","49470","1448","3778546950","1368024617","1985167112","1643365904"
"07:36:05.886581","1500","47.83.16.111","80","100.64.0.5","49470","1448","3778548398","1368024617","1985167124","1643365916"
"07:36:05.898699","1500","47.83.16.111","80","100.64.0.5","49470","1448","3778549846","1368024617","1985167136","1643365929"
"07:36:05.911014","1500","47.83.16.111","80","100.64.0.5","49470","1448","3778293550","1368024617","1985167148","1643365940"
"07:36:05.922538","1500","47.83.16.111","80","100.64.0.5","49470","1448","3778551294","1368024617","1985167148","1643365940"
"07:36:05.934548","1500","47.83.16.111","80","100.64.0.5","49470","1448","3778552742","1368024617","1985167160","1643365952"
"07:36:05.946608","1500","47.83.16.111","80","100.64.0.5","49470","1448","3778554190","1368024617","1985167172","1643365965"
"07:36:05.958846","1500","47.83.16.111","80","100.64.0.5","49470","1448","3778555638","1368024617","1985167186","1643365977"
"07:36:05.971011","1500","47.83.16.111","80","100.64.0.5","49470","1448","3778557086","1368024617","1985167197","1643365990"
"07:36:05.982224","1500","47.83.16.111","80","100.64.0.5","49470","1448","3778558534","1368024617","1985167209","1643366001"
"07:36:05.994649","1500","47.83.16.111","80","100.64.0.5","49470","1448","3778559982","1368024617","1985167221","1643366013"
"07:36:06.006707","1500","47.83.16.111","80","100.64.0.5","49470","1448","3778561430","1368024617","1985167233","1643366025"
"07:36:06.018889","1500","47.83.16.111","80","100.64.0.5","49470","1448","3778562878","1368024617","1985167245","1643366038"
"07:36:06.030094","1500","47.83.16.111","80","100.64.0.5","49470","1448","3778564326","1368024617","1985167257","1643366049"
"07:36:06.042211","1500","47.83.16.111","80","100.64.0.5","49470","1448","3778565774","1368024617","1985167268","1643366061"
"07:36:06.054449","1500","47.83.16.111","80","100.64.0.5","49470","1448","3778567222","1368024617","1985167281","1643366073"
"07:36:06.066823","1500","47.83.16.111","80","100.64.0.5","49470","1448","3778568670","1368024617","1985167293","1643366085"
"07:36:06.078959","1500","47.83.16.111","80","100.64.0.5","49470","1448","3778570118","1368024617","1985167305","1643366098"
"07:36:06.090194","1500","47.83.16.111","80","100.64.0.5","49470","1448","3778571566","1368024617","1985167317","1643366109"
"07:36:06.102363","1500","47.83.16.111","80","100.64.0.5","49470","1448","3778573014","1368024617","1985167330","1643366121"
"07:36:06.115460","1500","47.83.16.111","80","100.64.0.5","49470","1448","3778574462","1368024617","1985167341","1643366133"
"07:36:06.127659","1500","47.83.16.111","80","100.64.0.5","49470","1448","3778575910","1368024617","1985167353","1643366146"
"07:36:06.139143","1500","47.83.16.111","80","100.64.0.5","49470","1448","3778577358","1368024617","1985167365","1643366158"
"07:36:06.151206","1500","47.83.16.111","80","100.64.0.5","49470","1448","3778578806","1368024617","1985167377","1643366169"
"07:36:06.163440","1500","47.83.16.111","80","100.64.0.5","49470","1448","3778580254","1368024617","1985167389","1643366181"
"07:36:06.175648","1500","47.83.16.111","80","100.64.0.5","49470","1448","3778581702","1368024617","1985167401","1643366193"
"07:36:06.187678","1500","47.83.16.111","80","100.64.0.5","49470","1448","3778583150","1368024617","1985167413","1643366206"
"07:36:06.199238","1500","47.83.16.111","80","100.64.0.5","49470","1448","3778584598","1368024617","1985167426","1643366218"
"07:36:06.211343","1500","47.83.16.111","80","100.64.0.5","49470","1448","3778586046","1368024617","1985167438","1643366230"
"07:36:06.223455","1500","47.83.16.111","80","100.64.0.5","49470","1448","3778587494","1368024617","1985167450","1643366242"
"07:36:06.235620","1500","47.83.16.111","80","100.64.0.5","49470","1448","3778588942","1368024617","1985167462","1643366254"
"07:36:06.247793","1500","47.83.16.111","80","100.64.0.5","49470","1448","3778590390","1368024617","1985167474","1643366266"
"07:36:06.259366","1500","47.83.16.111","80","100.64.0.5","49470","1448","3778294998","1368024617","1985167486","1643366279"
"07:36:06.271401","1500","47.83.16.111","80","100.64.0.5","49470","1448","3778591838","1368024617","1985167486","1643366279"
"07:36:06.283541","1500","47.83.16.111","80","100.64.0.5","49470","1448","3778593286","1368024617","1985167498","1643366290"
"07:36:06.295706","1500","47.83.16.111","80","100.64.0.5","49470","1448","3778594734","1368024617","1985167510","1643366302"
"07:36:06.307789","1500","47.83.16.111","80","100.64.0.5","49470","1448","3778596182","1368024617","1985167522","1643366314"
"07:36:06.319517","1500","47.83.16.111","80","100.64.0.5","49470","1448","3778597630","1368024617","1985167535","1643366327"
"07:36:06.331525","1500","47.83.16.111","80","100.64.0.5","49470","1448","3778599078","1368024617","1985167546","1643366339"
"07:36:06.343632","1500","47.83.16.111","80","100.64.0.5","49470","1448","3778600526","1368024617","1985167559","1643366350"
"07:36:06.355840","1500","47.83.16.111","80","100.64.0.5","49470","1448","3778601974","1368024617","1985167570","1643366362"
"07:36:06.369067","1500","47.83.16.111","80","100.64.0.5","49470","1448","3778603422","1368024617","1985167582","1643366374"
"07:36:06.380628","1500","47.83.16.111","80","100.64.0.5","49470","1448","3778604870","1368024617","1985167594","1643366387"
"07:36:06.392620","1500","47.83.16.111","80","100.64.0.5","49470","1448","3778606318","1368024617","1985167606","1643366398"
"07:36:06.404701","1500","47.83.16.111","80","100.64.0.5","49470","1448","3778607766","1368024617","1985167618","1643366410"
"07:36:06.416832","1500","47.83.16.111","80","100.64.0.5","49470","1448","3778609214","1368024617","1985167630","1643366422"
"07:36:06.429037","1500","47.83.16.111","80","100.64.0.5","49470","1448","3778610662","1368024617","1985167642","1643366435"
"07:36:06.440245","1500","47.83.16.111","80","100.64.0.5","49470","1448","3778612110","1368024617","1985167654","1643366447"
"07:36:06.452735","1500","47.83.16.111","80","100.64.0.5","49470","1448","3778613558","1368024617","1985167666","1643366458"
"07:36:06.464788","1500","47.83.16.111","80","100.64.0.5","49470","1448","3778615006","1368024617","1985167679","1643366470"
"07:36:06.477024","1500","47.83.16.111","80","100.64.0.5","49470","1448","3778616454","1368024617","1985167691","1643366483"
"07:36:06.488107","1500","47.83.16.111","80","100.64.0.5","49470","1448","3778617902","1368024617","1985167703","1643366495"
"07:36:06.500206","1500","47.83.16.111","80","100.64.0.5","49470","1448","3778619350","1368024617","1985167715","1643366507"
"07:36:06.512296","1500","47.83.16.111","80","100.64.0.5","49470","1448","3778620798","1368024617","1985167727","1643366519"
"07:36:06.524365","1500","47.83.16.111","80","100.64.0.5","49470","1448","3778622246","1368024617","1985167739","1643366531"
"07:36:06.536449","1500","47.83.16.111","80","100.64.0.5","49470","1448","3778623694","1368024617","1985167751","1643366543"
"07:36:06.548524","1500","47.83.16.111","80","100.64.0.5","49470","1448","3778625142","1368024617","1985167763","1643366555"
"07:36:06.560603","1500","47.83.16.111","80","100.64.0.5","49470","1448","3778626590","1368024617","1985167775","1643366567"
"07:36:06.572683","1500","47.83.16.111","80","100.64.0.5","49470","1448","3778628038","1368024617","1985167787","1643366579"
"07:36:06.584761","1500","47.83.16.111","80","100.64.0.5","49470","1448","3778629486","1368024617","1985167799","1643366591"
"07:36:06.596841","1500","47.83.16.111","80","100.64.0.5","49470","1448","3778630934","1368024617","1985167811","1643366603"
"07:36:06.621999","1500","47.83.16.111","80","100.64.0.5","49470","1448","3778632382","1368024617","1985167823","1643366616"
"07:36:06.633101","1500","47.83.16.111","80","100.64.0.5","49470","1448","3778296446","1368024617","1985167835","1643366627"
"07:36:06.645341","1500","47.83.16.111","80","100.64.0.5","49470","1448","3778633830","1368024617","1985167835","1643366627"
"07:36:06.657437","1500","47.83.16.111","80","100.64.0.5","49470","1448","3778635278","1368024617","1985167848","1643366639"
"07:36:06.669536","1500","47.83.16.111","80","100.64.0.5","49470","1448","3778636726","1368024617","1985167859","1643366651"
"07:36:06.681620","1500","47.83.16.111","80","100.64.0.5","49470","1448","3778638174","1368024617","1985167871","1643366663"
"07:36:06.693700","1500","47.83.16.111","80","100.64.0.5","49470","1448","3778639622","1368024617","1985167883","1643366676"
"07:36:06.705783","1500","47.83.16.111","80","100.64.0.5","49470","1448","3778641070","1368024617","1985167896","1643366687"
"07:36:06.717868","1500","47.83.16.111","80","100.64.0.5","49470","1448","3778642518","1368024617","1985167907","1643366699"
"07:36:06.729952","1500","47.83.16.111","80","100.64.0.5","49470","1448","3778643966","1368024617","1985167919","1643366711"
"07:36:06.874199","1500","47.83.16.111","80","100.64.0.5","49470","1448","3778299342","1368024617","1985168209","1643367001"
"07:36:07.115708","1500","47.83.16.111","80","100.64.0.5","49470","1448","3778645414","1368024617","1985168450","1643367242"
"07:36:07.127880","1500","47.83.16.111","80","100.64.0.5","49470","1448","3778646862","1368024617","1985168450","1643367242"
"07:36:07.140046","1500","47.83.16.111","80","100.64.0.5","49470","1448","3778648310","1368024617","1985168450","1643367242"
"07:36:07.151226","1500","47.83.16.111","80","100.64.0.5","49470","1448","3778649758","1368024617","1985168450","1643367242"
"07:36:07.163370","1500","47.83.16.111","80","100.64.0.5","49470","1448","3778651206","1368024617","1985168450","1643367242"
"07:36:07.175606","1500","47.83.16.111","80","100.64.0.5","49470","1448","3778652654","1368024617","1985168450","1643367242"
"07:36:07.187725","1500","47.83.16.111","80","100.64.0.5","49470","1448","3778654102","1368024617","1985168450","1643367242"
"07:36:07.199869","1500","47.83.16.111","80","100.64.0.5","49470","1448","3778655550","1368024617","1985168450","1643367242"
"07:36:07.211997","1500","47.83.16.111","80","100.64.0.5","49470","1448","3778656998","1368024617","1985168450","1643367242"
"07:36:07.223137","1500","47.83.16.111","80","100.64.0.5","49470","1448","3778658446","1368024617","1985168450","1643367242"
"07:36:07.235232","1500","47.83.16.111","80","100.64.0.5","49470","1448","3778659894","1368024617","1985168450","1643367242"
"07:36:07.247319","1500","47.83.16.111","80","100.64.0.5","49470","1448","3778661342","1368024617","1985168450","1643367242"
"07:36:07.259441","1500","47.83.16.111","80","100.64.0.5","49470","1448","3778662790","1368024617","1985168450","1643367242"
"07:36:07.271552","1500","47.83.16.111","80","100.64.0.5","49470","1448","3778664238","1368024617","1985168450","1643367242"
"07:36:07.283653","1500","47.83.16.111","80","100.64.0.5","49470","1448","3778665686","1368024617","1985168450","1643367242"
"07:36:07.295760","1500","47.83.16.111","80","100.64.0.5","49470","1448","3778668582","1368024617","1985168450","1643367242"
"07:36:07.307877","1500","47.83.16.111","80","100.64.0.5","49470","1448","3778667134","1368024617","1985168450","1643367242"
"07:36:07.319991","1500","47.83.16.111","80","100.64.0.5","49470","1448","3778670030","1368024617","1985168450","1643367242"
"07:36:07.331099","1500","47.83.16.111","80","100.64.0.5","49470","1448","3778671478","1368024617","1985168450","1643367242"
"07:36:07.355866","1500","47.83.16.111","80","100.64.0.5","49470","1448","3778691750","1368024617","1985168691","1643367483"
"07:36:07.369028","1500","47.83.16.111","80","100.64.0.5","49470","1448","3778693198","1368024617","1985168704","1643367496"
"07:36:07.380127","1500","47.83.16.111","80","100.64.0.5","49470","1448","3778694646","1368024617","1985168715","1643367508"
"07:36:07.392176","1500","47.83.16.111","80","100.64.0.5","49470","1448","3778696094","1368024617","1985168727","1643367519"
"07:36:07.404285","1500","47.83.16.111","80","100.64.0.5","49470","1448","3778697542","1368024617","1985168739","1643367531"
"07:36:07.416380","1500","47.83.16.111","80","100.64.0.5","49470","1448","3778698990","1368024617","1985168751","1643367543"
"07:36:07.428440","1500","47.83.16.111","80","100.64.0.5","49470","1448","3778700438","1368024617","1985168763","1643367555"
"07:36:07.440535","1500","47.83.16.111","80","100.64.0.5","49470","1448","3778701886","1368024617","1985168776","1643367568"
"07:36:07.452616","1500","47.83.16.111","80","100.64.0.5","49470","1448","3778703334","1368024617","1985168788","1643367580"
"07:36:07.464690","1500","47.83.16.111","80","100.64.0.5","49470","1448","3778704782","1368024617","1985168799","1643367591"
"07:36:07.476780","1500","47.83.16.111","80","100.64.0.5","49470","1448","3778706230","1368024617","1985168811","1643367603"
"07:36:07.488911","702","47.83.16.111","80","100.64.0.5","49470","650","3778707678","1368024617","1985168823","1643367615"
"07:36:07.622021","1500","47.83.16.111","80","100.64.0.5","49470","1448","3778672926","1368024617","1985168956","1643367748"
"07:36:07.862479","1500","47.83.16.111","80","100.64.0.5","49470","1448","3778674374","1368024617","1985169197","1643367990"
"07:36:08.103017","1500","47.83.16.111","80","100.64.0.5","49470","1448","3778675822","1368024617","1985169438","1643368230"
"07:36:08.343521","1500","47.83.16.111","80","100.64.0.5","49470","1448","3778677270","1368024617","1985169679","1643368471"
"07:36:08.585035","1500","47.83.16.111","80","100.64.0.5","49470","1448","3778678718","1368024617","1985169919","1643368711"
"07:36:08.825497","1500","47.83.16.111","80","100.64.0.5","49470","1448","3778680166","1368024617","1985170160","1643368953"
"07:36:08.934929","52","47.83.16.111","80","100.64.0.5","49470","0","3778708328","1368024618","1985170269","1643369072"
