_ws.col.Time,frame.len,ip.src,tcp.srcport,ip.dst,tcp.dstport,tcp.len,tcp.seq_raw,tcp.ack_raw,tcp.options.timestamp.tsval,tcp.options.timestamp.tsecr
"06:16:02.229312","52","47.74.8.123","80","100.64.0.5","59136","0","4101760861","581020557","2366625967","3309606012"
"06:16:02.259423","1500","47.74.8.123","80","100.64.0.5","59136","1448","4101760861","581020557","2366625968","3309606012"
"06:16:02.289556","1500","47.74.8.123","80","100.64.0.5","59136","1448","4101762309","581020557","2366625968","3309606012"
"06:16:02.319771","1500","47.74.8.123","80","100.64.0.5","59136","1448","4101763757","581020557","2366625968","3309606012"
"06:16:02.349988","1500","47.74.8.123","80","100.64.0.5","59136","1448","4101765205","581020557","2366625968","3309606012"
"06:16:02.380210","1500","47.74.8.123","80","100.64.0.5","59136","1448","4101766653","581020557","2366625968","3309606012"
"06:16:02.410396","1500","47.74.8.123","80","100.64.0.5","59136","1448","4101768101","581020557","2366625968","3309606012"
"06:16:02.471345","1500","47.74.8.123","80","100.64.0.5","59136","1448","4101775341","581020557","2366626209","3309606255"
"06:16:02.501295","1500","47.74.8.123","80","100.64.0.5","59136","1448","4101776789","581020557","2366626209","3309606255"
"06:16:02.531503","1500","47.74.8.123","80","100.64.0.5","59136","1448","4101778237","581020557","2366626239","3309606285"
"06:16:02.562979","1500","47.74.8.123","80","100.64.0.5","59136","1448","4101779685","581020557","2366626239","3309606285"
"06:16:02.592124","1500","47.74.8.123","80","100.64.0.5","59136","1448","4101781133","581020557","2366626270","3309606316"
"06:16:02.622332","1500","47.74.8.123","80","100.64.0.5","59136","1448","4101782581","581020557","2366626270","3309606316"
"06:16:02.652500","1500","47.74.8.123","80","100.64.0.5","59136","1448","4101784029","581020557","2366626300","3309606346"
"06:16:02.683235","1500","47.74.8.123","80","100.64.0.5","59136","1448","4101785477","581020557","2366626300","3309606346"
"06:16:02.713470","1500","47.74.8.123","80","100.64.0.5","59136","1448","4101786925","581020557","2366626330","3309606376"
"06:16:02.743348","1500","47.74.8.123","80","100.64.0.5","59136","1448","4101788373","581020557","2366626330","3309606376"
"06:16:02.774506","1500","47.74.8.123","80","100.64.0.5","59136","1448","4101789821","581020557","2366626360","3309606406"
"06:16:02.805030","1500","47.74.8.123","80","100.64.0.5","59136","1448","4101792717","581020557","2366626421","3309606467"
"06:16:02.834247","1500","47.74.8.123","80","100.64.0.5","59136","1448","4101794165","581020557","2366626451","3309606497"
"06:16:02.865312","1500","47.74.8.123","80","100.64.0.5","59136","1448","4101769549","581020557","2366626482","3309606527"
"06:16:02.895481","1500","47.74.8.123","80","100.64.0.5","59136","1448","4101795613","581020557","2366626542","3309606588"
"06:16:02.926006","1500","47.74.8.123","80","100.64.0.5","59136","1448","4101797061","581020557","2366626603","3309606648"
"06:16:02.956179","1500","47.74.8.123","80","100.64.0.5","59136","1448","4101798509","581020557","2366626663","3309606709"
"06:16:02.986147","1500","47.74.8.123","80","100.64.0.5","59136","1448","4101799957","581020557","2366626724","3309606770"
"06:16:03.047010","1500","47.74.8.123","80","100.64.0.5","59136","1448","4101801405","581020557","2366626785","3309606830"
"06:16:03.107478","1500","47.74.8.123","80","100.64.0.5","59136","1448","4101770997","581020557","2366626845","3309606891"
"06:16:03.137719","1500","47.74.8.123","80","100.64.0.5","59136","1448","4101802853","581020557","2366626876","3309606922"
"06:16:03.168921","1500","47.74.8.123","80","100.64.0.5","59136","1448","4101804301","581020557","2366626906","3309606952"
"06:16:03.198207","1500","47.74.8.123","80","100.64.0.5","59136","1448","4101805749","581020557","2366626936","3309606982"
"06:16:03.259141","1500","47.74.8.123","80","100.64.0.5","59136","1448","4101807197","581020557","2366626997","3309607043"
"06:16:03.320081","1500","47.74.8.123","80","100.64.0.5","59136","1448","4101772445","581020557","2366627057","3309607103"
"06:16:03.349995","1500","47.74.8.123","80","100.64.0.5","59136","1448","4101808645","581020557","2366627057","3309607103"
"06:16:03.380131","1500","47.74.8.123","80","100.64.0.5","59136","1448","4101810093","581020557","2366627089","3309607133"
"06:16:03.410838","1500","47.74.8.123","80","100.64.0.5","59136","1448","4101811541","581020557","2366627118","3309607165"
"06:16:03.440985","1500","47.74.8.123","80","100.64.0.5","59136","1448","4101812989","581020557","2366627148","3309607194"
"06:16:03.471915","1500","47.74.8.123","80","100.64.0.5","59136","1448","4101814437","581020557","2366627209","3309607255"
"06:16:03.531785","1500","47.74.8.123","80","100.64.0.5","59136","1448","4101773893","581020557","2366627269","3309607316"
"06:16:03.562685","1500","47.74.8.123","80","100.64.0.5","59136","1448","4101815885","581020557","2366627269","3309607316"
"06:16:03.592108","1500","47.74.8.123","80","100.64.0.5","59136","1448","4101817333","581020557","2366627300","3309607346"
"06:16:03.622155","1500","47.74.8.123","80","100.64.0.5","59136","1448","4101818781","581020557","2366627330","3309607376"
"06:16:03.652307","1500","47.74.8.123","80","100.64.0.5","59136","1448","4101820229","581020557","2366627361","3309607407"
"06:16:03.684042","1500","47.74.8.123","80","100.64.0.5","59136","1448","4101821677","581020557","2366627391","3309607437"
"06:16:03.713211","1500","47.74.8.123","80","100.64.0.5","59136","1448","4101823125","581020557","2366627422","3309607468"
"06:16:03.743473","1500","47.74.8.123","80","100.64.0.5","59136","1448","4101791269","581020557","2366627482","3309607528"
"06:16:03.774613","1500","47.74.8.123","80","100.64.0.5","59136","1448","4101824573","581020557","2366627482","3309607528"
"06:16:03.804136","1500","47.74.8.123","80","100.64.0.5","59136","1448","4101826021","581020557","2366627512","3309607558"
"06:16:03.834330","1500","47.74.8.123","80","100.64.0.5","59136","1448","4101827469","581020557","2366627542","3309607588"
"06:16:03.865755","1500","47.74.8.123","80","100.64.0.5","59136","1448","4101828917","581020557","2366627572","3309607618"
"06:16:03.895992","1500","47.74.8.123","80","100.64.0.5","59136","1448","4101830365","581020557","2366627603","3309607648"
"06:16:03.926058","1500","47.74.8.123","80","100.64.0.5","59136","1448","4101831813","581020557","2366627633","3309607680"
"06:16:03.956661","1500","47.74.8.123","80","100.64.0.5","59136","1448","4101833261","581020557","2366627663","3309607709"
"06:16:03.986191","1500","47.74.8.123","80","100.64.0.5","59136","1448","4101834709","581020557","2366627694","3309607739"
"06:16:04.016351","1500","47.74.8.123","80","100.64.0.5","59136","1448","4101836157","581020557","2366627724","3309607770"
"06:16:04.046824","1500","47.74.8.123","80","100.64.0.5","59136","1448","4101837605","581020557","2366627755","3309607800"
"06:16:04.078083","1500","47.74.8.123","80","100.64.0.5","59136","1448","4101839053","581020557","2366627785","3309607830"
"06:16:04.107172","1500","47.74.8.123","80","100.64.0.5","59136","1448","4101840501","581020557","2366627815","3309607862"
"06:16:04.137624","1500","47.74.8.123","80","100.64.0.5","59136","1448","4101841949","581020557","2366627845","3309607892"
"06:16:04.168880","1500","47.74.8.123","80","100.64.0.5","59136","1448","4101843397","581020557","2366627876","3309607922"
"06:16:04.199072","1500","47.74.8.123","80","100.64.0.5","59136","1448","4101844845","581020557","2366627906","3309607952"
"06:16:04.228172","1500","47.74.8.123","80","100.64.0.5","59136","1448","4101846293","581020557","2366627936","3309607982"
"06:16:04.259636","1500","47.74.8.123","80","100.64.0.5","59136","1448","4101847741","581020557","2366627936","3309607982"
"06:16:04.289977","1500","47.74.8.123","80","100.64.0.5","59136","1448","4101849189","581020557","2366627966","3309608012"
"06:16:04.320005","1500","47.74.8.123","80","100.64.0.5","59136","1448","4101850637","581020557","2366627998","3309608043"
"06:16:04.349380","1500","47.74.8.123","80","100.64.0.5","59136","1448","4101852085","581020557","2366628027","3309608074"
"06:16:04.380964","1500","47.74.8.123","80","100.64.0.5","59136","1448","4101853533","581020557","2366628057","3309608103"
"06:16:04.410728","1500","47.74.8.123","80","100.64.0.5","59136","1448","4101854981","581020557","2366628088","3309608133"
"06:16:04.440272","1500","47.74.8.123","80","100.64.0.5","59136","1448","4101856429","581020557","2366628119","3309608165"
"06:16:04.471835","1500","47.74.8.123","80","100.64.0.5","59136","1448","4101857877","581020557","2366628148","3309608195"
"06:16:04.501586","1500","47.74.8.123","80","100.64.0.5","59136","1448","4101859325","581020557","2366628179","3309608224"
"06:16:04.531250","1500","47.74.8.123","80","100.64.0.5","59136","1448","4101860773","581020557","2366628179","3309608224"
"06:16:04.562285","1500","47.74.8.123","80","100.64.0.5","59136","1448","4101862221","581020557","2366628209","3309608255"
"06:16:04.592133","1500","47.74.8.123","80","100.64.0.5","59136","1448","4101863669","581020557","2366628239","3309608286"
"06:16:04.622088","1500","47.74.8.123","80","100.64.0.5","59136","1448","4101865117","581020557","2366628269","3309608316"
"06:16:04.652783","1500","47.74.8.123","80","100.64.0.5","59136","1448","4101866565","581020557","2366628300","3309608345"
"06:16:04.683719","1500","47.74.8.123","80","100.64.0.5","59136","1448","4101868013","581020557","2366628330","3309608377"
"06:16:04.713884","1500","47.74.8.123","80","100.64.0.5","59136","1448","4101869461","581020557","2366628360","3309608406"
"06:16:04.743525","1500","47.74.8.123","80","100.64.0.5","59136","1448","4101870909","581020557","2366628391","3309608436"
"06:16:04.774460","1500","47.74.8.123","80","100.64.0.5","59136","1448","4101872357","581020557","2366628421","3309608468"
"06:16:04.805059","1500","47.74.8.123","80","100.64.0.5","59136","1448","4101873805","581020557","2366628451","3309608497"
"06:16:04.835025","1500","47.74.8.123","80","100.64.0.5","59136","1448","4101875253","581020557","2366628482","3309608527"
"06:16:04.865230","1500","47.74.8.123","80","100.64.0.5","59136","1448","4101876701","581020557","2366628512","3309608558"
"06:16:04.895785","1500","47.74.8.123","80","100.64.0.5","59136","1448","4101878149","581020557","2366628543","3309608588"
"06:16:04.925908","1500","47.74.8.123","80","100.64.0.5","59136","1448","4101879597","581020557","2366628572","3309608618"
"06:16:04.956537","1500","47.74.8.123","80","100.64.0.5","59136","1448","4101881045","581020557","2366628603","3309608649"
"06:16:04.986640","1500","47.74.8.123","80","100.64.0.5","59136","1448","4101882493","581020557","2366628634","3309608679"
"06:16:05.016198","1500","47.74.8.123","80","100.64.0.5","59136","1448","4101883941","581020557","2366628663","3309608710"
"06:16:05.046660","1500","47.74.8.123","80","100.64.0.5","59136","1448","4101885389","581020557","2366628694","3309608739"
"06:16:05.077302","1500","47.74.8.123","80","100.64.0.5","59136","1448","4101886837","581020557","2366628724","3309608770"
"06:16:05.107450","1500","47.74.8.123","80","100.64.0.5","59136","1448","4101888285","581020557","2366628754","3309608801"
"06:16:05.137448","1500","47.74.8.123","80","100.64.0.5","59136","1448","4101889733","581020557","2366628785","3309608831"
"06:16:05.169052","1500","47.74.8.123","80","100.64.0.5","59136","1448","4101891181","581020557","2366628815","3309608861"
"06:16:05.198792","1500","47.74.8.123","80","100.64.0.5","59136","1448","4101892629","581020557","2366628847","3309608892"
"06:16:05.228433","1500","47.74.8.123","80","100.64.0.5","59136","1448","4101894077","581020557","2366628876","3309608922"
"06:16:05.259114","1500","47.74.8.123","80","100.64.0.5","59136","1448","4101895525","581020557","2366628906","3309608952"
"06:16:05.289374","1500","47.74.8.123","80","100.64.0.5","59136","1448","4101896973","581020557","2366628936","3309608982"
"06:16:05.319332","1500","47.74.8.123","80","100.64.0.5","59136","1448","4101898421","581020557","2366628967","3309609012"
"06:16:05.349112","1500","47.74.8.123","80","100.64.0.5","59136","1448","4101899869","581020557","2366628997","3309609042"
"06:16:05.380187","1500","47.74.8.123","80","100.64.0.5","59136","1448","4101901317","581020557","2366629027","3309609073"
"06:16:05.410152","1500","47.74.8.123","80","100.64.0.5","59136","1448","4101902765","581020557","2366629057","3309609103"
"06:16:05.440958","1500","47.74.8.123","80","100.64.0.5","59136","1448","4101904213","581020557","2366629088","3309609133"
"06:16:05.471887","1500","47.74.8.123","80","100.64.0.5","59136","1448","4101905661","581020557","2366629118","3309609165"
"06:16:05.501160","1500","47.74.8.123","80","100.64.0.5","59136","1448","4101907109","581020557","2366629148","3309609195"
"06:16:05.562867","1500","47.74.8.123","80","100.64.0.5","59136","1448","4101908557","581020557","2366629179","3309609224"
"06:16:05.593055","1500","47.74.8.123","80","100.64.0.5","59136","1448","4101910005","581020557","2366629209","3309609255"
"06:16:05.623044","1500","47.74.8.123","80","100.64.0.5","59136","1448","4101911453","581020557","2366629239","3309609285"
"06:16:05.652749","1500","47.74.8.123","80","100.64.0.5","59136","1448","4101912901","581020557","2366629269","3309609315"
"06:16:05.683903","1500","47.74.8.123","80","100.64.0.5","59136","1448","4101914349","581020557","2366629302","3309609345"
"06:16:05.713749","1500","47.74.8.123","80","100.64.0.5","59136","1448","4101915797","581020557","2366629330","3309609376"
"06:16:05.743973","1500","47.74.8.123","80","100.64.0.5","59136","1448","4101917245","581020557","2366629360","3309609406"
"06:16:05.774801","1500","47.74.8.123","80","100.64.0.5","59136","1448","4101918693","581020557","2366629391","3309609437"
"06:16:05.804673","1500","47.74.8.123","80","100.64.0.5","59136","1448","4101920141","581020557","2366629421","3309609468"
"06:16:05.834965","1500","47.74.8.123","80","100.64.0.5","59136","1448","4101921589","581020557","2366629451","3309609497"
"06:16:05.865226","1500","47.74.8.123","80","100.64.0.5","59136","1448","4101923037","581020557","2366629513","3309609559"
"06:16:05.895374","1500","47.74.8.123","80","100.64.0.5","59136","1448","4101924485","581020557","2366629543","3309609589"
"06:16:05.925726","1500","47.74.8.123","80","100.64.0.5","59136","1448","4101925933","581020557","2366629572","3309609619"
"06:16:05.957019","1500","47.74.8.123","80","100.64.0.5","59136","1448","4101927381","581020557","2366629603","3309609649"
"06:16:05.986194","1500","47.74.8.123","80","100.64.0.5","59136","1448","4101928829","581020557","2366629633","3309609680"
"06:16:06.016360","1500","47.74.8.123","80","100.64.0.5","59136","1448","4101930277","581020557","2366629664","3309609710"
"06:16:06.046818","1500","47.74.8.123","80","100.64.0.5","59136","1448","4101931725","581020557","2366629695","3309609740"
"06:16:06.078079","1500","47.74.8.123","80","100.64.0.5","59136","1448","4101933173","581020557","2366629724","3309609771"
"06:16:06.107206","1500","47.74.8.123","80","100.64.0.5","59136","1448","4101934621","581020557","2366629754","3309609800"
"06:16:06.137532","1500","47.74.8.123","80","100.64.0.5","59136","1448","4101936069","581020557","2366629785","3309609831"
"06:16:06.168934","1500","47.74.8.123","80","100.64.0.5","59136","1448","4101937517","581020557","2366629815","3309609861"
"06:16:06.198908","1500","47.74.8.123","80","100.64.0.5","59136","1448","4101938965","581020557","2366629845","3309609891"
"06:16:06.228183","1500","47.74.8.123","80","100.64.0.5","59136","1448","4101940413","581020557","2366629876","3309609921"
"06:16:06.259593","1500","47.74.8.123","80","100.64.0.5","59136","1448","4101941861","581020557","2366629906","3309609953"
"06:16:06.289747","1500","47.74.8.123","80","100.64.0.5","59136","1448","4101943309","581020557","2366629936","3309609982"
"06:16:06.319846","1500","47.74.8.123","80","100.64.0.5","59136","1448","4101944757","581020557","2366629966","3309610012"
"06:16:06.349357","1500","47.74.8.123","80","100.64.0.5","59136","1448","4101946205","581020557","2366629998","3309610043"
"06:16:06.380733","1500","47.74.8.123","80","100.64.0.5","59136","1448","4101947653","581020557","2366630027","3309610074"
"06:16:06.410226","1500","47.74.8.123","80","100.64.0.5","59136","1448","4101949101","581020557","2366630057","3309610103"
"06:16:06.440114","1500","47.74.8.123","80","100.64.0.5","59136","1448","4101950549","581020557","2366630088","3309610133"
"06:16:06.471935","1500","47.74.8.123","80","100.64.0.5","59136","1448","4101951997","581020557","2366630119","3309610165"
"06:16:06.501908","1500","47.74.8.123","80","100.64.0.5","59136","1448","4101953445","581020557","2366630148","3309610195"
"06:16:06.531993","1500","47.74.8.123","80","100.64.0.5","59136","1448","4101954893","581020557","2366630179","3309610224"
"06:16:06.563088","1500","47.74.8.123","80","100.64.0.5","59136","1448","4101956341","581020557","2366630209","3309610255"
"06:16:06.592656","1500","47.74.8.123","80","100.64.0.5","59136","1448","4101957789","581020557","2366630240","3309610286"
"06:16:06.622624","1500","47.74.8.123","80","100.64.0.5","59136","1448","4101959237","581020557","2366630269","3309610316"
"06:16:06.652783","1500","47.74.8.123","80","100.64.0.5","59136","1448","4101960685","581020557","2366630300","3309610345"
"06:16:06.683240","1500","47.74.8.123","80","100.64.0.5","59136","1448","4101962133","581020557","2366630330","3309610376"
"06:16:06.713350","1500","47.74.8.123","80","100.64.0.5","59136","1448","4101963581","581020557","2366630360","3309610406"
"06:16:06.743206","1500","47.74.8.123","80","100.64.0.5","59136","1448","4101965029","581020557","2366630391","3309610436"
"06:16:06.775062","1500","47.74.8.123","80","100.64.0.5","59136","1448","4101966477","581020557","2366630422","3309610468"
"06:16:06.804928","1500","47.74.8.123","80","100.64.0.5","59136","1448","4101967925","581020557","2366630451","3309610498"
"06:16:06.834924","1500","47.74.8.123","80","100.64.0.5","59136","1448","4101969373","581020557","2366630482","3309610528"
"06:16:06.865698","1500","47.74.8.123","80","100.64.0.5","59136","1448","4101970821","581020557","2366630512","3309610559"
"06:16:06.896006","1500","47.74.8.123","80","100.64.0.5","59136","1448","4101972269","581020557","2366630542","3309610588"
"06:16:06.925947","1500","47.74.8.123","80","100.64.0.5","59136","1448","4101973717","581020557","2366630572","3309610618"
"06:16:06.956404","1500","47.74.8.123","80","100.64.0.5","59136","1448","4101975165","581020557","2366630603","3309610649"
"06:16:06.986823","1500","47.74.8.123","80","100.64.0.5","59136","1448","4101976613","581020557","2366630633","3309610679"
"06:16:07.016869","1500","47.74.8.123","80","100.64.0.5","59136","1448","4101978061","581020557","2366630663","3309610709"
"06:16:07.047061","1500","47.74.8.123","80","100.64.0.5","59136","1448","4101979509","581020557","2366630694","3309610739"
"06:16:07.077526","1500","47.74.8.123","80","100.64.0.5","59136","1448","4101980957","581020557","2366630724","3309610771"
"06:16:07.107672","1500","47.74.8.123","80","100.64.0.5","59136","1448","4101982405","581020557","2366630756","3309610801"
"06:16:07.137340","1500","47.74.8.123","80","100.64.0.5","59136","1448","4101983853","581020557","2366630785","3309610831"
"06:16:07.168454","1500","47.74.8.123","80","100.64.0.5","59136","1448","4101985301","581020557","2366630815","3309610861"
"06:16:07.198406","1500","47.74.8.123","80","100.64.0.5","59136","1448","4101986749","581020557","2366630845","3309610892"
"06:16:07.228109","1500","47.74.8.123","80","100.64.0.5","59136","1448","4101988197","581020557","2366630876","3309610922"
"06:16:07.260004","1500","47.74.8.123","80","100.64.0.5","59136","1448","4101989645","581020557","2366630906","3309610952"
"06:16:07.290063","1500","47.74.8.123","80","100.64.0.5","59136","1448","4101991093","581020557","2366630937","3309610983"
"06:16:07.319910","1500","47.74.8.123","80","100.64.0.5","59136","1448","4101992541","581020557","2366630967","3309611013"
"06:16:07.349878","1500","47.74.8.123","80","100.64.0.5","59136","1448","4101993989","581020557","2366630997","3309611043"
"06:16:07.380917","1500","47.74.8.123","80","100.64.0.5","59136","1448","4101995437","581020557","2366631027","3309611073"
"06:16:07.410588","1500","47.74.8.123","80","100.64.0.5","59136","1448","4101996885","581020557","2366631057","3309611103"
"06:16:07.440246","1500","47.74.8.123","80","100.64.0.5","59136","1448","4101998333","581020557","2366631088","3309611133"
"06:16:07.471275","1500","47.74.8.123","80","100.64.0.5","59136","1448","4101999781","581020557","2366631118","3309611164"
"06:16:07.501501","1500","47.74.8.123","80","100.64.0.5","59136","1448","4102001229","581020557","2366631148","3309611194"
"06:16:07.531996","1500","47.74.8.123","80","100.64.0.5","59136","1448","4102002677","581020557","2366631179","3309611224"
"06:16:07.562201","1500","47.74.8.123","80","100.64.0.5","59136","1448","4102004125","581020557","2366631209","3309611256"
"06:16:07.592191","1500","47.74.8.123","80","100.64.0.5","59136","1448","4102005573","581020557","2366631239","3309611286"
"06:16:07.622656","1500","47.74.8.123","80","100.64.0.5","59136","1448","4102007021","581020557","2366631270","3309611316"
"06:16:07.652936","1500","47.74.8.123","80","100.64.0.5","59136","1448","4102008469","581020557","2366631301","3309611346"
"06:16:07.684087","1500","47.74.8.123","80","100.64.0.5","59136","1448","4102009917","581020557","2366631330","3309611377"
"06:16:07.713377","1500","47.74.8.123","80","100.64.0.5","59136","1448","4102011365","581020557","2366631360","3309611406"
"06:16:07.743511","1500","47.74.8.123","80","100.64.0.5","59136","1448","4102012813","581020557","2366631391","3309611436"
"06:16:07.774300","1500","47.74.8.123","80","100.64.0.5","59136","1448","4102014261","581020557","2366631421","3309611467"
"06:16:07.804862","1500","47.74.8.123","80","100.64.0.5","59136","1448","4102015709","581020557","2366631451","3309611497"
"06:16:07.834327","1500","47.74.8.123","80","100.64.0.5","59136","1448","4102017157","581020557","2366631482","3309611528"
"06:16:07.865244","1500","47.74.8.123","80","100.64.0.5","59136","1448","4102018605","581020557","2366631512","3309611558"
"06:16:07.895981","1500","47.74.8.123","80","100.64.0.5","59136","1448","4102020053","581020557","2366631542","3309611588"
"06:16:07.926022","1500","47.74.8.123","80","100.64.0.5","59136","1448","4102021501","581020557","2366631572","3309611618"
"06:16:07.956360","1500","47.74.8.123","80","100.64.0.5","59136","1448","4102022949","581020557","2366631604","3309611649"
"06:16:07.986699","1500","47.74.8.123","80","100.64.0.5","59136","1448","4102024397","581020557","2366631633","3309611680"
"06:16:08.016975","1500","47.74.8.123","80","100.64.0.5","59136","1448","4102025845","581020557","2366631663","3309611709"
"06:16:08.047018","1500","47.74.8.123","80","100.64.0.5","59136","1448","4102027293","581020557","2366631694","3309611739"
"06:16:08.077536","1500","47.74.8.123","80","100.64.0.5","59136","1448","4102028741","581020557","2366631724","3309611770"
"06:16:08.107788","1500","47.74.8.123","80","100.64.0.5","59136","1448","4102030189","581020557","2366631754","3309611801"
"06:16:08.137097","1500","47.74.8.123","80","100.64.0.5","59136","1448","4102031637","581020557","2366631785","3309611830"
"06:16:08.168327","1500","47.74.8.123","80","100.64.0.5","59136","1448","4102033085","581020557","2366631815","3309611861"
"06:16:08.198541","1500","47.74.8.123","80","100.64.0.5","59136","1448","4102034533","581020557","2366631845","3309611892"
"06:16:08.228653","1500","47.74.8.123","80","100.64.0.5","59136","1448","4102035981","581020557","2366631876","3309611922"
"06:16:08.259314","1500","47.74.8.123","80","100.64.0.5","59136","1448","4102037429","581020557","2366631906","3309611952"
"06:16:08.289519","1500","47.74.8.123","80","100.64.0.5","59136","1448","4102038877","581020557","2366631937","3309611982"
"06:16:08.319435","1500","47.74.8.123","80","100.64.0.5","59136","1448","4102040325","581020557","2366631966","3309612013"
"06:16:08.349570","1500","47.74.8.123","80","100.64.0.5","59136","1448","4102041773","581020557","2366631998","3309612043"
"06:16:08.380720","1500","47.74.8.123","80","100.64.0.5","59136","1448","4102043221","581020557","2366632027","3309612073"
"06:16:08.410908","1500","47.74.8.123","80","100.64.0.5","59136","1448","4102044669","581020557","2366632057","3309612104"
"06:16:08.440536","1500","47.74.8.123","80","100.64.0.5","59136","1448","4102046117","581020557","2366632118","3309612164"
"06:16:08.471641","1500","47.74.8.123","80","100.64.0.5","59136","1448","4102047565","581020557","2366632118","3309612164"
"06:16:08.501848","1500","47.74.8.123","80","100.64.0.5","59136","1448","4102049013","581020557","2366632179","3309612224"
"06:16:08.531967","1500","47.74.8.123","80","100.64.0.5","59136","1448","4102050461","581020557","2366632179","3309612224"
"06:16:08.562575","1500","47.74.8.123","80","100.64.0.5","59136","1448","4102051909","581020557","2366632239","3309612285"
"06:16:08.592687","1500","47.74.8.123","80","100.64.0.5","59136","1448","4102053357","581020557","2366632239","3309612285"
"06:16:08.623060","1500","47.74.8.123","80","100.64.0.5","59136","1448","4102054805","581020557","2366632300","3309612345"
"06:16:08.652191","1500","47.74.8.123","80","100.64.0.5","59136","1448","4102056253","581020557","2366632300","3309612345"
"06:16:08.683478","1500","47.74.8.123","80","100.64.0.5","59136","1448","4102057701","581020557","2366632361","3309612407"
"06:16:08.713595","1500","47.74.8.123","80","100.64.0.5","59136","1448","4102059149","581020557","2366632361","3309612407"
"06:16:08.743329","1500","47.74.8.123","80","100.64.0.5","59136","1448","4102060597","581020557","2366632421","3309612467"
"06:16:08.774466","1500","47.74.8.123","80","100.64.0.5","59136","1448","4102062045","581020557","2366632421","3309612467"
"06:16:08.804229","1500","47.74.8.123","80","100.64.0.5","59136","1448","4102063493","581020557","2366632483","3309612528"
"06:16:08.834355","1500","47.74.8.123","80","100.64.0.5","59136","1448","4102064941","581020557","2366632483","3309612528"
"06:16:08.865296","1500","47.74.8.123","80","100.64.0.5","59136","1448","4102066389","581020557","2366632542","3309612588"
"06:16:08.895519","1500","47.74.8.123","80","100.64.0.5","59136","1448","4102067837","581020557","2366632542","3309612588"
"06:16:08.925405","1500","47.74.8.123","80","100.64.0.5","59136","1448","4102069285","581020557","2366632603","3309612648"
"06:16:08.956552","1500","47.74.8.123","80","100.64.0.5","59136","1448","4102070733","581020557","2366632603","3309612648"
"06:16:08.986399","1500","47.74.8.123","80","100.64.0.5","59136","1448","4102072181","581020557","2366632663","3309612709"
"06:16:09.016543","1500","47.74.8.123","80","100.64.0.5","59136","1448","4102073629","581020557","2366632663","3309612709"
"06:16:09.046409","1500","47.74.8.123","80","100.64.0.5","59136","1448","4102075077","581020557","2366632724","3309612770"
"06:16:09.077541","1500","47.74.8.123","80","100.64.0.5","59136","1448","4102076525","581020557","2366632724","3309612770"
"06:16:09.107364","1500","47.74.8.123","80","100.64.0.5","59136","1448","4102077973","581020557","2366632785","3309612830"
"06:16:09.137497","1500","47.74.8.123","80","100.64.0.5","59136","1448","4102079421","581020557","2366632785","3309612830"
"06:16:09.168705","1500","47.74.8.123","80","100.64.0.5","59136","1448","4102080869","581020557","2366632845","3309612891"
"06:16:09.198905","1500","47.74.8.123","80","100.64.0.5","59136","1448","4102082317","581020557","2366632845","3309612891"
"06:16:09.228840","1500","47.74.8.123","80","100.64.0.5","59136","1448","4102083765","581020557","2366632906","3309612952"
"06:16:09.259944","1500","47.74.8.123","80","100.64.0.5","59136","1448","4102085213","581020557","2366632906","3309612952"
"06:16:09.289823","1500","47.74.8.123","80","100.64.0.5","59136","1448","4102086661","581020557","2366632966","3309613012"
"06:16:09.319945","1500","47.74.8.123","80","100.64.0.5","59136","1448","4102088109","581020557","2366632966","3309613012"
"06:16:09.350140","1500","47.74.8.123","80","100.64.0.5","59136","1448","4102089557","581020557","2366633028","3309613073"
"06:16:09.380346","1500","47.74.8.123","80","100.64.0.5","59136","1448","4102091005","581020557","2366633028","3309613073"
"06:16:09.410852","1500","47.74.8.123","80","100.64.0.5","59136","1448","4102092453","581020557","2366633088","3309613133"
"06:16:09.440977","1500","47.74.8.123","80","100.64.0.5","59136","1448","4102093901","581020557","2366633088","3309613133"
"06:16:09.471338","1500","47.74.8.123","80","100.64.0.5","59136","1448","4102095349","581020557","2366633149","3309613195"
"06:16:09.501478","1500","47.74.8.123","80","100.64.0.5","59136","1448","4102096797","581020557","2366633149","3309613195"
"06:16:09.531984","1500","47.74.8.123","80","100.64.0.5","59136","1448","4102098245","581020557","2366633209","3309613256"
"06:16:09.562105","1500","47.74.8.123","80","100.64.0.5","59136","1448","4102099693","581020557","2366633209","3309613256"
"06:16:09.592161","1500","47.74.8.123","80","100.64.0.5","59136","1448","4102101141","581020557","2366633269","3309613316"
"06:16:09.622300","1500","47.74.8.123","80","100.64.0.5","59136","1448","4102102589","581020557","2366633269","3309613316"
"06:16:09.652947","1500","47.74.8.123","80","100.64.0.5","59136","1448","4102104037","581020557","2366633330","3309613376"
"06:16:09.684041","1500","47.74.8.123","80","100.64.0.5","59136","1448","4102105485","581020557","2366633330","3309613376"
"06:16:09.713203","1500","47.74.8.123","80","100.64.0.5","59136","1448","4102106933","581020557","2366633391","3309613437"
"06:16:09.743364","1500","47.74.8.123","80","100.64.0.5","59136","1448","4102108381","581020557","2366633391","3309613437"
"06:16:09.774431","1500","47.74.8.123","80","100.64.0.5","59136","1448","4102109829","581020557","2366633451","3309613497"
"06:16:09.804568","1500","47.74.8.123","80","100.64.0.5","59136","1448","4102111277","581020557","2366633451","3309613497"
"06:16:09.834149","1500","47.74.8.123","80","100.64.0.5","59136","1448","4102112725","581020557","2366633512","3309613558"
"06:16:09.865299","1500","47.74.8.123","80","100.64.0.5","59136","1448","4102114173","581020557","2366633512","3309613558"
"06:16:09.895346","1500","47.74.8.123","80","100.64.0.5","59136","1448","4102115621","581020557","2366633572","3309613618"
"06:16:09.925498","1500","47.74.8.123","80","100.64.0.5","59136","1448","4102117069","581020557","2366633572","3309613618"
"06:16:09.956498","1500","47.74.8.123","80","100.64.0.5","59136","1448","4102118517","581020557","2366633633","3309613680"
"06:16:09.986647","1500","47.74.8.123","80","100.64.0.5","59136","1448","4102119965","581020557","2366633633","3309613680"
"06:16:10.016892","1500","47.74.8.123","80","100.64.0.5","59136","1448","4102121413","581020557","2366633694","3309613739"
"06:16:10.047187","1500","47.74.8.123","80","100.64.0.5","59136","1448","4102122861","581020557","2366633694","3309613739"
"06:16:10.078108","1500","47.74.8.123","80","100.64.0.5","59136","1448","4102124309","581020557","2366633754","3309613800"
"06:16:10.107312","1500","47.74.8.123","80","100.64.0.5","59136","1448","4102125757","581020557","2366633754","3309613800"
"06:16:10.138686","1500","47.74.8.123","80","100.64.0.5","59136","1448","4102127205","581020557","2366633815","3309613861"
"06:16:10.168972","1500","47.74.8.123","80","100.64.0.5","59136","1448","4102128653","581020557","2366633815","3309613861"
"06:16:10.198641","1500","47.74.8.123","80","100.64.0.5","59136","1448","4102130101","581020557","2366633876","3309613921"
"06:16:10.228756","1500","47.74.8.123","80","100.64.0.5","59136","1448","4102131549","581020557","2366633876","3309613921"
"06:16:10.259400","1500","47.74.8.123","80","100.64.0.5","59136","1448","4102132997","581020557","2366633937","3309613982"
"06:16:10.289543","1500","47.74.8.123","80","100.64.0.5","59136","1448","4102134445","581020557","2366633937","3309613982"
"06:16:10.319600","1500","47.74.8.123","80","100.64.0.5","59136","1448","4102135893","581020557","2366633997","3309614043"
"06:16:10.349745","1500","47.74.8.123","80","100.64.0.5","59136","1448","4102137341","581020557","2366633997","3309614043"
"06:16:10.380505","1500","47.74.8.123","80","100.64.0.5","59136","1448","4102138789","581020557","2366634058","3309614103"
"06:16:10.410632","1500","47.74.8.123","80","100.64.0.5","59136","1448","4102140237","581020557","2366634058","3309614103"
"06:16:10.440528","1500","47.74.8.123","80","100.64.0.5","59136","1448","4102141685","581020557","2366634119","3309614165"
"06:16:10.471686","1500","47.74.8.123","80","100.64.0.5","59136","1448","4102143133","581020557","2366634119","3309614165"
"06:16:10.501592","1500","47.74.8.123","80","100.64.0.5","59136","1448","4102144581","581020557","2366634179","3309614225"
"06:16:10.531730","1500","47.74.8.123","80","100.64.0.5","59136","1448","4102146029","581020557","2366634179","3309614225"
"06:16:10.562608","1500","47.74.8.123","80","100.64.0.5","59136","1448","4102147477","581020557","2366634240","3309614285"
"06:16:10.592733","1500","47.74.8.123","80","100.64.0.5","59136","1448","4102148925","581020557","2366634240","3309614285"
"06:16:10.622898","1500","47.74.8.123","80","100.64.0.5","59136","1448","4102150373","581020557","2366634301","3309614345"
"06:16:10.653027","1500","47.74.8.123","80","100.64.0.5","59136","1448","4102151821","581020557","2366634301","3309614345"
"06:16:10.683724","1500","47.74.8.123","80","100.64.0.5","59136","1448","4102153269","581020557","2366634360","3309614406"
"06:16:10.713825","1500","47.74.8.123","80","100.64.0.5","59136","1448","4102154717","581020557","2366634360","3309614406"
"06:16:10.743892","1500","47.74.8.123","80","100.64.0.5","59136","1448","4102156165","581020557","2366634423","3309614467"
"06:16:10.775088","1500","47.74.8.123","80","100.64.0.5","59136","1448","4102157613","581020557","2366634423","3309614467"
"06:16:10.804669","1500","47.74.8.123","80","100.64.0.5","59136","1448","4102159061","581020557","2366634482","3309614527"
"06:16:10.834781","1500","47.74.8.123","80","100.64.0.5","59136","1448","4102160509","581020557","2366634482","3309614527"
"06:16:10.865891","1500","47.74.8.123","80","100.64.0.5","59136","1448","4102161957","581020557","2366634544","3309614588"
"06:16:10.896013","1500","47.74.8.123","80","100.64.0.5","59136","1448","4102163405","581020557","2366634544","3309614588"
"06:16:10.925617","1500","47.74.8.123","80","100.64.0.5","59136","1448","4102164853","581020557","2366634603","3309614649"
"06:16:10.956711","1500","47.74.8.123","80","100.64.0.5","59136","1448","4102166301","581020557","2366634603","3309614649"
"06:16:10.986770","1500","47.74.8.123","80","100.64.0.5","59136","1448","4102167749","581020557","2366634664","3309614710"
"06:16:11.016885","1500","47.74.8.123","80","100.64.0.5","59136","1448","4102169197","581020557","2366634664","3309614710"
"06:16:11.046631","1500","47.74.8.123","80","100.64.0.5","59136","1448","4102170645","581020557","2366634724","3309614771"
"06:16:11.077733","1500","47.74.8.123","80","100.64.0.5","59136","1448","4102172093","581020557","2366634724","3309614771"
"06:16:11.107679","1500","47.74.8.123","80","100.64.0.5","59136","1448","4102173541","581020557","2366634786","3309614831"
"06:16:11.137807","1500","47.74.8.123","80","100.64.0.5","59136","1448","4102174989","581020557","2366634786","3309614831"
"06:16:11.168506","1500","47.74.8.123","80","100.64.0.5","59136","1448","4102176437","581020557","2366634846","3309614892"
"06:16:11.198627","1500","47.74.8.123","80","100.64.0.5","59136","1448","4102177885","581020557","2366634846","3309614892"
"06:16:11.228494","1500","47.74.8.123","80","100.64.0.5","59136","1448","4102179333","581020557","2366634906","3309614952"
"06:16:11.259598","1500","47.74.8.123","80","100.64.0.5","59136","1448","4102180781","581020557","2366634906","3309614952"
"06:16:11.289676","1500","47.74.8.123","80","100.64.0.5","59136","1448","4102182229","581020557","2366634968","3309615013"
"06:16:11.319817","1500","47.74.8.123","80","100.64.0.5","59136","1448","4102183677","581020557","2366634968","3309615013"
"06:16:11.349472","1500","47.74.8.123","80","100.64.0.5","59136","1448","4102185125","581020557","2366635027","3309615073"
"06:16:11.380566","1500","47.74.8.123","80","100.64.0.5","59136","1448","4102186573","581020557","2366635027","3309615073"
"06:16:11.410809","1500","47.74.8.123","80","100.64.0.5","59136","1448","4102188021","581020557","2366635089","3309615134"
"06:16:11.441010","1500","47.74.8.123","80","100.64.0.5","59136","1448","4102189469","581020557","2366635089","3309615134"
"06:16:11.471432","1500","47.74.8.123","80","100.64.0.5","59136","1448","4102190917","581020557","2366635148","3309615194"
"06:16:11.501532","1500","47.74.8.123","80","100.64.0.5","59136","1448","4102192365","581020557","2366635148","3309615194"
"06:16:11.531896","1500","47.74.8.123","80","100.64.0.5","59136","1448","4102193813","581020557","2366635209","3309615255"
"06:16:11.562992","1500","47.74.8.123","80","100.64.0.5","59136","1448","4102195261","581020557","2366635209","3309615255"
"06:16:11.592724","1500","47.74.8.123","80","100.64.0.5","59136","1448","4102196709","581020557","2366635271","3309615316"
"06:16:11.622823","1500","47.74.8.123","80","100.64.0.5","59136","1448","4102198157","581020557","2366635271","3309615316"
"06:16:11.652294","1500","47.74.8.123","80","100.64.0.5","59136","1448","4102199605","581020557","2366635330","3309615376"
"06:16:11.683435","1500","47.74.8.123","80","100.64.0.5","59136","1448","4102201053","581020557","2366635330","3309615376"
"06:16:11.713897","1500","47.74.8.123","80","100.64.0.5","59136","1448","4102202501","581020557","2366635392","3309615437"
"06:16:11.744007","1500","47.74.8.123","80","100.64.0.5","59136","1448","4102203949","581020557","2366635392","3309615437"
"06:16:11.774183","1500","47.74.8.123","80","100.64.0.5","59136","1448","4102205397","581020557","2366635451","3309615497"
"06:16:11.804355","1500","47.74.8.123","80","100.64.0.5","59136","1448","4102206845","581020557","2366635451","3309615497"
"06:16:11.834801","1500","47.74.8.123","80","100.64.0.5","59136","1448","4102208293","581020557","2366635512","3309615559"
"06:16:11.865903","1500","47.74.8.123","80","100.64.0.5","59136","1448","4102209741","581020557","2366635512","3309615559"
"06:16:11.895199","1500","47.74.8.123","80","100.64.0.5","59136","1448","4102211189","581020557","2366635573","3309615619"
"06:16:11.925310","1500","47.74.8.123","80","100.64.0.5","59136","1448","4102212637","581020557","2366635573","3309615619"
"06:16:11.956636","1500","47.74.8.123","80","100.64.0.5","59136","1448","4102214085","581020557","2366635633","3309615679"
"06:16:11.986744","1500","47.74.8.123","80","100.64.0.5","59136","1448","4102215533","581020557","2366635633","3309615679"
"06:16:12.016781","1500","47.74.8.123","80","100.64.0.5","59136","1448","4102216981","581020557","2366635694","3309615740"
"06:16:12.046912","1500","47.74.8.123","80","100.64.0.5","59136","1448","4102218429","581020557","2366635694","3309615740"
"06:16:12.078019","1500","47.74.8.123","80","100.64.0.5","59136","1448","4102219877","581020557","2366635754","3309615800"
"06:16:12.107147","1500","47.74.8.123","80","100.64.0.5","59136","1448","4102221325","581020557","2366635754","3309615800"
"06:16:12.107193","702","47.74.8.123","80","100.64.0.5","59136","650","4102222773","581020557","2366635816","3309615862"
"06:16:12.319608","52","47.74.8.123","80","100.64.0.5","59136","0","4102223423","581020703","2366636057","3309616104"
"06:16:12.349720","1500","47.74.8.123","80","100.64.0.5","59136","1448","4102223423","581020703","2366636057","3309616104"
"06:16:12.380872","1500","47.74.8.123","80","100.64.0.5","59136","1448","4102224871","581020703","2366636057","3309616104"
"06:16:12.411027","1500","47.74.8.123","80","100.64.0.5","59136","1448","4102226319","581020703","2366636057","3309616104"
"06:16:12.440254","1500","47.74.8.123","80","100.64.0.5","59136","1448","4102227767","581020703","2366636057","3309616104"
"06:16:12.471449","1500","47.74.8.123","80","100.64.0.5","59136","1448","4102229215","581020703","2366636057","3309616104"
"06:16:12.501664","1500","47.74.8.123","80","100.64.0.5","59136","1448","4102230663","581020703","2366636057","3309616104"
"06:16:12.592346","1500","47.74.8.123","80","100.64.0.5","59136","1448","4102237903","581020703","2366636331","3309616377"
"06:16:12.622481","1500","47.74.8.123","80","100.64.0.5","59136","1448","4102239351","581020703","2366636331","3309616377"
"06:16:12.652562","1500","47.74.8.123","80","100.64.0.5","59136","1448","4102240799","581020703","2366636391","3309616436"
"06:16:12.683731","1500","47.74.8.123","80","100.64.0.5","59136","1448","4102242247","581020703","2366636391","3309616436"
"06:16:12.713812","1500","47.74.8.123","80","100.64.0.5","59136","1448","4102243695","581020703","2366636452","3309616497"
"06:16:12.743933","1500","47.74.8.123","80","100.64.0.5","59136","1448","4102245143","581020703","2366636452","3309616497"
"06:16:12.804719","1500","47.74.8.123","80","100.64.0.5","59136","1448","4102246591","581020703","2366636542","3309616588"
"06:16:12.834922","1500","47.74.8.123","80","100.64.0.5","59136","1448","4102248039","581020703","2366636572","3309616618"
"06:16:12.865914","1500","47.74.8.123","80","100.64.0.5","59136","1448","4102232111","581020703","2366636603","3309616648"
"06:16:12.925958","1500","47.74.8.123","80","100.64.0.5","59136","1448","4102249487","581020703","2366636663","3309616710"
"06:16:13.017097","1500","47.74.8.123","80","100.64.0.5","59136","1448","4102250935","581020703","2366636754","3309616800"
"06:16:13.078043","1500","47.74.8.123","80","100.64.0.5","59136","1448","4102233559","581020703","2366636815","3309616862"
"06:16:13.137214","1500","47.74.8.123","80","100.64.0.5","59136","1448","4102252383","581020703","2366636876","3309616922"
"06:16:13.229099","1500","47.74.8.123","80","100.64.0.5","59136","1448","4102253831","581020703","2366636966","3309617013"
"06:16:13.289160","1500","47.74.8.123","80","100.64.0.5","59136","1448","4102235007","581020703","2366637027","3309617074"
"06:16:13.319375","1500","47.74.8.123","80","100.64.0.5","59136","1448","4102255279","581020703","2366637027","3309617074"
"06:16:13.349292","1500","47.74.8.123","80","100.64.0.5","59136","1448","4102256727","581020703","2366637088","3309617133"
"06:16:13.441081","1500","47.74.8.123","80","100.64.0.5","59136","1448","4102258175","581020703","2366637179","3309617225"
"06:16:13.501221","1500","47.74.8.123","80","100.64.0.5","59136","1448","4102236455","581020703","2366637239","3309617285"
"06:16:13.531422","1500","47.74.8.123","80","100.64.0.5","59136","1448","4102259623","581020703","2366637239","3309617285"
"06:16:13.562514","1500","47.74.8.123","80","100.64.0.5","59136","1448","4102261071","581020703","2366637269","3309617315"
"06:16:13.592690","1500","47.74.8.123","80","100.64.0.5","59136","1448","4102262519","581020703","2366637300","3309617345"
"06:16:13.652671","1500","47.74.8.123","80","100.64.0.5","59136","1448","4102263967","581020703","2366637391","3309617437"
"06:16:13.713529","1500","47.74.8.123","80","100.64.0.5","59136","1448","4102265415","581020703","2366637451","3309617497"
"06:16:13.774681","1500","47.74.8.123","80","100.64.0.5","59136","1448","4102266863","581020703","2366637512","3309617558"
"06:16:13.804875","1500","47.74.8.123","80","100.64.0.5","59136","1448","4102268311","581020703","2366637512","3309617558"
"06:16:13.865596","1500","47.74.8.123","80","100.64.0.5","59136","1448","4102269759","581020703","2366637604","3309617648"
"06:16:13.895696","1500","47.74.8.123","80","100.64.0.5","59136","1448","4102271207","581020703","2366637604","3309617648"
"06:16:13.986649","1500","47.74.8.123","80","100.64.0.5","59136","1448","4102272655","581020703","2366637725","3309617770"
"06:16:14.016926","1500","47.74.8.123","80","100.64.0.5","59136","1448","4102274103","581020703","2366637725","3309617770"
"06:16:14.047093","1500","47.74.8.123","80","100.64.0.5","59136","1448","4102275551","581020703","2366637755","3309617801"
"06:16:14.077289","1500","47.74.8.123","80","100.64.0.5","59136","1448","4102276999","581020703","2366637755","3309617801"
"06:16:14.108009","1500","47.74.8.123","80","100.64.0.5","59136","1448","4102278447","581020703","2366637846","3309617891"
"06:16:14.137912","1500","47.74.8.123","80","100.64.0.5","59136","1448","4102279895","581020703","2366637846","3309617891"
"06:16:14.228548","1500","47.74.8.123","80","100.64.0.5","59136","1448","4102281343","581020703","2366637967","3309618013"
"06:16:14.259656","1500","47.74.8.123","80","100.64.0.5","59136","1448","4102282791","581020703","2366637967","3309618013"
"06:16:14.289740","1500","47.74.8.123","80","100.64.0.5","59136","1448","4102284239","581020703","2366638027","3309618073"
"06:16:14.319892","1500","47.74.8.123","80","100.64.0.5","59136","1448","4102285687","581020703","2366638027","3309618073"
"06:16:14.349910","1500","47.74.8.123","80","100.64.0.5","59136","1448","4102287135","581020703","2366638089","3309618134"
"06:16:14.381013","1500","47.74.8.123","80","100.64.0.5","59136","1448","4102288583","581020703","2366638089","3309618134"
"06:16:14.410149","1500","47.74.8.123","80","100.64.0.5","59136","1448","4102290031","581020703","2366638089","3309618134"
"06:16:14.471812","1500","47.74.8.123","80","100.64.0.5","59136","1448","4102291479","581020703","2366638209","3309618255"
"06:16:14.501962","1500","47.74.8.123","80","100.64.0.5","59136","1448","4102292927","581020703","2366638209","3309618255"
"06:16:14.531606","1500","47.74.8.123","80","100.64.0.5","59136","1448","4102294375","581020703","2366638270","3309618316"
"06:16:14.562706","1500","47.74.8.123","80","100.64.0.5","59136","1448","4102295823","581020703","2366638270","3309618316"
"06:16:14.592870","1500","47.74.8.123","80","100.64.0.5","59136","1448","4102297271","581020703","2366638331","3309618377"
"06:16:14.623019","1500","47.74.8.123","80","100.64.0.5","59136","1448","4102298719","581020703","2366638331","3309618377"
"06:16:14.652483","1500","47.74.8.123","80","100.64.0.5","59136","1448","4102300167","581020703","2366638391","3309618463"
"06:16:14.683583","1500","47.74.8.123","80","100.64.0.5","59136","1448","4102301615","581020703","2366638391","3309618463"
"06:16:14.713822","1500","47.74.8.123","80","100.64.0.5","59136","1448","4102303063","581020703","2366638452","3309618498"
"06:16:14.743920","1500","47.74.8.123","80","100.64.0.5","59136","1448","4102304511","581020703","2366638452","3309618498"
"06:16:14.774319","1500","47.74.8.123","80","100.64.0.5","59136","1448","4102305959","581020703","2366638512","3309618558"
"06:16:14.804421","1500","47.74.8.123","80","100.64.0.5","59136","1448","4102307407","581020703","2366638512","3309618558"
"06:16:14.834787","1500","47.74.8.123","80","100.64.0.5","59136","1448","4102308855","581020703","2366638572","3309618619"
"06:16:14.866139","1500","47.74.8.123","80","100.64.0.5","59136","1448","4102310303","581020703","2366638572","3309618619"
"06:16:14.895169","1500","47.74.8.123","80","100.64.0.5","59136","1448","4102311751","581020703","2366638633","3309618679"
"06:16:14.925305","1500","47.74.8.123","80","100.64.0.5","59136","1448","4102313199","581020703","2366638633","3309618679"
"06:16:14.956653","1500","47.74.8.123","80","100.64.0.5","59136","1448","4102314647","581020703","2366638694","3309618740"
"06:16:14.986906","1500","47.74.8.123","80","100.64.0.5","59136","1448","4102316095","581020703","2366638694","3309618740"
"06:16:15.016302","1500","47.74.8.123","80","100.64.0.5","59136","1448","4102317543","581020703","2366638694","3309618740"
"06:16:15.046420","1500","47.74.8.123","80","100.64.0.5","59136","1448","4102318991","581020703","2366638694","3309618740"
"06:16:15.077921","1500","47.74.8.123","80","100.64.0.5","59136","1448","4102320439","581020703","2366638754","3309618800"
"06:16:15.108167","1500","47.74.8.123","80","100.64.0.5","59136","1448","4102321887","581020703","2366638754","3309618800"
"06:16:15.137189","1500","47.74.8.123","80","100.64.0.5","59136","1448","4102323335","581020703","2366638815","3309618862"
"06:16:15.168356","1500","47.74.8.123","80","100.64.0.5","59136","1448","4102324783","581020703","2366638815","3309618862"
"06:16:15.198477","1500","47.74.8.123","80","100.64.0.5","59136","1448","4102326231","581020703","2366638876","3309618921"
"06:16:15.228600","1500","47.74.8.123","80","100.64.0.5","59136","1448","4102327679","581020703","2366638876","3309618921"
"06:16:15.259629","1500","47.74.8.123","80","100.64.0.5","59136","1448","4102329127","581020703","2366638936","3309618983"
"06:16:15.290058","1500","47.74.8.123","80","100.64.0.5","59136","1448","4102330575","581020703","2366638936","3309618983"
"06:16:15.319388","1500","47.74.8.123","80","100.64.0.5","59136","1448","4102332023","581020703","2366638997","3309619042"
"06:16:15.349878","1500","47.74.8.123","80","100.64.0.5","59136","1448","4102333471","581020703","2366638997","3309619042"
"06:16:15.380205","1500","47.74.8.123","80","100.64.0.5","59136","1448","4102334919","581020703","2366639057","3309619104"
"06:16:15.410368","1500","47.74.8.123","80","100.64.0.5","59136","1448","4102336367","581020703","2366639057","3309619104"
"06:16:15.440197","1500","47.74.8.123","80","100.64.0.5","59136","1448","4102337815","581020703","2366639119","3309619164"
"06:16:15.471351","1500","47.74.8.123","80","100.64.0.5","59136","1448","4102339263","581020703","2366639119","3309619164"
"06:16:15.501143","1500","47.74.8.123","80","100.64.0.5","59136","1448","4102340711","581020703","2366639180","3309619224"
"06:16:15.531302","1500","47.74.8.123","80","100.64.0.5","59136","1448","4102342159","581020703","2366639180","3309619224"
"06:16:15.562832","1500","47.74.8.123","80","100.64.0.5","59136","1448","4102343607","581020703","2366639239","3309619286"
"06:16:15.592949","1500","47.74.8.123","80","100.64.0.5","59136","1448","4102345055","581020703","2366639239","3309619286"
"06:16:15.622483","1500","47.74.8.123","80","100.64.0.5","59136","1448","4102346503","581020703","2366639300","3309619346"
"06:16:15.652608","1500","47.74.8.123","80","100.64.0.5","59136","1448","4102347951","581020703","2366639300","3309619346"
"06:16:15.683923","1500","47.74.8.123","80","100.64.0.5","59136","1448","4102349399","581020703","2366639360","3309619406"
"06:16:15.714026","1500","47.74.8.123","80","100.64.0.5","59136","1448","4102350847","581020703","2366639360","3309619406"
"06:16:15.743562","1500","47.74.8.123","80","100.64.0.5","59136","1448","4102352295","581020703","2366639421","3309619467"
"06:16:15.774675","1500","47.74.8.123","80","100.64.0.5","59136","1448","4102353743","581020703","2366639421","3309619467"
"06:16:15.805019","1500","47.74.8.123","80","100.64.0.5","59136","1448","4102355191","581020703","2366639421","3309619467"
"06:16:15.834357","1500","47.74.8.123","80","100.64.0.5","59136","1448","4102356639","581020703","2366639482","3309619527"
"06:16:15.865699","1500","47.74.8.123","80","100.64.0.5","59136","1448","4102358087","581020703","2366639482","3309619527"
"06:16:15.895835","1500","47.74.8.123","80","100.64.0.5","59136","1448","4102359535","581020703","2366639542","3309619589"
"06:16:15.926011","1500","47.74.8.123","80","100.64.0.5","59136","1448","4102360983","581020703","2366639542","3309619589"
"06:16:15.956182","1500","47.74.8.123","80","100.64.0.5","59136","1448","4102362431","581020703","2366639603","3309619648"
"06:16:15.986557","1500","47.74.8.123","80","100.64.0.5","59136","1448","4102363879","581020703","2366639603","3309619648"
"06:16:16.016720","1500","47.74.8.123","80","100.64.0.5","59136","1448","4102365327","581020703","2366639664","3309619710"
"06:16:16.046324","1500","47.74.8.123","80","100.64.0.5","59136","1448","4102366775","581020703","2366639664","3309619710"
"06:16:16.077439","1500","47.74.8.123","80","100.64.0.5","59136","1448","4102368223","581020703","2366639725","3309619770"
"06:16:16.107606","1500","47.74.8.123","80","100.64.0.5","59136","1448","4102369671","581020703","2366639725","3309619770"
"06:16:16.137257","1500","47.74.8.123","80","100.64.0.5","59136","1448","4102371119","581020703","2366639786","3309619830"
"06:16:16.168426","1500","47.74.8.123","80","100.64.0.5","59136","1448","4102372567","581020703","2366639786","3309619830"
"06:16:16.198461","1500","47.74.8.123","80","100.64.0.5","59136","1448","4102374015","581020703","2366639815","3309619862"
"06:16:16.228626","1500","47.74.8.123","80","100.64.0.5","59136","1448","4102375463","581020703","2366639876","3309619922"
"06:16:16.259227","1500","47.74.8.123","80","100.64.0.5","59136","1448","4102376911","581020703","2366639876","3309619922"
"06:16:16.289374","1500","47.74.8.123","80","100.64.0.5","59136","1448","4102378359","581020703","2366639936","3309619982"
"06:16:16.320032","1500","47.74.8.123","80","100.64.0.5","59136","1448","4102379807","581020703","2366639936","3309619982"
"06:16:16.349168","1500","47.74.8.123","80","100.64.0.5","59136","1448","4102381255","581020703","2366639997","3309620042"
"06:16:16.380197","1500","47.74.8.123","80","100.64.0.5","59136","1448","4102382703","581020703","2366639997","3309620042"
"06:16:16.410362","1500","47.74.8.123","80","100.64.0.5","59136","1448","4102384151","581020703","2366640057","3309620103"
"06:16:16.440873","1500","47.74.8.123","80","100.64.0.5","59136","1448","4102385599","581020703","2366640057","3309620103"
"06:16:16.471114","1500","47.74.8.123","80","100.64.0.5","59136","1448","4102387047","581020703","2366640118","3309620164"
"06:16:16.501253","1500","47.74.8.123","80","100.64.0.5","59136","1448","4102388495","581020703","2366640118","3309620164"
"06:16:16.531564","1500","47.74.8.123","80","100.64.0.5","59136","1448","4102389943","581020703","2366640179","3309620224"
"06:16:16.562709","1500","47.74.8.123","80","100.64.0.5","59136","1448","4102391391","581020703","2366640179","3309620224"
"06:16:16.592675","1500","47.74.8.123","80","100.64.0.5","59136","1448","4102392839","581020703","2366640209","3309620255"
"06:16:16.622821","1500","47.74.8.123","80","100.64.0.5","59136","1448","4102394287","581020703","2366640269","3309620316"
"06:16:16.652829","1500","47.74.8.123","80","100.64.0.5","59136","1448","4102395735","581020703","2366640269","3309620316"
"06:16:16.683976","1500","47.74.8.123","80","100.64.0.5","59136","1448","4102397183","581020703","2366640330","3309620376"
"06:16:16.713249","1500","47.74.8.123","80","100.64.0.5","59136","1448","4102398631","581020703","2366640330","3309620376"
"06:16:16.743501","1500","47.74.8.123","80","100.64.0.5","59136","1448","4102400079","581020703","2366640392","3309620437"
"06:16:16.774235","1500","47.74.8.123","80","100.64.0.5","59136","1448","4102401527","581020703","2366640392","3309620437"
"06:16:16.804371","1500","47.74.8.123","80","100.64.0.5","59136","1448","4102402975","581020703","2366640452","3309620497"
"06:16:16.834369","1500","47.74.8.123","80","100.64.0.5","59136","1448","4102404423","581020703","2366640452","3309620497"
"06:16:16.865602","1500","47.74.8.123","80","100.64.0.5","59136","1448","4102405871","581020703","2366640512","3309620558"
"06:16:16.895713","1500","47.74.8.123","80","100.64.0.5","59136","1448","4102407319","581020703","2366640573","3309620619"
"06:16:16.925857","1500","47.74.8.123","80","100.64.0.5","59136","1448","4102408767","581020703","2366640573","3309620619"
"06:16:16.986410","1500","47.74.8.123","80","100.64.0.5","59136","1448","4102410215","581020703","2366640603","3309620649"
"06:16:17.017032","1500","47.74.8.123","80","100.64.0.5","59136","1448","4102411663","581020704","2366640633","3309620690"
